<?xml version="1.0" encoding="utf-8"?>
<!DOCTYPE datafile PUBLIC "-//Logiqx//DTD ROM Management Datafile//EN" "http://www.logiqx.com/Dats/datafile.dtd">
<datafile>
	<header>
		<name>HBMAME - Update ROMs (v0.245.21 to v0.245.22)</name>
		<description>HBMAME - Update ROMs (v0.245.21 to v0.245.22)</description>
		<version></version>
		<author></author>
	</header>
	<machine name="cbarrel">
		<description>Captain Barrel</description>
		<year>2024</year>
		<manufacturer>Neo Byte Force</manufacturer>
		<rom name="343.c1" size="2097152" crc="bce671cd" sha1="755e4091871d6db28fc3cbb43f7662b48dd2bb57" />
		<rom name="343.c2" size="2097152" crc="843e16ac" sha1="4288905ef92f813b540e38702477c76dc5146312" />
		<rom name="343.m1" size="65536" crc="ed6260d2" sha1="4aea38615117ea96b5e744ce49dd0578ca39a501" />
		<rom name="343.p1" size="1048576" crc="6da1737d" sha1="49c8dafb1448bcbf706fcb5b3e713119d421d964" />
		<rom name="343.p2" size="1048576" crc="f6f90237" sha1="c92b2ab39a2d01cd7c83ececa72dda0a50f429d0" />
		<rom name="343.s1" size="131072" crc="9785df9c" sha1="e07bfa3f729a0b9ce8daff3c6bc0367fd7ce1a2c" />
		<rom name="343.v1" size="8388608" crc="8cfcceb7" sha1="6657b89d0b0cf6b27ec6cd051eb73d83efa025a2" />
		<rom name="343.v2" size="8388608" crc="d1080962" sha1="e017e5211c2701ee454ea28bba87b05ccc385c11" />
	</machine>
	<machine name="doubled1">
		<description>Double Dragon One demo (2025-01-03)</description>
		<year>2025</year>
		<manufacturer>neocvera</manufacturer>
		<rom name="505.m1" size="65536" crc="d20925ae" sha1="c0deac17eb9ef93896e93e7b2cbacb5214f0da1b" />
		<rom name="505.v1" size="8388608" crc="197b6305" sha1="8ab6c573c5116fd7dedf9157c308dac4d45b2599" />
		<rom name="505a.c1" size="16777216" crc="905b6f78" sha1="48caa05ee9aafc2c93c96c628e84f1feeaa52c98" />
		<rom name="505a.c2" size="16777216" crc="c677a62f" sha1="298d98391ffe5b66e95a6ee5c7e54731b10d6827" />
		<rom name="505a.p1" size="1048576" crc="518ac649" sha1="e0052477cec58eef6506ea7c2d1ec5000a39ffdd" />
		<rom name="505a.p2" size="4194304" crc="87cf345c" sha1="6c6997fc092fe8f8a45690344318be59955daa89" />
		<rom name="505a.s1" size="131072" crc="9886a683" sha1="f079a61942321a0abdf6acd451e9ac7d84cb252b" />
	</machine>
	<machine name="doubled">
		<description>Double Dragon One demo (2025-01-23)</description>
		<year>2025</year>
		<manufacturer>neocvera</manufacturer>
		<rom name="505.c1" size="16777216" crc="db1d77da" sha1="98586100414d75dd794b62d4fedcdb626cf12612" />
		<rom name="505.c2" size="16777216" crc="340f0428" sha1="e35c8dbd3cbdc39d63630e7bffcf14ca5238a265" />
		<rom name="505.p1" size="1048576" crc="1203e56d" sha1="c0ff7e5f14d172934ef0f64441d9776fe93b2b35" />
		<rom name="505.p2" size="4194304" crc="614c501e" sha1="665abb8f977a43aacd3cecdc8afcdab88d7bb9fb" />
		<rom name="505.s1" size="131072" crc="2882cffd" sha1="8d0c3dd888e82a1afdfae8a676d181283b4406d7" />
	</machine>
	<machine name="galaxiann2">
		<description>Galaxians (beta 2, 2023-06-23)</description>
		<year>2023</year>
		<manufacturer>tcdev</manufacturer>
		<rom name="422a.c1" size="1048576" crc="f2f2187a" sha1="09c3f7c54bb9ef17ffb9d19c1638d8d63622e477" />
		<rom name="422a.c2" size="1048576" crc="70c8f4d2" sha1="e77c8eca95d390f2866f24fbe411bbdca3458902" />
		<rom name="422a.p1" size="1048576" crc="68f8097c" sha1="7648cf481634743bd97f5e983790ceb68c45c96b" />
	</machine>
	<machine name="pakupaku2">
		<description>Paku Paku (v0.02)</description>
		<year>2025</year>
		<manufacturer>Sokurah</manufacturer>
		<rom name="pakupaku.5f" size="4096" crc="ab0c1c47" sha1="2295b3dc43c3bb595e5f15685816999eba88c62e" />
		<rom name="pakupaku.6e" size="4096" crc="1be28321" sha1="7a3f7999c6abdf5f4cf08adde06d09e258a6e273" />
	</machine>
	<machine name="pakupaku">
		<description>Paku Paku (v0.01)</description>
		<year>2025</year>
		<manufacturer>Sokurah</manufacturer>
		<rom name="pakupaku.6e" size="4096" crc="8b2e4f37" sha1="40e72154a7621ee0f2fe7870e97cdca3c959f866" />
	</machine>
	<machine name="sf2ce67">
		<description>Street Fighter II': Champion Edition (L735 [CL1785])</description>
		<year>1992</year>
		<manufacturer>bootleg</manufacturer>
		<rom name="c19s67.c03" size="524288" crc="a480eeb7" sha1="084f9bc6a9f8b583b74d2092d9dd02aeae52a7ee" />
	</machine>
	<machine name="sgz">
		<description>Shadow Gangs demo</description>
		<year>2025</year>
		<manufacturer>Shadow Gangs</manufacturer>
		<rom name="539.c1" size="2097152" crc="7679fe24" sha1="7ad065393103869c80caaac8b90ac324ef165128" />
		<rom name="539.c2" size="2097152" crc="5374cdad" sha1="177f5a2b1e9c37b5997e7cd5175e80373a6ccdc9" />
		<rom name="539.m1" size="131072" crc="11c56b34" sha1="5c5efc07c0dea8d2d36ba449e00839379b69d889" />
		<rom name="539.p1" size="1048576" crc="825d0989" sha1="0b58b061af47df7bfe402fd8207aa7d9f76aecda" />
		<rom name="539.p2" size="1048576" crc="3d1f0314" sha1="f3699d294145910fa75a2deee822f9ecd9a53150" />
		<rom name="539.s1" size="131072" crc="2e4238d1" sha1="f556cd9afcf53c3a1128cdaa639d49fb3abfa3ed" />
		<rom name="539.v1" size="2097152" crc="8928bcf2" sha1="aa139c5bfa79f12188794c373fdc91d6cae972de" />
	</machine>
	<machine name="shinobin1">
		<description>Shinobi v1.1 (Neo-Geo port)</description>
		<year>2025</year>
		<manufacturer>Hoffman</manufacturer>
		<rom name="504.c1" size="524288" crc="74227c08" sha1="a3835be816ba6afb5533c6f68500d87996f49b28" />
		<rom name="504.c2" size="524288" crc="df4104e6" sha1="5aa9f75305107648f3065db7a4a1b570cf3d62ef" />
		<rom name="504.m1" size="65536" crc="6b52f62d" sha1="9ee0ad09ceede00a0bc068065978aceebb4a28ea" />
		<rom name="504.s1" size="131072" crc="6b8c8124" sha1="c2fbc49234360925379024ee5c5edf7000d08127" />
		<rom name="504.v1" size="4194304" crc="67480d87" sha1="4d2876922ae0fd70bd62a59fd357742bce59ce6a" />
		<rom name="504.v2" size="4194304" crc="b335aa46" sha1="3aba53c22fb1ed0c3524d6fa7ab945946e1764eb" />
		<rom name="504a.p1" size="524288" crc="05fd9434" sha1="6169b376c5258723a52c08a35d2990dd1c2eb6aa" />
	</machine>
	<machine name="shinobin">
		<description>Shinobi v1.0 (Neo-Geo port)</description>
		<year>2025</year>
		<manufacturer>Hoffman</manufacturer>
		<rom name="504.p1" size="524288" crc="3bf8e303" sha1="84ed6ef7a2cddbc49341c3f7545b63b7d7ee67a0" />
	</machine>
	<machine name="shinobint">
		<description>Shinobi Test (Neo-Geo port)</description>
		<year>2025</year>
		<manufacturer>Hoffman</manufacturer>
		<rom name="504t.p1" size="524288" crc="6ea08aef" sha1="f1a9bbceb1caa56fe10ac046df07b7bf02b70900" />
	</machine>
</datafile>