<?xml version="1.0" encoding="utf-8"?>
<!DOCTYPE datafile PUBLIC "-//Logiqx//DTD ROM Management Datafile//EN" "http://www.logiqx.com/Dats/datafile.dtd">
<datafile>
	<header>
		<name>a5200</name>
		<description>Atari 5200 cartridges</description>
		<version>0.274</version>
		<author>Pleasuredome</author>
	</header>
	<machine name="5200menu">
		<description>5200 Menu (prototype)</description>
		<year>1983</year>
		<publisher>Atari</publisher>
		<rom name="5200menu.bin" size="8192" crc="0de2db48" sha1="e64fb1a353c72b87c5483bb88cb3523ea5d37b59" />
	</machine>
	<machine name="5200temp">
		<description>5200 Tempest</description>
		<year>2012</year>
		<publisher>AtariAge</publisher>
		<rom name="tempest (atariage).bin" size="32768" crc="a6400e17" sha1="0cb2bd6ed89ce6710ac092533a24f1248688c88c" />
	</machine>
	<machine name="achase">
		<description>Astro Chase</description>
		<year>1984</year>
		<publisher>Parker Brothers</publisher>
		<rom name="astrchse.bin" size="16384" crc="4019ecec" sha1="67e405c37e55dec4071018e8166ab4faf9f21df5" />
	</machine>
	<machine name="aep">
		<description>A.E. (prototype)</description>
		<year>1982</year>
		<publisher>Brøderbund Software Inc</publisher>
		<rom name="aep.bin" size="16384" crc="35484751" sha1="e18a603b18b85e24f9c938b33b6077a767c1fa9c" />
	</machine>
	<machine name="asteroid">
		<description>Asteroids (prototype)</description>
		<year>1982</year>
		<publisher>Atari</publisher>
		<rom name="asteroid.bin" size="8192" crc="38480891" sha1="18697dd8e640fa1578b3b4ae09af484c14fb8410" />
	</machine>
	<machine name="astrgrvr">
		<description>Astro Grover (prototype)</description>
		<year>1983</year>
		<publisher>Children's Computer Workshop</publisher>
		<rom name="astrogrover.bin" size="32768" crc="18417ada" sha1="f3bad1c66743c8051d7c9c36eb367bdf908bc6fb" />
	</machine>
	<machine name="ballblaz">
		<description>Ballblazer</description>
		<year>1985</year>
		<publisher>Atari / Lucasfilm</publisher>
		<rom name="ballblze.bin" size="32768" crc="94d97d14" sha1="ed92ffd21abd50339f5be0cbff9bdcc8fafbc67f" />
	</machine>
	<machine name="bbsb">
		<description>Bounty Bob Strikes Back!</description>
		<year>1984</year>
		<publisher>Big Five Software</publisher>
		<rom name="bbstrksb.bin" size="40960" crc="7873c6dd" sha1="cfdd2f8dabb03d8784f336bb0c804270dc3a8a6c" />
	</machine>
	<machine name="beamridr">
		<description>Beamrider</description>
		<year>1983</year>
		<publisher>Activision</publisher>
		<rom name="beamrid.bin" size="16384" crc="9bae58dc" sha1="b75d555d059ad61992f9f5a234129ecbf9504c35" />
	</machine>
	<machine name="berzerk">
		<description>Berzerk</description>
		<year>1983</year>
		<publisher>Atari</publisher>
		<rom name="berzerk.bin" size="16384" crc="be3cd348" sha1="e56ccc6bf427a832ce00540b02d065a2688260dc" />
	</machine>
	<machine name="blaster">
		<description>Blaster (prototype)</description>
		<year>1984</year>
		<publisher>Atari</publisher>
		<rom name="blaster.bin" size="16384" crc="c8f9c094" sha1="ab3130256d16af09cac8b11749dfaff6aaaa3ea3" />
	</machine>
	<machine name="blckbelt">
		<description>Black Belt (prototype)</description>
		<year>1983</year>
		<publisher>Atari</publisher>
		<rom name="blckbelt.bin" size="32768" crc="ed47b0d8" sha1="9b7ecd444b6239442ef1f54cd8e14c294c064da2" />
	</machine>
	<machine name="blueprnt">
		<description>Blue-Print</description>
		<year>1982</year>
		<publisher>CBS Electronics / Bally Midway MFG. Co.</publisher>
		<rom name="blueprnt.bin" size="16384" crc="0624e6e7" sha1="1e1a20c104bf4d55eca0ca1e72dc5dc64fa6b1b5" />
	</machine>
	<machine name="boogie">
		<description>Boogie (Demo)</description>
		<year>1982</year>
		<publisher>Atari</publisher>
		<rom name="boogie.bin" size="4096" crc="3bd5fdd6" sha1="5236bc13e4b06d2e16d70b0a0c98588e1726da0c" />
	</machine>
	<machine name="bosco">
		<description>Bosconian 5200 - Star Destroyer (Ultimate Version)</description>
		<year>2019</year>
		<publisher>&lt;homebrew&gt;</publisher>
		<rom name="bosconian.bin" size="524288" crc="cedcd5d9" sha1="8a92963b3b0b45393bdc31d86120044282534c4b" />
	</machine>
	<machine name="buckrog">
		<description>Buck Rogers - Planet of Zoom</description>
		<year>1983</year>
		<publisher>Sega</publisher>
		<rom name="buckrog.bin" size="16384" crc="04807705" sha1="bc7c81f758dd3e224e42ac8a16c1a12d69aed722" />
	</machine>
	<machine name="bzone">
		<description>Battlezone (prototype)</description>
		<year>1983</year>
		<publisher>Atari</publisher>
		<rom name="bzone.bin" size="16384" crc="b3b8e314" sha1="a339cddfc28477c21c58783d2d3b0cf0f4626ddf" />
	</machine>
	<machine name="bzonea">
		<description>Battlezone (prototype, alt)</description>
		<year>1983</year>
		<publisher>Atari</publisher>
		<rom name="battle zone hi.d" size="8192" crc="465a7b80" sha1="78d653e521a2b0fe4d05cdbfe187beb11f4df19c" />
		<rom name="battle zone lo.a" size="8192" crc="45247338" sha1="1b27681fb53ab80bd39e4e7ad0a35625c79e7677" />
		<rom name="battle zone mhi.c" size="8192" crc="465a7b80" sha1="78d653e521a2b0fe4d05cdbfe187beb11f4df19c" />
		<rom name="battle zone mlo.b" size="8192" crc="45247338" sha1="1b27681fb53ab80bd39e4e7ad0a35625c79e7677" />
	</machine>
	<machine name="cblast">
		<description>Castle Blast</description>
		<year>2002</year>
		<publisher>&lt;homebrew&gt;</publisher>
		<rom name="cblast.bin" size="32768" crc="7c988054" sha1="c1a56a1fc51e09b1d8e93af40ddd7596847e6164" />
	</machine>
	<machine name="ccrisis">
		<description>Castle Crisis</description>
		<year>2004</year>
		<publisher>&lt;homebrew&gt;</publisher>
		<rom name="ccrisis.bin" size="32768" crc="d50e4061" sha1="4e022e101d7346a0a8618018372740e7333b4a36" />
	</machine>
	<machine name="centiped">
		<description>Centipede</description>
		<year>1982</year>
		<publisher>Atari</publisher>
		<rom name="centiped.bin" size="16384" crc="536a70fe" sha1="eb343b90d3de696e69b1f039d4fb2c6afb0d80c0" />
	</machine>
	<machine name="choplift">
		<description>Choplifter!</description>
		<year>1984</year>
		<publisher>Atari</publisher>
		<rom name="choplift.bin" size="16384" crc="9ad53bbc" sha1="9f1ee191319ef0261cc7074a81c0e6d6b7464cd2" />
	</machine>
	<machine name="cntrmsre">
		<description>Countermeasure</description>
		<year>1982</year>
		<publisher>Atari</publisher>
		<rom name="cntrmsre.bin" size="16384" crc="fd541c80" sha1="fa6d77e6e9afd0ea42fc9f9807932bf9e8fb170e" />
	</machine>
	<machine name="congo">
		<description>Congo Bongo</description>
		<year>1983</year>
		<publisher>Sega</publisher>
		<rom name="congo.bin" size="16384" crc="f1f42bbd" sha1="e0203c2124127eba2d679be548fa257ecc5b2607" />
	</machine>
	<machine name="decathln">
		<description>The Activision Decathlon</description>
		<year>1983</year>
		<publisher>Activision</publisher>
		<rom name="decathln.bin" size="16384" crc="f43e7cd0" sha1="db203973df13b071da46d52fdb078a76f4db428d" />
	</machine>
	<machine name="defender">
		<description>Defender</description>
		<year>1982</year>
		<publisher>Atari</publisher>
		<rom name="defender.bin" size="16384" crc="bd52623b" sha1="44f6dbf5013a70e646d5c5232981d517069fc449" />
	</machine>
	<machine name="dfactor">
		<description>The Dreadnaught Factor</description>
		<year>1983</year>
		<publisher>Activision</publisher>
		<rom name="dredfctr.bin" size="8192" crc="460def2d" sha1="ea7b40ce1106378e1d409cab6634fb2e483ff238" />
	</machine>
	<machine name="digdug">
		<description>Dig Dug</description>
		<year>1983</year>
		<publisher>Atari</publisher>
		<rom name="digdug.bin" size="16384" crc="6a687f9c" sha1="387a76ba5912251e2285b7722004ad75e9ede523" />
	</machine>
	<machine name="docastle">
		<description>Mr. Do!'s Castle</description>
		<year>1984</year>
		<publisher>Parker Brothers</publisher>
		<rom name="docastle.bin" size="8192" crc="aa55f9be" sha1="002e6f8c7533b03f8041e7f1896589c0ab0e17a6" />
	</machine>
	<machine name="finaltst">
		<description>Atari PAM Final System Test (rev 1.0)</description>
		<year>1982</year>
		<publisher>Atari</publisher>
		<rom name="finaltst.bin" size="8192" crc="7ea86e87" sha1="af81c400f1af0ee13a24da5e8b642442a0fc9479" />
	</machine>
	<machine name="flegacy">
		<description>Final Legacy (prototype)</description>
		<year>1984</year>
		<publisher>Atari</publisher>
		<rom name="finalleg.bin" size="16384" crc="d3bd3221" sha1="48625af4f3e9fe538dab2a0b463887fc8c6b138d" />
	</machine>
	<machine name="fractal">
		<description>Rescue on Fractalus!</description>
		<year>1985</year>
		<publisher>Atari / Lucasfilm</publisher>
		<rom name="fractal.bin" size="32768" crc="762c591b" sha1="9253d7286cf87999474b37df242ba23b4358ef4a" />
	</machine>
	<machine name="friskyt">
		<description>Frisky Tom (prototype)</description>
		<year>1983</year>
		<publisher>Atari</publisher>
		<rom name="friskyt.bin" size="16384" crc="04b299a4" sha1="69dcc8f59ca449f13dc896b4b29b534762d97064" />
	</machine>
	<machine name="frogger2">
		<description>Frogger II: Threeedeep!</description>
		<year>1983</year>
		<publisher>Parker Brothers</publisher>
		<rom name="frogger2.bin" size="16384" crc="0af19345" sha1="3d815594cf674694b04bb0ff90bf635d7d402fc2" />
	</machine>
	<machine name="frogger">
		<description>Frogger</description>
		<year>1983</year>
		<publisher>Parker Brothers</publisher>
		<rom name="frogger.bin" size="8192" crc="ae7e3444" sha1="d9a695757f0494aee92a50ab8a49558745e0cedf" />
	</machine>
	<machine name="galaxian">
		<description>Galaxian</description>
		<year>1982</year>
		<publisher>Atari</publisher>
		<rom name="galaxian.bin" size="8192" crc="3ef4a23f" sha1="0df0d7f11d89e2c5b59cc9f98d67d98e203831aa" />
	</machine>
	<machine name="gorf">
		<description>Gorf</description>
		<year>1982</year>
		<publisher>CBS Electronics / Bally Midway MFG. Co.</publisher>
		<rom name="gorf.bin" size="8192" crc="e955db74" sha1="80926bb270ea66cb5cacc379de1fc16d8a3d814b" />
	</machine>
	<machine name="gremlins">
		<description>Gremlins</description>
		<year>1984</year>
		<publisher>Atari</publisher>
		<rom name="gremlins.bin" size="32768" crc="063ec2c4" sha1="f3c32b39580d589799dcead98bb206fbf3df0504" />
	</machine>
	<machine name="gyruss">
		<description>Gyruss</description>
		<year>1984</year>
		<publisher>Parker Brothers</publisher>
		<rom name="gyruss.bin" size="16384" crc="cfd4a7f9" sha1="d0d8650eb07d1679004d491360c2c041e37c61cd" />
	</machine>
	<machine name="hero">
		<description>H.E.R.O.</description>
		<year>1984</year>
		<publisher>Activision</publisher>
		<rom name="hero.bin" size="16384" crc="18a73af3" sha1="d286ecb6793a0dda9c9c68f6355dbe3ade6922f9" />
	</machine>
	<machine name="jaggi">
		<description>Behind Jaggi Lines (prototype)</description>
		<year>1984</year>
		<publisher>Atari / Lucasfilm</publisher>
		<rom name="behind jaggi hi 1-18-84 f358.d" size="8192" crc="b8ca1753" sha1="14acb8f2a2e9787c14c724f0e04d41d4f24a394c" />
		<rom name="behind jaggi lo 1-18-84 101a.a" size="8192" crc="c244bde8" sha1="a08b1764ab3b8f3c30fd90faa3ac62fcf447dbb0" />
		<rom name="behind jaggi mhi 1-18-84 14bf.c" size="8192" crc="791a2267" sha1="ff92b86e8e9054337991ae83f47381d754ff33fc" />
		<rom name="behind jaggi mlo 1-18-84 c3c1.b" size="8192" crc="5ea68db3" sha1="499ec2f48314943f1f3d4cb39f484a21f4d0009a" />
	</machine>
	<machine name="jbond">
		<description>James Bond</description>
		<year>1984</year>
		<publisher>Parker Brothers</publisher>
		<rom name="jamesbnd.bin" size="16384" crc="d9ae4518" sha1="ae765943ae8d909b6ca6ff1560ba027adeeaa515" />
	</machine>
	<machine name="jedidsb">
		<description>Star Wars - Return of the Jedi - Death Star Battle</description>
		<year>1983</year>
		<publisher>Parker Brothers</publisher>
		<rom name="starwars.bin" size="8192" crc="0675f0a5" sha1="bf77048abc36ba2cba5eeeac812802d6a0eba891" />
	</machine>
	<machine name="joust">
		<description>Joust</description>
		<year>1983</year>
		<publisher>Atari</publisher>
		<rom name="joust.bin" size="16384" crc="bfd30c01" sha1="0f74125edac90ffd1274a128df2970c239348fb5" />
	</machine>
	<machine name="jrpacman">
		<description>Jr Pacman (prototype)</description>
		<year>1984</year>
		<publisher>Atari</publisher>
		<rom name="jrpacman.bin" size="16384" crc="59983c40" sha1="a3e760d09e4dc6053286967576b5b7d42ee2fd38" />
	</machine>
	<machine name="jungleh">
		<description>Jungle Hunt</description>
		<year>1983</year>
		<publisher>Atari</publisher>
		<rom name="jungleh.bin" size="16384" crc="2c676662" sha1="fa02ee04cfad90c6ccf9d9b984e3b7b3327fec12" />
	</machine>
	<machine name="kaboom">
		<description>Kaboom!</description>
		<year>1983</year>
		<publisher>Activision</publisher>
		<rom name="kaboom.bin" size="4096" crc="420f5d0b" sha1="a80f876a89a8ceacc71da5d9c02b546970b17730" />
	</machine>
	<machine name="kangaroo">
		<description>Kangaroo</description>
		<year>1982</year>
		<publisher>Atari</publisher>
		<rom name="kangaroo.bin" size="16384" crc="ecfa624f" sha1="c3dbeed7adc0e282bf76332ab5a3209550e26d02" />
	</machine>
	<machine name="keykaper">
		<description>Keystone Kapers</description>
		<year>1983</year>
		<publisher>Activision</publisher>
		<rom name="keystone.bin" size="8192" crc="8fe3bb2c" sha1="9f31c85a13e919135438590601e33bef11a8df8a" />
	</machine>
	<machine name="koffiyk">
		<description>Koffi: Yellow Kopter</description>
		<year>2002</year>
		<publisher>&lt;homebrew&gt;</publisher>
		<rom name="koffiyk.bin" size="32768" crc="917be656" sha1="9547c56e2951e1b3a713b0b99d3edb43c9d3cdd8" />
	</machine>
	<machine name="kshoot">
		<description>K-Razy Shoot Out</description>
		<year>1982</year>
		<publisher>CBS Electronics / Kay Enterprizes Co.</publisher>
		<rom name="krazysht.bin" size="8192" crc="ee702214" sha1="c7eb2b4a46a197adfedf33c2ccc17d8424d681c4" />
	</machine>
	<machine name="laststar">
		<description>The Last Starfighter (prototype)</description>
		<year>1984</year>
		<publisher>Atari</publisher>
		<rom name="laststar.bin" size="16384" crc="83517703" sha1="4046f60602254a7d86d2a6efd1a330455eaec119" />
	</machine>
	<machine name="looneyh">
		<description>Looney Tunes Hotel (prototype)</description>
		<year>1983</year>
		<publisher>Atari</publisher>
		<rom name="loontoon.bin" size="16384" crc="84df4925" sha1="bc4a536616ac45689b3ad790f6b1394ebbd8cc7e" />
	</machine>
	<machine name="mario">
		<description>Mario Bros.</description>
		<year>1983</year>
		<publisher>Atari</publisher>
		<rom name="mario.bin" size="32768" crc="873742f1" sha1="a293b6b06050e11029d97137f2b1b36059567273" />
	</machine>
	<machine name="meebzork">
		<description>Meebzork (prototype)</description>
		<year>1983</year>
		<publisher>Atari</publisher>
		<rom name="meebzork.bin" size="32768" crc="9fb13411" sha1="ff0f1d9ed0ae45e3c81b252f3d0a335e03b0aa4b" />
	</machine>
	<machine name="megmania">
		<description>MegaMania</description>
		<year>1984</year>
		<publisher>Activision</publisher>
		<rom name="megamnia.bin" size="8192" crc="240a1e1a" sha1="f5512460c6b6d3a1baa0b23adf6a3a37fe308eb3" />
	</machine>
	<machine name="meteorit">
		<description>Meteorites</description>
		<year>1983</year>
		<publisher>Electra Concepts</publisher>
		<rom name="meteorit.bin" size="16384" crc="ab8e035b" sha1="32d86a381feff43149b66336dcc4ba2523273228" />
	</machine>
	<machine name="microgam">
		<description>Microgammon SB (prototype)</description>
		<year>1983</year>
		<publisher>Atari</publisher>
		<rom name="microgam.bin" size="16384" crc="931a454a" sha1="2f152a857a8a58d602b3c717612d9744423ee495" />
	</machine>
	<machine name="milliped">
		<description>Millipede (prototype)</description>
		<year>1984</year>
		<publisher>Atari</publisher>
		<rom name="milliped.bin" size="16384" crc="969cfe1a" sha1="1243a8ecfc02a74ae4e1f4fcda38502776f45cb0" />
	</machine>
	<machine name="mine2049">
		<description>Miner 2049er</description>
		<year>1983</year>
		<publisher>Big Five Software</publisher>
		<rom name="mine2049.bin" size="16384" crc="7df1adfb" sha1="0564b1867a0b570d66dfcbc11adc3e51a2c6f28c" />
	</machine>
	<machine name="minigolf">
		<description>Miniature Golf (prototype)</description>
		<year>1983</year>
		<publisher>Atari</publisher>
		<rom name="minigolf.bin" size="16384" crc="c597c087" sha1="ef4d3ee7b4da2ef79c6f4d0d1833f10c1eb7725e" />
	</machine>
	<machine name="missile">
		<description>Missile Command</description>
		<year>1982</year>
		<publisher>Atari</publisher>
		<rom name="missile.bin" size="8192" crc="44d3ff6f" sha1="5c8ec22e131810ccac08066ca96e9944ccfa4ecb" />
	</machine>
	<machine name="mking">
		<description>Mountain King</description>
		<year>1983</year>
		<publisher>CBS Electronics</publisher>
		<rom name="mntnking.bin" size="8192" crc="0f24243c" sha1="2e7ae57260624d1f5710d445a0936f0c280a6655" />
	</machine>
	<machine name="montezum">
		<description>Montezuma's Revenge</description>
		<year>1984</year>
		<publisher>Parker Brothers</publisher>
		<rom name="montezum.bin" size="16384" crc="2a640143" sha1="7e2a05625598c7e6615f969aa695e64315cd9846" />
	</machine>
	<machine name="mpatrol">
		<description>Moon Patrol</description>
		<year>1983</year>
		<publisher>Atari</publisher>
		<rom name="mpatrol.bin" size="16384" crc="d0b2f285" sha1="02dd5b9278c06ae8cbb6dacc094e238fbacf08d2" />
	</machine>
	<machine name="mspacman">
		<description>Ms. Pac-Man</description>
		<year>1983</year>
		<publisher>Atari</publisher>
		<rom name="mspacman.bin" size="16384" crc="752f5efd" sha1="f93d72444d76075273e508555423936530875148" />
	</machine>
	<machine name="pacman">
		<description>Pac-Man</description>
		<year>1982</year>
		<publisher>Atari</publisher>
		<rom name="pacman.bin" size="16384" crc="8873ef51" sha1="ee4b3c6f08aa9fdfab532eec98136306b6923f75" />
	</machine>
	<machine name="pamdg23">
		<description>Atari PAM Diagnostics (rev 2.3)</description>
		<year>1983</year>
		<publisher>Atari</publisher>
		<rom name="pamdg23.bin" size="16384" crc="ce07d9ad" sha1="e086e9868aa913e87f94676fd600f003892e73a1" />
	</machine>
	<machine name="pamdiag2">
		<description>PAM Diag 2.0</description>
		<year>1982</year>
		<publisher>Atari</publisher>
		<rom name="pamdiag2.bin" size="16384" crc="e8b130c4" sha1="5cc3b4245faf01c30f77ac20b0b4940f4f8f83d8" />
	</machine>
	<machine name="pengo">
		<description>Pengo</description>
		<year>1983</year>
		<publisher>Atari</publisher>
		<rom name="pengo.bin" size="32768" crc="e4f8ba8c" sha1="19ff7622dbbc2915e3e98d8d966340e7e893ff34" />
	</machine>
	<machine name="petetest">
		<description>PAM: Pete's Test (USA)</description>
		<year>1982</year>
		<publisher>Atari</publisher>
		<rom name="petetest.bin" size="8192" crc="28278cd6" sha1="d3ff99e080985c9c8e25389dfa74835e8c9be508" />
	</machine>
	<machine name="pitfall2">
		<description>David Crane's Pitfall II - Lost Caverns</description>
		<year>1983</year>
		<publisher>Activision</publisher>
		<rom name="pitfall2.bin" size="16384" crc="4b910461" sha1="b051f0fb2e816787ab6eed0cb008b9f8cc9963dc" />
	</machine>
	<machine name="pitfall">
		<description>Pitfall!</description>
		<year>1984</year>
		<publisher>Activision</publisher>
		<rom name="pitfall.bin" size="8192" crc="b2887833" sha1="d1c7dc3de097a4bfab82235acec69a97e6e05f18" />
	</machine>
	<machine name="polepos">
		<description>Pole Position</description>
		<year>1983</year>
		<publisher>Atari</publisher>
		<rom name="polepos.bin" size="16384" crc="abc2d1e4" sha1="d504764c5894ee99c0b5e2024cbe833ebba3ab17" />
	</machine>
	<machine name="poleposp">
		<description>Pole Position (prototype 133-05)</description>
		<year>1983</year>
		<publisher>Atari</publisher>
		<rom name="poleposition_133-05.bin" size="32768" crc="15b7b5ef" sha1="c22e5ea7cc892f515e4967f6ff0844b5a8d34b62" />
	</machine>
	<machine name="popeye">
		<description>Popeye</description>
		<year>1983</year>
		<publisher>Parker Brothers</publisher>
		<rom name="popeye.bin" size="16384" crc="a18a9a40" sha1="e615aaa0c1d56ac83b91f6087970fa708d6433bf" />
	</machine>
	<machine name="qbert">
		<description>Q*bert</description>
		<year>1983</year>
		<publisher>Parker Brothers</publisher>
		<rom name="qbert.bin" size="8192" crc="3fe4a401" sha1="e6966bde5cd4167020c9d21bab613af1648b4d75" />
	</machine>
	<machine name="qix">
		<description>Qix</description>
		<year>1982</year>
		<publisher>Atari</publisher>
		<rom name="qix.bin" size="16384" crc="aea6d2c2" sha1="786cdf54d1625e0d3ea8814506fdeeba5e4ece48" />
	</machine>
	<machine name="quintana">
		<description>Quest for Quintana Roo</description>
		<year>1984</year>
		<publisher>Sunrise</publisher>
		<rom name="questroo.bin" size="16384" crc="b5f3402b" sha1="17a41c5f9a32f8a71939cfaa0e96807b951aedad" />
	</machine>
	<machine name="riveraid">
		<description>River Raid</description>
		<year>1983</year>
		<publisher>Activision</publisher>
		<rom name="riveraid.bin" size="8192" crc="09fc7648" sha1="ce9bd3b0847c5e187c3e8f667c8f5ea771c49965" />
	</machine>
	<machine name="roadrun">
		<description>Road Runner (prototype)</description>
		<year>1982</year>
		<publisher>Atari</publisher>
		<rom name="roadrun.bin" size="16384" crc="a97606ab" sha1="0a7aaef5b0ede927cea13e724906207e1db48068" />
	</machine>
	<machine name="robotron">
		<description>Robotron: 2084</description>
		<year>1983</year>
		<publisher>Atari</publisher>
		<rom name="robotron.bin" size="16384" crc="4252abd9" sha1="9175e6daca58102ac8b9729d7b0336cf09977d12" />
	</machine>
	<machine name="rsbaseb">
		<description>RealSports Baseball</description>
		<year>1983</year>
		<publisher>Atari</publisher>
		<rom name="rsbsebll.bin" size="32768" crc="44166592" sha1="a94d06739fa19453fa586a836eaacae11fe93989" />
	</machine>
	<machine name="rsbasket1">
		<description>RealSports Basketball (prototype, 19831031)</description>
		<year>1983</year>
		<publisher>Atari</publisher>
		<rom name="rsbktbll1.bin" size="32768" crc="c90196fa" sha1="9edb066a37ca7657979952c946ab89be7926f4f8" />
	</machine>
	<machine name="rsbasket2">
		<description>RealSports Basketball (prototype, 19821105)</description>
		<year>1982</year>
		<publisher>Atari</publisher>
		<rom name="rsbktbll2.bin" size="16384" crc="0f996184" sha1="2b43f74db4833272d2048de8fa32b857af8e090f" />
	</machine>
	<machine name="rsbasket">
		<description>RealSports Basketball (19831216)</description>
		<year>1983</year>
		<publisher>Atari</publisher>
		<rom name="rsbktbll.bin" size="32768" crc="dd217276" sha1="9b21ac7fec8d556585c6970231318ef1f501b2b5" />
	</machine>
	<machine name="rsfootb">
		<description>RealSports Football</description>
		<year>1982</year>
		<publisher>Atari</publisher>
		<rom name="rsftball.bin" size="16384" crc="4336c2cc" sha1="a0dbd654ed3ba2583ca175a1356924d9529884df" />
	</machine>
	<machine name="rssoccer">
		<description>RealSports Soccer</description>
		<year>1982</year>
		<publisher>Atari</publisher>
		<rom name="rssoccer.bin" size="16384" crc="ecbd1853" sha1="c911cc914f3923d5aeb1a897e6dc4a551a9a53da" />
	</machine>
	<machine name="rstennis">
		<description>RealSports Tennis</description>
		<year>1982</year>
		<publisher>Atari</publisher>
		<rom name="rstennis.bin" size="16384" crc="10f33c90" sha1="2e6c7472e37926cdfd3d855a4bd37a18fa83d8cf" />
	</machine>
	<machine name="sbrkout">
		<description>Super Breakout</description>
		<year>1982</year>
		<publisher>Atari</publisher>
		<rom name="sprbreak.bin" size="4096" crc="a0642110" sha1="f5f9c7f97bf09e5647e808d892b656f3ee1e19e0" />
	</machine>
	<machine name="scobra">
		<description>Super Cobra</description>
		<year>1983</year>
		<publisher>Parker Brothers</publisher>
		<rom name="scobra.bin" size="8192" crc="97debcd2" sha1="8205093f5fb1fdf0ccb71d667ea0a3849fb0a0f2" />
	</machine>
	<machine name="shuttle">
		<description>Space Shuttle - A Journey Into Space</description>
		<year>1983</year>
		<publisher>Activision</publisher>
		<rom name="spceshut.bin" size="16384" crc="387365dc" sha1="5ae20e767d9819fe601f3b1ea6d4506ae2f2ceef" />
	</machine>
	<machine name="spaceinv">
		<description>Space Invaders</description>
		<year>1982</year>
		<publisher>Atari</publisher>
		<rom name="spaceinv.bin" size="8192" crc="de5c354a" sha1="cf411db770217b5af5fcfa32725cc587a8b9e710" />
	</machine>
	<machine name="spacman">
		<description>Super Pac-Man (prototype)</description>
		<year>1984</year>
		<publisher>Atari</publisher>
		<rom name="spacman.bin" size="16384" crc="0a4ddb1e" sha1="238cb448555d8bb5c96aa0354718411e8777c613" />
	</machine>
	<machine name="spcedngn">
		<description>Space Dungeon</description>
		<year>1983</year>
		<publisher>Atari</publisher>
		<rom name="spcedngn.bin" size="16384" crc="b68d61e8" sha1="127ed1c31c3e85d10212eee7b9e6d71aef7dd891" />
	</machine>
	<machine name="spitfire">
		<description>Spitfire (prototype)</description>
		<year>1983</year>
		<publisher>Atari</publisher>
		<rom name="spitfire.bin" size="32768" crc="3c311303" sha1="688133761c462d6865bf673ed298b4d828120940" />
	</machine>
	<machine name="sprtgoof">
		<description>Sport Goofy (prototype)</description>
		<year>1983</year>
		<publisher>Atari</publisher>
		<rom name="sprtgoof.bin" size="16384" crc="73b5b6fb" sha1="5f0354d8792d652313e5a0fa5d395e091c801d97" />
	</machine>
	<machine name="stargate">
		<description>Stargate (prototype)</description>
		<year>1984</year>
		<publisher>Atari</publisher>
		<rom name="stargate.bin" size="16384" crc="1d1cee27" sha1="09d192a3598cdadfb61eceb430b3d5892e40962f" />
	</machine>
	<machine name="starraid">
		<description>Star Raiders</description>
		<year>1982</year>
		<publisher>Atari</publisher>
		<rom name="starraid.bin" size="16384" crc="7d819a9f" sha1="57dfc22c9805555f957ed51a2dc7bf35ad00c9d9" />
	</machine>
	<machine name="startrek">
		<description>Star Trek</description>
		<year>1982</year>
		<publisher>Sega</publisher>
		<rom name="startrek.bin" size="16384" crc="69f23548" sha1="19801454ab86f2a5cf691fcd577a71ad2b8dc7d5" />
	</machine>
	<machine name="starwars">
		<description>Star Wars - The Arcade Game</description>
		<year>1983</year>
		<publisher>Parker Brothers</publisher>
		<rom name="swa.bin" size="16384" crc="75f566df" sha1="ab676ffe054b23bdd43cee2498afefaabbf9355b" />
	</machine>
	<machine name="tempest">
		<description>Tempest (prototype)</description>
		<year>1983</year>
		<publisher>Atari</publisher>
		<rom name="tempest.bin" size="16384" crc="1187342f" sha1="85fcea0a4d4d1f22437801c96229ba96e0f6b711" />
	</machine>
	<machine name="trackfld">
		<description>Track and Field (prototype)</description>
		<year>1984</year>
		<publisher>Atari</publisher>
		<rom name="trackfld.bin" size="16384" crc="0ba22ece" sha1="9dfbb5d8b77504c66ce3ac4382daf79820393dd8" />
	</machine>
	<machine name="vanguard">
		<description>Vanguard</description>
		<year>1983</year>
		<publisher>Atari</publisher>
		<rom name="vanguard.bin" size="32768" crc="caaea0a4" sha1="6c633de50e6cc0c0c40061cd24e6f78f552a438f" />
	</machine>
	<machine name="wow">
		<description>Wizard of Wor</description>
		<year>1983</year>
		<publisher>CBS Electronics</publisher>
		<rom name="wow.bin" size="16384" crc="d6f7ddfd" sha1="49debdf3c133fde9905d6d9137da5d8dff8d6283" />
	</machine>
	<machine name="xari">
		<description>Xari Arena (prototype)</description>
		<year>1983</year>
		<publisher>Atari</publisher>
		<rom name="xariarna.bin" size="16384" crc="b8faaec3" sha1="8b5512d3d2a952c99b9377919f0e06481161d81e" />
	</machine>
	<machine name="xevious">
		<description>Xevious (prototype)</description>
		<year>1984</year>
		<publisher>Atari</publisher>
		<rom name="xevious.bin" size="32768" crc="382634dc" sha1="c3cf33216dfa484309b923f21829d040486bc481" />
	</machine>
	<machine name="yllowsub">
		<description>Yellow Sub Demo</description>
		<year>1983</year>
		<publisher>Atari</publisher>
		<rom name="yllowsub.bin" size="4096" crc="f47bc091" sha1="e58e1f257923694dbeb586c860f385e74e460f90" />
	</machine>
	<machine name="zaxxon">
		<description>Zaxxon</description>
		<year>1984</year>
		<publisher>Sega</publisher>
		<rom name="zaxxon.bin" size="32768" crc="741746d1" sha1="4a4c4a25c8ed1b0ae79ca22684d7d311a564a7b5" />
	</machine>
	<machine name="zenji">
		<description>Zenji</description>
		<year>1984</year>
		<publisher>Activision</publisher>
		<rom name="zenji.bin" size="8192" crc="da228530" sha1="55da563b4394508c23d866fb1e543262fb45536d" />
	</machine>
	<machine name="zonerngr">
		<description>Zone Ranger</description>
		<year>1984</year>
		<publisher>Activision</publisher>
		<rom name="znerangr.bin" size="16384" crc="2959d827" sha1="18315bec1e62102290feeb77fb290e1266cf5bfc" />
	</machine>
</datafile>