<?xml version="1.0" encoding="utf-8"?>
<!DOCTYPE datafile PUBLIC "-//Logiqx//DTD ROM Management Datafile//EN" "http://www.logiqx.com/Dats/datafile.dtd">
<datafile>
	<header>
		<name>abc80_flop</name>
		<description>Luxor ABC 80 diskettes</description>
		<version>0.274</version>
		<author>Pleasuredome</author>
	</header>
	<machine name="abcbook">
		<description>ABCBook</description>
		<year>2017</year>
		<publisher>Five Finger Punch</publisher>
		<rom name="abcbook.dsk" size="163840" crc="ff881fbf" sha1="3a91c40464614f19c208101f90877ec3ec7dec89" />
	</machine>
	<machine name="abcdata">
		<description>ABCDatastorm</description>
		<year>2017</year>
		<publisher>Genesis Project</publisher>
		<rom name="abcdatastorm.dsk" size="163840" crc="7aa13813" sha1="b0c13aa5928772485d8edb8d41e8e97b3028ac5d" />
	</machine>
	<machine name="abcdemo">
		<description>ABCDemo</description>
		<year>2015</year>
		<publisher>Genesis Project</publisher>
		<rom name="genesisproject_abcdemo.dsk" size="163840" crc="29059d3c" sha1="55b38436a2d3cfe1caf8e35e44775402a1511eec" />
	</machine>
	<machine name="abcstack">
		<description>ABCStacker</description>
		<year>2016</year>
		<publisher>Andreas Gustafsson</publisher>
		<rom name="abcstacker.dsk" size="163840" crc="97854140" sha1="7ec7f5b0368608165f0bee5e22bccbef7d3c845d" />
	</machine>
	<machine name="cpm">
		<description>CP/M BIOS 3.7</description>
		<year>19??</year>
		<publisher>Myab</publisher>
		<rom name="cpmdisk_myab37_side0.img" size="81920" crc="7065fa91" sha1="f0ca7c2785bd92ed7ede46aaba8b8e2a2d826e47" />
		<rom name="cpmdisk_myab37_side1.img" size="81920" crc="062e88c7" sha1="2d3baa1f225129474839972b9735444120965e08" />
	</machine>
	<machine name="demo">
		<description>Demo</description>
		<year>19??</year>
		<publisher>Luxor</publisher>
		<rom name="demo.td0" size="82895" crc="f581ce62" sha1="2e79e7371d767cb689d1e490f8e1c869dc390a03" />
	</machine>
	<machine name="dosgen">
		<description>Dosgen</description>
		<year>19??</year>
		<publisher>&lt;unknown&gt;</publisher>
		<rom name="fd2_dgen.imd" size="10734" crc="4c6ba75f" sha1="bb009d560089bdc0db2ab86634b4226956a96ac2" />
	</machine>
	<machine name="hiresinv">
		<description>Hires Invasion</description>
		<year>2017</year>
		<publisher>Genesis Project</publisher>
		<rom name="hiresinv.dsk" size="163840" crc="b811b980" sha1="805b4369085120662769f5a3d11b0e66ffbbfb76" />
	</machine>
	<machine name="kundreg">
		<description>Kundregister</description>
		<year>19??</year>
		<publisher>&lt;unknown&gt;</publisher>
		<rom name="fd2_bifak.imd" size="79143" crc="a741ad5d" sha1="a0cb8cc31a30fcbea258dd5249845819930e60c2" />
	</machine>
	<machine name="system10">
		<description>System disk v1.0</description>
		<year>19??</year>
		<publisher>Luxor</publisher>
		<rom name="system10.td0" size="47013" crc="be80a5ca" sha1="64bea62668e9b2604732810c0704f52f6c8c3f99" />
	</machine>
</datafile>