<?xml version="1.0" encoding="utf-8"?>
<!DOCTYPE datafile PUBLIC "-//Logiqx//DTD ROM Management Datafile//EN" "http://www.logiqx.com/Dats/datafile.dtd">
<datafile>
	<header>
		<name>adam_cart</name>
		<description>Coleco Adam cartridges</description>
		<version>0.274</version>
		<author>Pleasuredome</author>
	</header>
	<machine name="adamdemo">
		<description>ADAM Demonstration Cartridge</description>
		<year>198?</year>
		<publisher>Coleco</publisher>
		<rom name="adam demonstration cartridge (198x) (coleco).rom" size="24576" crc="20528799" sha1="4143ddbdb533fef88f5fcf6bc5206727740876c8" />
	</machine>
	<machine name="adamdiag">
		<description>ADAM Diagnostics</description>
		<year>198?</year>
		<publisher>Coleco</publisher>
		<rom name="adam diagnostics (1981) (coleco).rom" size="32768" crc="a44efda7" sha1="8336365697710834d8e678077e2e2d65ccd937d6" />
	</machine>
	<machine name="adamdiaga">
		<description>ADAM Diagnostics (alt)</description>
		<year>198?</year>
		<publisher>Coleco</publisher>
		<rom name="adam diagnostics (1982) (coleco).rom" size="32768" crc="8a6ed2f0" sha1="4c00c5254317301e10593ad444578fe66d24dd0d" />
	</machine>
	<machine name="adamtape">
		<description>ADAM Tape Util (v22)</description>
		<year>1982</year>
		<publisher>Coleco</publisher>
		<rom name="adam tape util rev. 22 (1984) (coleco).rom" size="8192" crc="f235aba4" sha1="4db424c25c6ee010850e6783c844ad75bebf0359" />
	</machine>
	<machine name="adamtest">
		<description>ADAM Final Test</description>
		<year>198?</year>
		<publisher>Coleco</publisher>
		<rom name="adam final test (198x) (coleco).rom" size="16384" crc="5e5c5c2f" sha1="428bbc848ae14f5557c3577a8e9ee55b718e15cd" />
	</machine>
	<machine name="adamtesta">
		<description>ADAM Final Test (alt)</description>
		<year>198?</year>
		<publisher>Coleco</publisher>
		<rom name="adam final test (198x) (alt) (coleco).rom" size="24576" crc="4e466142" sha1="bd30088fc848817fdb4df2b092eca8de158232db" />
	</machine>
	<machine name="ard">
		<description>ADAM Resident Debugger (prototype revision 2.0)</description>
		<year>198?</year>
		<publisher>Coleco?</publisher>
		<rom name="ardrev20-chip1-10-31-6a1a.bin" size="8192" crc="4667ea7e" sha1="99543b5fc1b85fa1e543f9a8f96681988d96c4cc" />
		<rom name="ardrev20-chip2-10-31-f5f6.bin" size="8192" crc="e6e2dcad" sha1="1ce45aeba3eba6cb8b277d8ba02b98c82f94e59e" />
		<rom name="ardrev20-chip3-10-31-4ede.bin" size="8192" crc="f8dd08eb" sha1="16a6c0c66f5bcb8bb67989c951342e691adfd240" />
	</machine>
	<machine name="burnddp">
		<description>Data Drive Burn-In DDP Test</description>
		<year>198?</year>
		<publisher>Coleco</publisher>
		<rom name="data drive burn-in ddp test (198x) (coleco).rom" size="8192" crc="e1d79586" sha1="17cf4168f1f82204bd23e160c7451ff5dc69aa06" />
	</machine>
	<machine name="burnprn">
		<description>ADAM Printer 1 Hour Cycle Burn-In Test</description>
		<year>1982</year>
		<publisher>Coleco</publisher>
		<rom name="adam printer 1 hour cycle burn-in test (198x) (coleco).rom" size="8192" crc="1394a166" sha1="8729374eb0cba74dc98f556e2d68298d2fae598f" />
	</machine>
	<machine name="ddpbasic">
		<description>SmartBASIC DDP Restorer (v1.4)</description>
		<year>198?</year>
		<publisher>Coleco</publisher>
		<rom name="smartbasic ddp restorer rev. 1.4 (198x) (coleco).rom" size="8192" crc="e9ebff89" sha1="0e186358583b23eb6ca88f51bc67b3a568350748" />
	</machine>
	<machine name="ddpblank">
		<description>Blank DDP Restorer (v1.4)</description>
		<year>198?</year>
		<publisher>Coleco</publisher>
		<rom name="blank ddp restorer rev. 1.4 (198x) (coleco).rom" size="8192" crc="c63b6cb1" sha1="0aebe6ded955092cfbb13820ee1d07580dd1999f" />
	</machine>
	<machine name="ddpbuck">
		<description>Buck Rogers DDP Restorer (v1.4)</description>
		<year>198?</year>
		<publisher>Coleco</publisher>
		<rom name="buck rogers ddp restorer rev. 1.4 (198x) (coleco).rom" size="8192" crc="60e433e7" sha1="ae6ebb1b2d05e49e301a26098c9b5995f2291d43" />
	</machine>
	<machine name="gfxproc">
		<description>Coleco Graphics Processor</description>
		<year>1984</year>
		<publisher>Coleco</publisher>
		<rom name="Coleco Graphics Processor (1984) (Coleco).rom" size="32768" crc="5d09075d" sha1="ce2fec45a410408ed0789966e7ff8391b0374a19" />
	</machine>
</datafile>