<?xml version="1.0" encoding="utf-8"?>
<!DOCTYPE datafile PUBLIC "-//Logiqx//DTD ROM Management Datafile//EN" "http://www.logiqx.com/Dats/datafile.dtd">
<datafile>
	<header>
		<name>altos586</name>
		<description>Altos 586 floppies</description>
		<version>0.274</version>
		<author>Pleasuredome</author>
	</header>
	<machine name="diag">
		<description>Altos Diagnostic Executive</description>
		<year>1983</year>
		<publisher>Altos Computer Systems</publisher>
		<rom name="SDX-586.IMD" size="733392" crc="160fac51" sha1="91a53c8b26bbe4b1f38b1b3811d3176442955d09" />
	</machine>
</datafile>