<?xml version="1.0" encoding="utf-8"?>
<!DOCTYPE datafile PUBLIC "-//Logiqx//DTD ROM Management Datafile//EN" "http://www.logiqx.com/Dats/datafile.dtd">
<datafile>
	<header>
		<name>apc</name>
		<description>NEC Advanced Personal Computer disk images</description>
		<version>0.274</version>
		<author>Pleasuredome</author>
	</header>
	<machine name="apctd17">
		<description>TurboDOS 8086 Linker</description>
		<year>1984</year>
		<publisher>Software 2000, Inc</publisher>
		<rom name="apctd_17.imd" size="219313" crc="9fab869d" sha1="0d289b791a6bae6cbe58f67455c5967a9c5f50f2" status="baddump" />
	</machine>
	<machine name="cbas86">
		<description>WordStar (Ver 3.30) for CP/M and CB-86 CBasic Compiler</description>
		<year>198?</year>
		<publisher>Digital Research Inc. / MicroPro International Corporation</publisher>
		<rom name="cbas86.imd" size="968467" crc="53b50a58" sha1="798cc6983e27996e75bd6991adc8c610382d1613" />
	</machine>
	<machine name="cpm86pda">
		<description>CP/M-86 Program Development Aids</description>
		<year>1983</year>
		<publisher>Digital Research Inc.</publisher>
		<rom name="cpm86pda.imd" size="1021251" crc="b3d1a4ea" sha1="2e5ec3c168814f789d6f11edd9a7f857c469f3e8" />
	</machine>
	<machine name="cpm86">
		<description>CP/M-86 Ver 1.1 (1.107:015;A Rev 06)</description>
		<year>198?</year>
		<publisher>Digital Research Inc.</publisher>
		<rom name="cbas86.imd" size="968467" crc="53b50a58" sha1="798cc6983e27996e75bd6991adc8c610382d1613" />
	</machine>
	<machine name="cpm8607a">
		<description>CP/M-86 Ver 1.1 (1.107:015;B Rev 07) (alt)</description>
		<year>1983</year>
		<publisher>Digital Research Inc.</publisher>
		<rom name="system disk.imd" size="528577" crc="77740b9c" sha1="68fc418696502b3576e72396e534991e6fa58def" />
		<rom name="work disk.imd" size="530346" crc="cd83ba3f" sha1="e53ea3c777dde8a2d3bf5c53f0f4377d26a1b155" />
	</machine>
	<machine name="cpm8607">
		<description>CP/M-86 Ver 1.1 (1.107:015;B Rev 07)</description>
		<year>1983</year>
		<publisher>Digital Research Inc.</publisher>
		<rom name="cpm8607.imd" size="528712" crc="1a2ed7e0" sha1="bd09143b47164bacb63292b28508e90418431d21" />
	</machine>
	<machine name="cpm8609">
		<description>CP/M-86 Ver 1.1 (1.107:015;D Rev 09)</description>
		<year>1983</year>
		<publisher>Digital Research Inc.</publisher>
		<rom name="cpm8609.imd" size="528202" crc="d79b4c11" sha1="9101166d668663c9190bb1fbcd5b4ab8f984305c" />
	</machine>
	<machine name="cpmsrc">
		<description>CP/M-86 Source Code (Revisions : 1.107:0015;D)</description>
		<year>1983</year>
		<publisher>Digital Research Inc.</publisher>
		<rom name="cpmsrc.imd" size="1021107" crc="3dd2dd37" sha1="fd2e9d1f894dde75c87e1acb518358c55cb70116" />
	</machine>
	<machine name="dbaseiic">
		<description>dBASE II for CP/M</description>
		<year>1982</year>
		<publisher>Ashton-Tate</publisher>
		<rom name="dbaseii cpm.imd" size="157525" crc="efe39153" sha1="6d28384a2ead7796a66bc3495ad09e2f2adf69a7" />
	</machine>
	<machine name="dbaseiid">
		<description>dBASE II for MS-DOS</description>
		<year>1982</year>
		<publisher>RSP Inc.</publisher>
		<rom name="dbaseii dos.imd" size="270625" crc="54ab92e7" sha1="4d545e3d6bdded0f9e84f6869ea61a818c0924d8" />
	</machine>
	<machine name="devdsk10">
		<description>NEC APC Dev Disk 10</description>
		<year>1984</year>
		<publisher>NEC</publisher>
		<rom name="tdapc_06.imd" size="584410" crc="604db5a9" sha1="3cd0239dcd60df0659390353a1c4024c8e697870" />
	</machine>
	<machine name="grafdraw">
		<description>Grafdraw 0.8</description>
		<year>1986</year>
		<publisher>Digital Research Inc.</publisher>
		<rom name="grafdraw documentation.imd" size="180551" crc="f00a567d" sha1="9e45f417d086301f0a735e30f068653398928d47" status="baddump" />
		<rom name="grafdraw.imd" size="476926" crc="7b21305f" sha1="acd00e4b87ea7af6df8ba24c93453d8ee281d519" status="baddump" />
		<rom name="graphdraw source code.imd" size="638916" crc="6e1593dc" sha1="f20b91a65a8d2e3bdaf98014486913f6026c4d1e" status="baddump" />
	</machine>
	<machine name="msdos211">
		<description>MS-DOS 2.11 Rev 1</description>
		<year>1982</year>
		<publisher>Microsoft</publisher>
		<rom name="md211lst.imd" size="670646" crc="69526b75" sha1="ba8cffcfbfc0ff5cb73e6998f07437338c322659" />
		<rom name="md211sys.imd" size="659388" crc="19747f2f" sha1="36e0330d14fc1d5f3bf741491bdc0b048c51f958" />
	</machine>
	<machine name="multplan">
		<description>MultiPlan</description>
		<year>1982</year>
		<publisher>Microsoft</publisher>
		<rom name="multplan.imd" size="125376" crc="e1a83ed0" sha1="847ec2c647574284bb45790bf3536cafa317ca5f" />
	</machine>
	<machine name="necbios">
		<description>NEC APC Bios Source Code</description>
		<year>198?</year>
		<publisher>NEC</publisher>
		<rom name="nec_bios.imd" size="379840" crc="fdbc296e" sha1="c95a6b7eff031ed6664cb4e25385168ffbdadedd" />
	</machine>
	<machine name="necbiosa">
		<description>NEC APC Bios Source Code (Ver 1.1 , 1.2)</description>
		<year>198?</year>
		<publisher>NEC</publisher>
		<rom name="necbios.imd" size="1114403" crc="fb98b653" sha1="c350f90cad32da3b57792c680bdea8ca02a92116" />
	</machine>
	<machine name="necdemo">
		<description>NEC APC Self Executng Demo</description>
		<year>198?</year>
		<publisher>NEC</publisher>
		<rom name="necdemo.imd" size="121913" crc="bf278a5f" sha1="a576a7536117ce4201780eda0e7fa6008735d952" status="baddump" />
	</machine>
	<machine name="progdisp">
		<description>Program Dispatcher for CP/M(Ver 1.7)</description>
		<year>1983</year>
		<publisher>Metasoft Corporation</publisher>
		<rom name="progdisp.imd" size="247485" crc="1439ffbc" sha1="f27c3c078c7845ac0a6f19d9922d9fd9a1fc6371" status="baddump" />
	</machine>
	<machine name="pubdom">
		<description>CP/M Public Domain Programs (Master Copy)</description>
		<year>198?</year>
		<publisher>unknown</publisher>
		<rom name="pubdom.imd" size="920523" crc="412691e0" sha1="6009993da96fdab082ec4255c893aa77480f29e7" status="baddump" />
	</machine>
	<machine name="tdapc01">
		<description>TurboDOS (cmd/sys/gen/par files)</description>
		<year>1984</year>
		<publisher>Software 2000, Inc</publisher>
		<rom name="tdapc_01.imd" size="804751" crc="b1f6a794" sha1="be3dfe302ada17d8ead3f084cf43e45e6e868dd1" />
	</machine>
	<machine name="tdapc02">
		<description>TurboDOS (do/gen/par/.a/.o files)</description>
		<year>1984</year>
		<publisher>Software 2000, Inc</publisher>
		<rom name="tdapc_02.imd" size="784100" crc="88839695" sha1="40ac9a8ee136a4219d5f0e480a60122117c1231d" />
	</machine>
	<machine name="tdos140">
		<description>TurboDOS 1.40</description>
		<year>1984</year>
		<publisher>Software 2000, Inc</publisher>
		<rom name="tdapc_99.imd" size="796023" crc="8bdd283f" sha1="0c320d11d841a72b3bae72d9cac4a1b2a61b015f" />
	</machine>
	<machine name="tdos141">
		<description>TurboDOS 1.41</description>
		<year>1984</year>
		<publisher>Software 2000, Inc</publisher>
		<rom name="tdapc_03.imd" size="828734" crc="9ccd96f1" sha1="a9d1e3946175edb81c7d58764086cbc5bc5ca964" />
	</machine>
	<machine name="ticom">
		<description>Unknown Ticom disks</description>
		<year>198?</year>
		<publisher>Ticom</publisher>
		<rom name="ticom.imd" size="204329" crc="30cf2acb" sha1="922ac3913d81e53742924e19b54e160be1430c6c" />
		<rom name="ticoma.imd" size="423604" crc="6478a559" sha1="b93bed6d371e55318a3b06890069d92b6d1d3d85" />
	</machine>
	<machine name="ucsd136d">
		<description>UCSD p-System System IV.13 (Ver 3.0)</description>
		<year>1985</year>
		<publisher>Bridgeport Machines / Textron</publisher>
		<rom name="ucsd136d.imd" size="1144230" crc="3838765e" sha1="78ad79495fa7f03bd44868c4d1a495f44f5df6b6" />
	</machine>
	<machine name="ucsd136s">
		<description>UCSD p-System System IV.13x6 (Ver 3.0, 8087 Single Precision)</description>
		<year>1985</year>
		<publisher>Bridgeport Machines / Textron</publisher>
		<rom name="ucsd136s.imd" size="935810" crc="ab5a92d3" sha1="e29d1d32b8aeb154cebbe534b435b8ce3cf92293" />
	</machine>
	<machine name="ucsd136">
		<description>UCSD p-System System IV.13 (Ver 0.6)</description>
		<year>1984</year>
		<publisher>Bridgeport Machines / Textron</publisher>
		<rom name="ucsd136.imd" size="1141985" crc="66b4f6cb" sha1="280dcb66864e87c2a81335cd413eb8b8fd14c08f" />
	</machine>
	<machine name="ucsd137">
		<description>USCD p-System IV.13x7</description>
		<year>1985</year>
		<publisher>Bridgeport Machines / Textron</publisher>
		<rom name="ucsd137.imd" size="1149394" crc="ec58ec89" sha1="5e80ca120b2255ded65b78905eac7a2830212cf6" />
	</machine>
	<machine name="util2">
		<description>CP/M-86 Utility Programs</description>
		<year>198?</year>
		<publisher>Digital Research Inc.</publisher>
		<rom name="utility.imd" size="836352" crc="f7954176" sha1="0b63715e0edae30841bc17008d2d08aa3e1522ee" />
	</machine>
	<machine name="util">
		<description>NEC APC Utilities Source Code</description>
		<year>198?</year>
		<publisher>NEC</publisher>
		<rom name="util.imd" size="971078" crc="08714744" sha1="32bcc99b5e43b9f56103737915aa0591684e6ad6" />
	</machine>
	<machine name="wordstar">
		<description>WordStar (Ver 3.30) for MS-DOS</description>
		<year>1983</year>
		<publisher>MicroPro International Corporation</publisher>
		<rom name="wordstar.imd" size="216341" crc="ed0e792b" sha1="e5f713735046211ac79db132dcbf92dd8a7e27d6" />
	</machine>
	<machine name="xxxnec">
		<description>Unknown Documentation Disk</description>
		<year>198?</year>
		<publisher>unknown</publisher>
		<rom name="nec.imd" size="215269" crc="1f85b4a1" sha1="bef73b0123e41f549996abcc8b7e70cdd370d12b" />
	</machine>
</datafile>