<?xml version="1.0" encoding="utf-8"?>
<!DOCTYPE datafile PUBLIC "-//Logiqx//DTD ROM Management Datafile//EN" "http://www.logiqx.com/Dats/datafile.dtd">
<datafile>
	<header>
		<name>apple3</name>
		<description>Apple III 5.25 disks</description>
		<version>0.274</version>
		<author>Pleasuredome</author>
	</header>
	<machine name="3ezp">
		<description>/// E-Z Pieces</description>
		<year>1982</year>
		<publisher>Haba Systems</publisher>
		<rom name="apple3ezpiecesdisk1.dsk" size="143360" crc="ff98cb24" sha1="d7f099abf9718161cee046753ae60021f80d432f" />
		<rom name="apple3ezpiecesdisk2.dsk" size="143360" crc="1ff5c4be" sha1="0f3188ec2a447cf4154a76ab7a749719987b23f9" />
	</machine>
	<machine name="a2emul">
		<description>Apple II Emulation</description>
		<year>1980</year>
		<publisher>Apple Computer, Inc.</publisher>
		<rom name="a3a2em.dsk" size="143360" crc="ff4f68d3" sha1="7d3495d6795b85776cbc22a90dd3d41801ee58dc" />
	</machine>
	<machine name="aplchomp">
		<description>Apple Chomp</description>
		<year>1984</year>
		<publisher>Dan A. Kunesh</publisher>
		<rom name="a3-apple-chomp.dsk" size="143360" crc="01dae729" sha1="6ff10343a7367e6edf974e604821e4ed06c748cc" />
	</machine>
	<machine name="atomicdf">
		<description>Atomic Defense</description>
		<year>1982</year>
		<publisher>Andy Hertzfeld</publisher>
		<rom name="a3-atomic-defense.dsk" size="143360" crc="fcf21547" sha1="6e166f19b717dcbb50cc946c5774a46c957253ef" />
	</machine>
	<machine name="basic">
		<description>Apple /// Business Basic (1.1)</description>
		<year>1981</year>
		<publisher>Apple Computer, Inc.</publisher>
		<rom name="apple3busbasic.dsk" size="143360" crc="e826032e" sha1="3a88a3bf8bb1e6948010203ea7e64ce557031184" />
	</machine>
	<machine name="cardmach">
		<description>The Apple /// Card Machine</description>
		<year>1985</year>
		<publisher>On Three, Inc.</publisher>
		<rom name="the apple iii card machine (on three)(1985)(back).dsk" size="143360" crc="4e7c92c8" sha1="fb9a0129f1f0c80525e5c819fccc7a254d1fdbb5" />
		<rom name="the apple iii card machine (on three)(1985)(front).dsk" size="143360" crc="615d8a77" sha1="a8d32d2d95792d4bf5fcd4ba6e71760407d9ef62" />
	</machine>
	<machine name="conftest">
		<description>Apple /// Confidence Test Program</description>
		<year>1981</year>
		<publisher>Apple Computer, Inc.</publisher>
		<rom name="a3confidence.dsk" size="143360" crc="cbf10a5a" sha1="8be26f2ec7f0b8425dc4f0c44a48dcda105f8c9a" />
	</machine>
	<machine name="cpmboot">
		<description>Boot CP/M (applicard in slot 1)</description>
		<year>1982</year>
		<publisher>PCPI</publisher>
		<rom name="a3soscpm1.dsk" size="143360" crc="b18213b0" sha1="aae27a4643f09385095691aa5673f50d15352b8f" />
	</machine>
	<machine name="cpmcffa2">
		<description>Boot CP/M (cffa2 in slot 1, applicard in slot 2)</description>
		<year>1982</year>
		<publisher>PCPI</publisher>
		<rom name="cpmboot.po" size="143360" crc="1c596cf9" sha1="69f0c5ae1f9db4c1490b7e3b443125a05e354d84" />
	</machine>
	<machine name="diag">
		<description>Apple /// Dealer Diagnostics (v2)</description>
		<year>1981</year>
		<publisher>Apple Computer, Inc.</publisher>
		<rom name="a3diagv2.dsk" size="143360" crc="7720ebc9" sha1="5b952570914d64094acf13fdddb7aaa4f9ac028b" />
	</machine>
	<machine name="drawon3">
		<description>Draw On ///</description>
		<year>1985</year>
		<publisher>On Three, Inc.</publisher>
		<rom name="drawonthree2.dsk" size="143360" crc="11114994" sha1="2e08fbd4685101e25f0fda4ea014c1e17fee542e" />
		<rom name="drawonthree.dsk" size="143360" crc="4737a783" sha1="a3bbeb70424f8c48c003a13079e997413a43ac49" />
	</machine>
	<machine name="getorg">
		<description>Getting Organized</description>
		<year>1981</year>
		<publisher>Apple Computer, Inc.</publisher>
		<rom name="a3gettingorganized.dsk" size="143360" crc="bc762afd" sha1="15b04b6ab910d987e9837164011d4bdb4f4b85e1" />
		<rom name="a3sysutilsimulation.dsk" size="143360" crc="7c3c0cdd" sha1="03a3c3200e6f59c45863c636b7a74a66176fe747" />
	</machine>
	<machine name="magneto">
		<description>Capt'n Magneto (PD release APPLE-3-WAP-GAM-03)</description>
		<year>1995</year>
		<publisher>Al Evans / WAP</publisher>
		<rom name="apple-3-wap-gam-03a.dsk" size="143360" crc="fec20dbb" sha1="5ee6b1610649ad32df8ab00a2a272c3b79a92f26" />
		<rom name="apple-3-wap-gam-03b.dsk" size="143360" crc="a489f0b3" sha1="82c369ffec141b551732522edbe6d726b28da181" />
	</machine>
	<machine name="newbegin">
		<description>Apple ///: A New Beginning</description>
		<year>1982</year>
		<publisher>Apple Computer, Inc.</publisher>
		<rom name="a3newbeginnings1.dsk" size="143360" crc="d55a06dd" sha1="dd6fb1942fc9327b63405554f6d76cb037d7d840" />
		<rom name="a3newbeginnings2.dsk" size="143360" crc="1be3bc3e" sha1="c216f6e776cb90bf9e2b6f4e18f80ebd4767326b" />
	</machine>
	<machine name="pascal11">
		<description>Apple Pascal (v1.1)</description>
		<year>1982</year>
		<publisher>Apple Computer, Inc.</publisher>
		<rom name="apple3pascal1.1disk1.dsk" size="143360" crc="82a2a887" sha1="1d7f3bba9646c010462b18246649a029aad9b425" />
		<rom name="apple3pascal1.1disk2.dsk" size="143360" crc="cda241a2" sha1="df08271d6a5086c92172db9cd1bcffd4c6690edd" />
		<rom name="apple3pascal1.1disk3.dsk" size="143360" crc="2f9e2245" sha1="8714321f70cb2c34b32f475b80d175f9c6bdd5da" />
	</machine>
	<machine name="quikfile">
		<description>QuickFile</description>
		<year>1982</year>
		<publisher>Apple Computer, Inc.</publisher>
		<rom name="qfboot.dsk" size="143360" crc="b37d45f1" sha1="c8e0373531ec1a77ae358055561466706c89e0da" />
		<rom name="qfdata.dsk" size="143360" crc="5f7a2442" sha1="0f1a491eb895001700f4e69059cd3a52a914d9a0" />
		<rom name="qfprog.dsk" size="143360" crc="8a25ba9a" sha1="fee6d7d985d29efb112ba3492b862fccb0586971" />
	</machine>
	<machine name="sysdemo">
		<description>System Demo</description>
		<year>1981</year>
		<publisher>Apple Computer, Inc.</publisher>
		<rom name="demodisk.dsk" size="143360" crc="87232aaa" sha1="c54fa160ce254f8841a5bc45740ea7b29a98675b" />
	</machine>
	<machine name="sysutil">
		<description>System Utilities (v1.3)</description>
		<year>1983</year>
		<publisher>Apple Computer, Inc.</publisher>
		<rom name="a3sysutil13.dsk" size="143360" crc="e5f25bd1" sha1="450d2cb602692fae61202914f512769f91454539" />
	</machine>
	<machine name="sysutilo">
		<description>System Utiltiies (v1.1)</description>
		<year>1982</year>
		<publisher>Apple Computer, Inc.</publisher>
		<rom name="a3sysutil11.dsk" size="143360" crc="754dab94" sha1="b517db1c50491b893d274b718c63f66dba98fcd5" />
	</machine>
	<machine name="tictac">
		<description>Tic-Tac-Toe</description>
		<year>1988</year>
		<publisher>John Lomartire</publisher>
		<rom name="apple3-tic_tac_toe.dsk" size="143360" crc="593e1997" sha1="78bf743e45194883d65e45cb04e55f7e17c4ceb2" />
	</machine>
</datafile>