<?xml version="1.0" encoding="utf-8"?>
<!DOCTYPE datafile PUBLIC "-//Logiqx//DTD ROM Management Datafile//EN" "http://www.logiqx.com/Dats/datafile.dtd">
<datafile>
	<header>
		<name>arb</name>
		<description>ARB modules</description>
		<version>0.274</version>
		<author>Pleasuredome</author>
	</header>
	<machine name="avelan">
		<description>Avelan</description>
		<year>198?</year>
		<publisher>AVE Micro Systems</publisher>
		<rom name="avelan.bin" size="4096" crc="01e713d1" sha1="a32e22de4d32fd0a97f8be6b5bc33d0c558aa323" />
	</machine>
	<machine name="gms3">
		<description>Grand Master Series 3</description>
		<year>1981</year>
		<publisher>AVE Micro Systems</publisher>
		<rom name="1.bin" size="4096" crc="23a687db" sha1="710488e8c65d0e95072d35df9aad09e9909a2933" />
		<rom name="2.bin" size="4096" crc="15a58f73" sha1="e37fb887c35a3647d632a43fa8423b9b66b93b02" />
		<rom name="3.bin" size="4096" crc="bde12004" sha1="3ba2922d67b0373a5ec1db5adc129940555b1346" />
	</machine>
	<machine name="gms4">
		<description>Grand Master Series 4.0</description>
		<year>1984</year>
		<publisher>AVE Micro Systems</publisher>
		<rom name="1.bin" size="4096" crc="26e57f38" sha1="b37364dd567018e5aebaecbcc47af3bd43e36032" />
		<rom name="2.bin" size="8192" crc="3b1b26a2" sha1="0b59f6c344c9996a06e63e61e91a195b0eb1dd32" />
		<rom name="3.bin" size="8192" crc="b90f7f80" sha1="71ffd2d56e1f44e7c4e1d13364e43fc6ac1a4f99" />
	</machine>
	<machine name="sargon25">
		<description>Sargon 2.5</description>
		<year>1980</year>
		<publisher>AVE Micro Systems</publisher>
		<rom name="4000-4800_ea_8332a161-1" size="4096" crc="00460848" sha1="ac4fe2232028bd42506a24457882296e7d3a8f54" />
		<rom name="5000-5800_ea_8332a160-1" size="4096" crc="aac1dff2" sha1="9a7fc6dc98e53120e511d266304ad07f248f415a" />
	</machine>
	<machine name="sargon35">
		<description>Sargon 3.5</description>
		<year>1983</year>
		<publisher>Sandy Electronic</publisher>
		<rom name="1.bin" size="4096" crc="45013729" sha1="4318e3a6ff16bd7f57e685e36bdd8a5985d5f770" />
		<rom name="2.bin" size="4096" crc="7cbe3f6f" sha1="14e00a766d22688fe0a8d546e5ffdb55a9b2b687" />
		<rom name="3.bin" size="4096" crc="7e5b01eb" sha1="13327fb6d77187170571be67a4f633c5996c5280" />
	</machine>
</datafile>