<?xml version="1.0" encoding="utf-8"?>
<!DOCTYPE datafile PUBLIC "-//Logiqx//DTD ROM Management Datafile//EN" "http://www.logiqx.com/Dats/datafile.dtd">
<datafile>
	<header>
		<name>aussiebyte</name>
		<description>Aussie Byte II floppies</description>
		<version>0.274</version>
		<author>Pleasuredome</author>
	</header>
	<machine name="boot">
		<description>Boot disk</description>
		<year>1985</year>
		<publisher>SME Systems</publisher>
		<rom name="knight2000_boot.dsk" size="860416" crc="2d3af348" sha1="3eb09b9a64b31f4141a186a67f6bd9d4249d2c6b" />
	</machine>
</datafile>