<?xml version="1.0" encoding="utf-8"?>
<!DOCTYPE datafile PUBLIC "-//Logiqx//DTD ROM Management Datafile//EN" "http://www.logiqx.com/Dats/datafile.dtd">
<datafile>
	<header>
		<name>bbc_flop_torch</name>
		<description>Torch Co-Processor discs</description>
		<version>0.274</version>
		<author>Pleasuredome</author>
	</header>
	<machine name="advent">
		<description>Adventure B01 - 550 points</description>
		<year>1984</year>
		<publisher>Crowther and Woods</publisher>
		<rom name="adventureb01.dsd" size="409600" crc="38be4448" sha1="acadee5c6648f01d84188ea05cba9b2f55fef8e5" />
	</machine>
	<machine name="basicpk2">
		<description>Basic Pack v2.0</description>
		<year>1983</year>
		<publisher>Torch Computers</publisher>
		<rom name="bas20-1.imd" size="333396" crc="b09d3400" sha1="e7831a199b5e4baec74d1478f2e5ad4998cbf3df" />
		<rom name="bas20-2.imd" size="200219" crc="2d55e4b5" sha1="63a8e1eb8289b822298805f2fe4f8d702563fc81" />
		<rom name="bas20-3.imd" size="340717" crc="5b249e1d" sha1="4f7a14e9e25e5a3aaff84f3c64d2cf23344e9ded" />
		<rom name="bas20-4.imd" size="386615" crc="6ff61822" sha1="189667d997a1ad733e74d0b3885e48bad0d76b00" />
		<rom name="bas20-5.imd" size="382535" crc="e3305576" sha1="fb716186cf09fce7628a627f01220412bd527e94" />
		<rom name="bas20-6.imd" size="388910" crc="b18f6a66" sha1="5243721e9338c9e84f3da64d1d3bb74c6e581e23" />
		<rom name="bas20-7.imd" size="395799" crc="f74e8ec7" sha1="c2c02ca28cabefdc5ec61325059bae4a7b80bd99" />
		<rom name="bas20-8.imd" size="374889" crc="182d2323" sha1="09148a84b065ba962ae7c76b89eaddcffbe6093a" />
		<rom name="bas20-9.imd" size="387129" crc="73440288" sha1="572d7d37e6f914182c8afd534a5a15175ac32cbe" />
		<rom name="bas20-10.imd" size="160689" crc="4880eb0a" sha1="4a136825a3890c204eb7b498d5182bd1ecf398eb" />
		<rom name="bas20-11.imd" size="213783" crc="d80cb4d1" sha1="d53ad176492ec6e2dcff2358dcfec70280ca5f6a" />
		<rom name="bas20-12.imd" size="402964" crc="f2b2d328" sha1="1cf763acb55871e22b59dab135c3bd63d809d468" />
		<rom name="bas20-13.imd" size="369593" crc="9ef9be16" sha1="86f32c47b63c034e5f4a066df7f38bbfd611e6b8" />
		<rom name="bas20-14.imd" size="332803" crc="5b8c2543" sha1="e6d9fedca68bc44356501b0b6c4186ba213622f4" />
	</machine>
	<machine name="bbcbasic">
		<description>Torch BBC BASIC (Z80) v2.30</description>
		<year>1984</year>
		<publisher>Torch Computers</publisher>
		<rom name="bbcbasic.dsd" size="409600" crc="d72e8582" sha1="6a6080863988810117774d79a5ff94da79a1ef48" />
	</machine>
	<machine name="comanex">
		<description>Comanex</description>
		<year>1982</year>
		<publisher>Sapphire Systems</publisher>
		<rom name="comanex.dsd" size="409600" crc="5e457aea" sha1="d5544c6e56c9f6d484890951b7c1a9134df8dcf1" />
	</machine>
	<machine name="dbaseii">
		<description>dBASE-II</description>
		<year>1982</year>
		<publisher>Torch Computers</publisher>
		<rom name="dbase_ii.dsd" size="409600" crc="f9dc5794" sha1="5e26e1a4b05f689b95c34e9121019cccafd7a57c" />
	</machine>
	<machine name="gdfs">
		<description>Graduate DFS</description>
		<year>1984</year>
		<publisher>Torch Computers</publisher>
		<rom name="torch_gdfs.img" size="184320" crc="bccbb0d0" sha1="37641275fdd3cf4965d5b9cd45211b5346a29b19" />
	</machine>
	<machine name="gmsdos">
		<description>Graduate MS-DOS 2.11</description>
		<year>1984</year>
		<publisher>Torch Computers</publisher>
		<rom name="torch_msdos2_11.img" size="368640" crc="bffa91c7" sha1="04ea2a5d840e45d6df2f051a98f61180cf92c1a7" />
	</machine>
	<machine name="hdutils41">
		<description>Hard Disc Utilities v4.1</description>
		<year>1984</year>
		<publisher>Torch Computers</publisher>
		<rom name="hard_disc_utils_4.1.dsd" size="409600" crc="bab06207" sha1="24cc5b74b481794cdd3e67ea746cbd57927c1201" />
	</machine>
	<machine name="hdutils">
		<description>Hard Disc Utilities v4.4</description>
		<year>1985</year>
		<publisher>Torch Computers</publisher>
		<rom name="hard_disc_utils_4.4.dsd" size="409600" crc="c84cdc5d" sha1="a8134ccb787e831e234731297c719ad94e3ffe2a" />
	</machine>
	<machine name="kermit">
		<description>Kermit-80 v4.05</description>
		<year>1984</year>
		<publisher>Columbia University</publisher>
		<rom name="kermit.dsd" size="409600" crc="f48b3ca6" sha1="de7d576f5c0a0e24a5425fb41de8f73f7651d075" />
	</machine>
	<machine name="perfect">
		<description>Perfect Software Suite</description>
		<year>1983</year>
		<publisher>Torch Computers</publisher>
		<rom name="perfect_calc.dsd" size="409600" crc="9430ff7a" sha1="5666a290779a8c0151ffe4b84b6b4b80d4c841f9" />
		<rom name="perfect_filer.dsd" size="409600" crc="749784f6" sha1="020b0eeeb6a9f59ffcbec6dcdd8e14c3a181c25f" />
		<rom name="perfect_writer.dsd" size="409600" crc="32c1884a" sha1="61b7a8d35ea71529bb494b3123701601cedfc9eb" />
	</machine>
	<machine name="prgdvpk2">
		<description>Prog Dev Pack v2.0</description>
		<year>1983</year>
		<publisher>Torch Computers</publisher>
		<rom name="prog20-1.imd" size="390763" crc="01d69dfa" sha1="a7baad99085cdcf656ca81f0dcc383a428967d36" />
		<rom name="prog20-2.imd" size="392743" crc="bd812c05" sha1="78dedc903ea6d456d328a7a49f4ce1b2158592ea" />
		<rom name="prog20-3.imd" size="295908" crc="6f996745" sha1="9e182c732a202bb69ff9d63ce8b5c48a0c47098c" />
		<rom name="prog20-4.imd" size="95432" crc="17238b2c" sha1="d7452ced792e791b3281e0bd7a70a89c2d965a15" />
		<rom name="prog20-5.imd" size="104122" crc="a8aa6260" sha1="f28f584a4546b8f22267ec9caaf6bf4d656ea343" />
		<rom name="prog20-6.imd" size="388934" crc="b327cd84" sha1="c4fd0c4d74c95ded265001402a8865d7974ba4b6" />
		<rom name="prog20-7.imd" size="60766" crc="acf51b62" sha1="a21116a228c1f845b798f6a57612439dee719079" />
	</machine>
	<machine name="stdutil2">
		<description>Standard Utilities v2.0</description>
		<year>1984</year>
		<publisher>Torch Computers</publisher>
		<rom name="standard_utilities_2.0.dsd" size="409600" crc="6e6feeec" sha1="52033a8e4772a81d5879d3d14c04cc65b5df47cf" />
	</machine>
	<machine name="textpk2">
		<description>Text Pack v2.0</description>
		<year>1983</year>
		<publisher>Torch Computers</publisher>
		<rom name="text20-1.imd" size="366553" crc="dbafe230" sha1="848e55b5c69e36efda390b0a781339cf259931d8" />
		<rom name="text20-2.imd" size="353277" crc="9c8dce99" sha1="8eedaef409bf9ddceabae275b64d9d3c6b62dad6" />
		<rom name="text20-3.imd" size="380021" crc="02265d47" sha1="b6e255aaace5ae06acf42f704e3eb11f7e95a95a" />
	</machine>
	<machine name="torchsys">
		<description>Torch System Disc v1.7</description>
		<year>1983</year>
		<publisher>Torch Computers</publisher>
		<rom name="torch_system_1.7.ssd" size="409600" crc="b8d140a0" sha1="181a3b820a11bacc3db6dd39470e0e5424a52d12" />
	</machine>
	<machine name="tpascal3">
		<description>Turbo Pascal v3.0A</description>
		<year>1985</year>
		<publisher>Borland</publisher>
		<rom name="turbopascal30a.dsd" size="409600" crc="8c3dde20" sha1="15b544b9b7a3cf0369fd7c952fa3c95f741b2fc2" />
	</machine>
	<machine name="unicomm">
		<description>UniComm</description>
		<year>1984</year>
		<publisher>Torch Computers</publisher>
		<rom name="unicomms.dsd" size="409600" crc="35dd22b8" sha1="1878284d8aa1610eec80fb91a0a074acc709ec69" />
	</machine>
	<machine name="unix1_2">
		<description>Unix Upgrade Pack release 1.0 to 2.0</description>
		<year>1984</year>
		<publisher>Torch Computers</publisher>
		<rom name="unixup-1.imd" size="342341" crc="2e8c14bd" sha1="781a19ab0bc960d9c4f8e642227b8842b53d935a" />
		<rom name="unixup-2.imd" size="345587" crc="8a8873c2" sha1="16070f950c9bd7d6dbb35a11be1830c6fc455162" />
		<rom name="unixup-3.imd" size="167338" crc="c29c5607" sha1="b644743b15cf42b7a9aed6dca8f4f7e7eeb7b5ca" />
	</machine>
	<machine name="wordstar">
		<description>WordStar</description>
		<year>1983</year>
		<publisher>Torch Computers</publisher>
		<rom name="wordstar.dsd" size="409600" crc="cf3b9c77" sha1="2053ec8a1aead7c392c0e7243e8420699fd43491" />
	</machine>
	<machine name="xchange">
		<description>Psion Xchange 1.24</description>
		<year>1984</year>
		<publisher>Psion</publisher>
		<rom name="torch_xchange_source.img" size="368640" crc="12c5ab25" sha1="be2082890a9a3dab423b8f0ee618c46c8859484f" />
		<rom name="torch_xchange_tutorial.img" size="368640" crc="95784ddc" sha1="9544eb13ccd86eb2f7c2da0735cf5a8c12836a82" />
		<rom name="torch_xchange_utilities.img" size="368640" crc="46c17495" sha1="8b4a9b1c83959641e514eadf2a262d0c3e736560" />
	</machine>
</datafile>