<?xml version="1.0" encoding="utf-8"?>
<!DOCTYPE datafile PUBLIC "-//Logiqx//DTD ROM Management Datafile//EN" "http://www.logiqx.com/Dats/datafile.dtd">
<datafile>
	<header>
		<name>bbcmc_flop</name>
		<description>Acorn BBC Master Compact disks</description>
		<version>0.274</version>
		<author>Pleasuredome</author>
	</header>
	<machine name="acom">
		<description>Acom</description>
		<year>1987</year>
		<publisher>Acornsoft</publisher>
		<rom name="Acom-4.10.rom" size="16384" crc="a0fa1740" sha1="ef8f83707405b95c662c322b9e5a60456970cc9b" />
		<rom name="Acom.adl" size="655360" crc="8544394e" sha1="1ece4427f2bdbcfc8232f9b40478139d090fdde6" />
	</machine>
	<machine name="acornc">
		<description>C (Acornsoft)</description>
		<year>1987</year>
		<publisher>Acornsoft</publisher>
		<rom name="acorn-c.adl" size="526592" crc="fce1d68f" sha1="a8983068eb9a699a500fa8f8ebfb369a673e7279" />
	</machine>
	<machine name="alps24">
		<description>ALPS - Adventure Language Programming System</description>
		<year>1988</year>
		<publisher>Alpine Software</publisher>
		<rom name="alps24.adl" size="655360" crc="82b20916" sha1="fcf1c0290afb523cbab11069373fef28478b1ad3" />
	</machine>
	<machine name="aninumbr">
		<description>Animated Numbers</description>
		<year>1990</year>
		<publisher>Sherston Software</publisher>
		<rom name="animated_numbers.adl" size="655360" crc="a8b8d04d" sha1="7d633419ac6012c80f9376210e47642ca3d70d82" />
	</machine>
	<machine name="astrobl">
		<description>Astro Blaster</description>
		<year>2016</year>
		<publisher>Retro Software</publisher>
		<rom name="AstroBlaster.adf" size="95488" crc="372f352b" sha1="cc247c41bad2c00f99639af93e89bfb29692b00f" />
	</machine>
	<machine name="bikes">
		<description>Bikes</description>
		<year>1990</year>
		<publisher>Department of Education and The Arts Tasmania</publisher>
		<rom name="Bikes 1 Version 2.0-06-90.adl" size="655360" crc="3ca4ba99" sha1="397501a286ed9b1ebd5421a980e3ce3d5ca9008d" />
		<rom name="Bikes 2 Version 2.0-06-90.adl" size="655360" crc="06fcff2e" sha1="30888334f787a5762ed3d31e9ddf387888997674" />
		<rom name="Bikes Toolkit Version 2.0-06-90.adl" size="655360" crc="37eab1ee" sha1="033c50aea500c95ff334d60ec31625d95ae2fe3a" />
	</machine>
	<machine name="carnival">
		<description>Carnival</description>
		<year>2014</year>
		<publisher>Retro Software</publisher>
		<rom name="carnival.adf" size="25600" crc="cbe0d763" sha1="5caf371370a1358540e8d042ccdb02db2c1470d6" />
	</machine>
	<machine name="codedro">
		<description>Codename: DROID</description>
		<year>1987</year>
		<publisher>Superior Software/Acornsoft</publisher>
		<rom name="Codename DROID (Superior) (BMC) (Disc35).fdi" size="3463936" crc="8ee0a2a3" sha1="d6f5595b6738f75b271958d0763d14fc08fafee9" />
	</machine>
	<machine name="colos4ch">
		<description>Colossus Chess 4.0</description>
		<year>1986</year>
		<publisher>CDS</publisher>
		<rom name="Colossus Chess 4 (CDS) (BMC) (Disc35).fdi" size="3468288" crc="5e009178" sha1="c09038f3803d3e4441042bd8c627ff010b63657e" />
	</machine>
	<machine name="connectn">
		<description>Connections</description>
		<year>1990</year>
		<publisher>Sherston Software</publisher>
		<rom name="connections_master_disc.adl" size="20224" crc="b3149805" sha1="3065c72fa3226f8741a019bd6c0dce7db11bdf7a" />
		<rom name="connections_print_disc.adl" size="327680" crc="22528474" sha1="46a6ea12d2acf53ccc682bc0d8b5ffb876800793" />
		<rom name="connections_work_disc.adl" size="327680" crc="823766c6" sha1="e89ab5643b66218a3f42911976700942e72a066d" />
	</machine>
	<machine name="dreamtim">
		<description>Dreamtime</description>
		<year>1989</year>
		<publisher>Sherston Software</publisher>
		<rom name="dreamtime.adl" size="655360" crc="57ff88cd" sha1="bdf7a8e3532874b74fa6658da7500fdb4d67603e" />
	</machine>
	<machine name="elite">
		<description>Elite</description>
		<year>1986</year>
		<publisher>Superior Software/Acornsoft</publisher>
		<rom name="Elite (Superior) (BMC) (Disc35).fdi" size="3205376" crc="a8580b91" sha1="8ec5c512d17432752c86e252f123d973098e3f5f" />
	</machine>
	<machine name="elited">
		<description>Elite [deprotected]</description>
		<year>1986</year>
		<publisher>Superior Software/Acornsoft</publisher>
		<rom name="elite.adm" size="327680" crc="4668a225" sha1="0716a525820045f6b2092dda2eca2fa6a651b381" />
	</machine>
	<machine name="exile">
		<description>Exile</description>
		<year>1988</year>
		<publisher>Superior Software/Acornsoft</publisher>
		<rom name="Exile (Superior) (BMC) (Disc35).fdi" size="3461632" crc="92c22af9" sha1="a0bc2024d42a1f488e9012ff88451bcf0abdb592" />
	</machine>
	<machine name="holedoc2">
		<description>Holed Out Extra Courses Vol.2</description>
		<year>1989</year>
		<publisher>4th Dimension</publisher>
		<rom name="Holed Out - Extra Courses Vol 2 (Fourth Dimension, The) (BMC) (Disc35).fdi" size="3596800" crc="bab311ef" sha1="df3747e8a3327fd63d3db91be39bcfa4572da095" />
	</machine>
	<machine name="holedout">
		<description>Holed Out</description>
		<year>1989</year>
		<publisher>4th Dimension</publisher>
		<rom name="Holed Out (Fourth Dimension, The) (BMC) (Disc35).fdi" size="3363584" crc="437cccc6" sha1="ab730a66e28c6ff0028b944e2d988ab79c5c492f" />
	</machine>
	<machine name="krystalc">
		<description>The Krystal Connection</description>
		<year>2009</year>
		<publisher>Retro Software</publisher>
		<rom name="The Krystal Connection (2009)(Retro Software).adf" size="39680" crc="3f565fdf" sha1="e6ce604c23e32ad3e42b3fcd9b23ba57376bc621" />
	</machine>
	<machine name="mapventu">
		<description>Mapventure</description>
		<year>1988</year>
		<publisher>Sherston Software</publisher>
		<rom name="dreamtime.adl" size="655360" crc="033c7088" sha1="5f8b66af0b6d81f3829ac9371bbf79825536461f" />
	</machine>
	<machine name="microbug">
		<description>The Microbugs</description>
		<year>1989</year>
		<publisher>Sherston Software</publisher>
		<rom name="micro_bugs_adventure_disc.adl" size="655360" crc="7baa88ae" sha1="28aeb331a70ccadf45bd9800821539973b5be24f" />
		<rom name="micro_bugs_start_disc.adl" size="655360" crc="ec6f8494" sha1="47d9884a44ece0328a5adf640d88fb5edbdda12a" />
	</machine>
	<machine name="mpmagic">
		<description>Micro Power Magic</description>
		<year>1986</year>
		<publisher>Micro Power</publisher>
		<rom name="Micro Power Magic (Micro Power) (BMC) (Disc35).fdi" size="3448832" crc="fbf0e03c" sha1="ac6bcc7df5f6dc8a925d074416089d242413a409" />
	</machine>
	<machine name="pias2">
		<description>Play It Again Sam 2</description>
		<year>198?</year>
		<publisher>Superior Software/Acornsoft</publisher>
		<rom name="Play It Again Sam 2 (Superior) (BMC) (Disc35).fdi" size="3551232" crc="127cca5b" sha1="b0c2c78487e1d1d514c221e50b3a6a39df1fb17b" />
	</machine>
	<machine name="pias">
		<description>Play It Again Sam</description>
		<year>1987</year>
		<publisher>Superior Software/Acornsoft</publisher>
		<rom name="Play It Again Sam (Superior) (BMC) (Disc35).fdi" size="3719168" crc="480eacc7" sha1="bb6f58124f1afd20471c73893582aa1ca4e12b38" />
	</machine>
	<machine name="pigshome">
		<description>Three Little Pigs at Home</description>
		<year>1992</year>
		<publisher>Sherston Software</publisher>
		<rom name="three_little_pigs_at_home.adl" size="655360" crc="18e63cfd" sha1="d3b272f26f395fc987d5b0749bae88ef76ba7fe1" />
	</machine>
	<machine name="qmaster">
		<description>Q-Master</description>
		<year>1991</year>
		<publisher>4th Dimension</publisher>
		<rom name="Q-Master (Fourth Dimension, The) (BMC) (Disc35).fdi" size="3263488" crc="be8358e4" sha1="4941f2ace2ca1b09f3563e28e767ee4307d98c8f" />
	</machine>
	<machine name="reptonti">
		<description>Repton Thru Time</description>
		<year>1988</year>
		<publisher>Superior Software/Acornsoft</publisher>
		<rom name="Repton Thru Time (Superior) (BMC) (Disc35).fdi" size="3601408" crc="b31c34a1" sha1="fe38370a119ee9f278569bb5a088d0e4055fc92f" />
	</machine>
	<machine name="reptonwo">
		<description>Repton Around the World in 40 Screens</description>
		<year>1987</year>
		<publisher>Superior Software/Acornsoft</publisher>
		<rom name="Around the World in 40 Screens (Superior) (BMC) (Disc35).fdi" size="3400192" crc="68ff41a2" sha1="4d4e48bfc7fdb6660e64b676dbe2b630034f0814" />
	</machine>
	<machine name="spacemad">
		<description>Space Mission Mada</description>
		<year>1986</year>
		<publisher>Sherston Software</publisher>
		<rom name="space_mission_mada_12.adl" size="655360" crc="ed7ea48e" sha1="c9131e515732dfebb296eb1a7c8bbc2f0b7aefe4" />
		<rom name="space_mission_mada_34.adl" size="655360" crc="29030385" sha1="aadaef6c3f6ca86e3cba9e250e86ab7cbb2e5403" />
	</machine>
	<machine name="stdsnook">
		<description>Steve Davis Snooker</description>
		<year>1986</year>
		<publisher>CDS</publisher>
		<rom name="Steve Davis Snooker (CDS) (BMC) (Disc35).fdi" size="3396096" crc="d2d2f15e" sha1="96e0adf8cb437c796b475d4785c337b7a1011612" />
	</machine>
	<machine name="stigdump">
		<description>Stig of the Dump</description>
		<year>1986</year>
		<publisher>Sherston Software</publisher>
		<rom name="stig_of_the_dump.adl" size="655360" crc="d7fd696c" sha1="568ec9f8f15506564881f623d62d6faefd191d1a" />
	</machine>
	<machine name="strykrun">
		<description>Stryker's Run</description>
		<year>1986</year>
		<publisher>Superior Software/Acornsoft</publisher>
		<rom name="Stryker's Run (Superior) (BMC) (Disc35).fdi" size="3726336" crc="2709ce38" sha1="8343477be489e7eeecf844446f05001423dc01e2" />
	</machine>
	<machine name="teachcup">
		<description>Teachers' Cupboard</description>
		<year>1988</year>
		<publisher>Sherston Software</publisher>
		<rom name="teachers_cupboard.adl" size="655360" crc="fe49aa4c" sha1="3dd73656e1b18f74acb78fd6cd0c7ea5888b5fff" />
	</machine>
	<machine name="tpicnic">
		<description>The Teddy Bears' Picnic</description>
		<year>1989</year>
		<publisher>Sherston Software</publisher>
		<rom name="teddy_bear_picnic.adl" size="655360" crc="4ff95e0e" sha1="494deb7727b3fe490a16b66ca471508e3d56e465" />
	</machine>
	<machine name="trainydy">
		<description>Teddy Bears' Rainy Day</description>
		<year>1993</year>
		<publisher>Sherston Software</publisher>
		<rom name="teddy_bear_rainy_day.adl" size="655360" crc="5854e1eb" sha1="731b3609fbe8b6d09ee2b3ef6db155fb2012cca8" />
	</machine>
	<machine name="uim">
		<description>U.I.M.</description>
		<year>1989</year>
		<publisher>4th Dimension</publisher>
		<rom name="UIM (Fourth Dimension, The) (BMC) (Disc35).fdi" size="3196928" crc="e86a2077" sha1="96102eeb1afb15fafddda4d92ad347bdbdbfcdc6" />
	</machine>
	<machine name="viewplot">
		<description>ViewPlot</description>
		<year>1986</year>
		<publisher>Acornsoft</publisher>
		<rom name="viewplot.adf" size="327680" crc="2ca1eade" sha1="12eaa4ac1c6a6484a886f313bb793a2c4537eb91" />
	</machine>
	<machine name="welcome">
		<description>Welcome &amp; Utilities Disc for Master Compact</description>
		<year>1986</year>
		<publisher>Acorn</publisher>
		<rom name="welcome_compact.adl" size="655360" crc="9d747205" sha1="04cfd6d1e08e8f695befb2948e27d63fd7842b8f" />
	</machine>
	<machine name="zap">
		<description>Zap!</description>
		<year>2009</year>
		<publisher>Retro Software</publisher>
		<rom name="Zap (2009)(Retro Software).adf" size="45312" crc="3554bc34" sha1="e8f206bf93c6b30295fd9926a37fb5743b8a3c93" />
	</machine>
</datafile>