<?xml version="1.0" encoding="utf-8"?>
<!DOCTYPE datafile PUBLIC "-//Logiqx//DTD ROM Management Datafile//EN" "http://www.logiqx.com/Dats/datafile.dtd">
<datafile>
	<header>
		<name>bbcm_cart</name>
		<description>Acorn BBC Master cartridges</description>
		<version>0.274</version>
		<author>Pleasuredome</author>
	</header>
	<machine name="abr104">
		<description>Advanced Battery-Backed RAM v1.04</description>
		<year>1987</year>
		<publisher>Advanced Computer Products</publisher>
		<rom name="PRES-ABR-Utils-1.04.rom" size="16384" crc="2c009b06" sha1="be245a32bba1f18614963587a61bcb622f404c95" />
	</machine>
	<machine name="abr">
		<description>Advanced Battery-Backed RAM v1.10</description>
		<year>1987</year>
		<publisher>Advanced Computer Products</publisher>
		<rom name="PRES-ABR-Utils-1.10.rom" size="16360" crc="e5aec5c1" sha1="b0066d9ee83a9144eb5942f106776174ae5df0d9" />
	</machine>
	<machine name="click100">
		<description>Click v1.00</description>
		<year>1990</year>
		<publisher>Slogger</publisher>
		<rom name="Click_M128-1.00.rom" size="16384" crc="8c633300" sha1="e7223334fd5cb5b3ed715421aa278b96b3ea39af" />
	</machine>
	<machine name="click">
		<description>Click v1.01</description>
		<year>1990</year>
		<publisher>Slogger</publisher>
		<rom name="Click_M128-1.01.rom" size="16384" crc="bab5539c" sha1="39732aad5fbb22c4ef3ac85d00e50a7f231d03bb" />
	</machine>
	<machine name="demo">
		<description>BBC Master Demonstration Cartridge</description>
		<year>1986</year>
		<publisher>Acorn</publisher>
		<rom name="bbcmasterdemonstrationcartridge_1.rom" size="16384" crc="fc40c0e8" sha1="970ff4721e707f3c843f4fb09ce7f03e7ab265ae" />
		<rom name="bbcmasterdemonstrationcartridge_2.rom" size="16384" crc="2e73522d" sha1="ff39620d93b18fd36a4718474495211a46ef8184" />
	</machine>
	<machine name="isopascal">
		<description>ISO-Pascal</description>
		<year>1986</year>
		<publisher>Acornsoft</publisher>
		<rom name="ISO-Pascal1-1.1.rom" size="16384" crc="ed1a7497" sha1="44cfe2d7fb0895a6c8858f09aaf5a96bcdcc3767" />
		<rom name="ISO-Pascal2-1.1.rom" size="16384" crc="73455b67" sha1="0e2354e8d93d9858dbd9d24dfa0aa96a206b0b25" />
	</machine>
	<machine name="lisp">
		<description>LISP</description>
		<year>1986</year>
		<publisher>Acornsoft</publisher>
		<rom name="Lisp_1.rom" size="16384" crc="fda4c546" sha1="24c7062fc3666cd6814d72e417146e32eb995b04" />
		<rom name="Lisp_2.rom" size="16384" crc="2eb56fc0" sha1="bdf09e553578d27a0cc202d409484dd8c2c3c085" />
	</machine>
	<machine name="mastersd">
		<description>Master SD</description>
		<year>2020</year>
		<publisher>Ramtop</publisher>
		<rom name="swmmfs-1.44.rom" size="16384" crc="a2891718" sha1="5dbd871f9f0c77016869d051657d2403b432addb" />
	</machine>
	<machine name="mastersdr2">
		<description>Master SD R2</description>
		<year>2020</year>
		<publisher>Ramtop</publisher>
		<rom name="swmmfs-1.44r2.rom" size="16384" crc="36bc3af1" sha1="6086e31b3dd46595403a03e3027a5acd4d74d60b" />
	</machine>
	<machine name="mega256">
		<description>Master Mega 256</description>
		<year>1987</year>
		<publisher>Solidisk</publisher>
		<rom name="Mega256-1.00.rom" size="8192" crc="4b8a1a44" sha1="d19b29fd849182901ec5755e9578e23382b4f479" />
	</machine>
	<machine name="mr8000a">
		<description>MR8000 Master RAM Cartridge (alt)</description>
		<year>1987</year>
		<publisher>Peartree Computers</publisher>
		<rom name="MR8000_1.1_alt.rom" size="16384" crc="28b4e469" sha1="5a259291551c9fc3708ea6585092450a7cc6ccd4" />
	</machine>
	<machine name="mr8000">
		<description>MR8000 Master RAM Cartridge</description>
		<year>1987</year>
		<publisher>Peartree Computers</publisher>
		<rom name="MR8000_1.1.rom" size="16384" crc="796085ac" sha1="0128c978754ae3ba723e98e230e5c36a84f5f03e" />
	</machine>
	<machine name="msc200">
		<description>Master Smart Cartridge v2</description>
		<year>1987</year>
		<publisher>Care Electronics</publisher>
		<rom name="smart_v2.rom" size="16384" crc="e9a8139e" sha1="26d6bbfe4b43f76be1f0cb2d96143112d3503840" />
	</machine>
	<machine name="msc">
		<description>Master Smart Cartridge v2.02</description>
		<year>1987</year>
		<publisher>Care Electronics</publisher>
		<rom name="smart_v2.02.rom" size="16384" crc="f9cc2e5e" sha1="1419f09408b83a9294c7b4a175d17ccf5d7eb76d" />
	</machine>
	<machine name="overview">
		<description>OverView</description>
		<year>1985</year>
		<publisher>Acornsoft</publisher>
		<rom name="viewspell.rom" size="16384" crc="e8840023" sha1="94036e81c4684f245a0111279a0a665262e93271" />
		<rom name="viewstore.rom" size="16384" crc="bc69c63e" sha1="5b9bf5bd57af043ddeaa182d188ceaea801bd11f" />
	</machine>
	<machine name="prisma2">
		<description>MasterPieCe 1.10</description>
		<year>1987</year>
		<publisher>G2 Systems</publisher>
		<rom name="MasterPieCe-1.10.rom" size="16384" crc="14b85cdd" sha1="c975041933dd0e223470292d169dd70568c25c59" />
	</machine>
	<machine name="prisma3p">
		<description>Prisma-3 2.30</description>
		<year>1990</year>
		<publisher>Millipede</publisher>
		<rom name="Prisma3-2.30-Main.rom" size="16384" crc="b9489c7c" sha1="59a7606e3b92e1c7fbd0075d54e4fffd7c28417e" />
		<rom name="Prisma3-2.30-Utils.rom" size="16384" crc="fa395bca" sha1="be7b1f590818e362a8acc5b203f0a08fce967f42" />
	</machine>
	<machine name="prisma3">
		<description>Prisma-3 1.30</description>
		<year>1988</year>
		<publisher>Millipede</publisher>
		<rom name="Prisma3-1.30-Main.rom" size="16384" crc="6ed1e8aa" sha1="ceda5ca869f960a4bb5368adbf4acd4861efd3a0" />
		<rom name="Prisma3-1.30-Utils.rom" size="16384" crc="76c42acb" sha1="36aab45a3565325dd31ada64934597bafe765ed8" />
	</machine>
	<machine name="techcad">
		<description>TechnoCAD</description>
		<year>1988</year>
		<publisher>Technomatic</publisher>
		<rom name="TechnoCAD-R1-1.00.rom" size="16384" crc="662a4f28" sha1="3a8a9c5c72212aeadf0c1f2ba8b3ff7f4a08ea2a" />
		<rom name="TechnoCAD-R2-1.00.rom" size="16384" crc="19fd969a" sha1="845f73dad31635a307db2d16a61b20ca4561f659" />
	</machine>
	<machine name="vfs">
		<description>Video Filing System ROM Cartridge</description>
		<year>1986</year>
		<publisher>Acorn</publisher>
		<rom name="vfs170.rom" size="16384" crc="b124a0bb" sha1="ba31c757815cf470402d7829a70a0e1d3fb1355b" />
	</machine>
	<machine name="videorom">
		<description>VideoROM: Videodisc Player Control Software</description>
		<year>1988</year>
		<publisher>The Soft Option</publisher>
		<rom name="BootROM_1.4.rom" size="16384" crc="59639755" sha1="173f619e0c794c5f2bbf1ad0beba92bce1d9716a" />
		<rom name="VideoROM_3.1.rom" size="16384" crc="e2089d1c" sha1="32c3aed1e8dc44997a7b567da012b85687062193" />
	</machine>
</datafile>