<?xml version="1.0" encoding="utf-8"?>
<!DOCTYPE datafile PUBLIC "-//Logiqx//DTD ROM Management Datafile//EN" "http://www.logiqx.com/Dats/datafile.dtd">
<datafile>
	<header>
		<name>brother_pn</name>
		<description>Brother PowerNote disks</description>
		<version>0.274</version>
		<author>Pleasuredome</author>
	</header>
	<machine name="pn8500">
		<description>PN-8500MDS/PN-8700MDS Version 2.01</description>
		<year>1996</year>
		<publisher>Brother</publisher>
		<rom name="uc8804001.img" size="1474560" crc="89a27598" sha1="2ffe45b946f51319548327c5da734ebf2735d01b" />
	</machine>
	<machine name="pn8510">
		<description>PN-8510MDS Version 1.0</description>
		<year>1997</year>
		<publisher>Brother</publisher>
		<rom name="uc9159001.img" size="1474560" crc="4158ae03" sha1="074a867f6e77532c4da99cd78a5662ec777535c2" />
		<rom name="uc9161001.img" size="1474560" crc="24555788" sha1="d27cee68e9887f72a4f4d84d5ed725ca6151c4d3" />
	</machine>
</datafile>