<?xml version="1.0" encoding="utf-8"?>
<!DOCTYPE datafile PUBLIC "-//Logiqx//DTD ROM Management Datafile//EN" "http://www.logiqx.com/Dats/datafile.dtd">
<datafile>
	<header>
		<name>bw12</name>
		<description>Bondwell 12 disk images</description>
		<version>0.274</version>
		<author>Pleasuredome</author>
	</header>
	<machine name="cpm22">
		<description>CP/M 2.2</description>
		<year>1984</year>
		<publisher>Digital Research Inc.</publisher>
		<rom name="bw12cpm2.imd" size="142458" crc="6858234c" sha1="72981d1616402e5071a5364041694f156eafb3c5" />
		<rom name="bw12vdsk.imd" size="166939" crc="45cba82c" sha1="d1478242cd736c15ef9f7668266cb854b7ca4f9e" />
	</machine>
</datafile>