<?xml version="1.0" encoding="utf-8"?>
<!DOCTYPE datafile PUBLIC "-//Logiqx//DTD ROM Management Datafile//EN" "http://www.logiqx.com/Dats/datafile.dtd">
<datafile>
	<header>
		<name>bw2</name>
		<description>Bondwell 2 disk images</description>
		<version>0.274</version>
		<author>Pleasuredome</author>
	</header>
	<machine name="calcstar">
		<description>CalcStar v1.45</description>
		<year>1981</year>
		<publisher>Micropro</publisher>
		<rom name="cs145.imd" size="119078" crc="a74b2551" sha1="be0c27f2ffd4a24b55c9cf8e5291afdb7c80c79c" />
	</machine>
	<machine name="cpm22">
		<description>CP/M 2.2 System Disk and Utilities</description>
		<year>1986</year>
		<publisher>Digital Research Inc.</publisher>
		<rom name="cpm22.imd" size="207783" crc="3aade386" sha1="28e2b4edd3b81e78d874814808ce5609c84a2e68" />
	</machine>
	<machine name="datastar">
		<description>Data Star v1.41</description>
		<year>1980</year>
		<publisher>Micropro</publisher>
		<rom name="ds141.imd" size="97150" crc="e8c05a05" sha1="e2b095a1e695dfdb000afc17da96e602c5bf1d42" />
	</machine>
	<machine name="repstar">
		<description>ReportStar v1.02</description>
		<year>1982</year>
		<publisher>Micropro</publisher>
		<rom name="rs102.imd" size="218276" crc="92a6933f" sha1="33637d6849e335041ed723f9ff1af2bfc070940d" />
	</machine>
	<machine name="schedule">
		<description>Scheduler Plus</description>
		<year>198?</year>
		<publisher>Micropro</publisher>
		<rom name="schedule.imd" size="337561" crc="7c74cc41" sha1="c14fa0abf2fecccb9865304fad3f6aa45c709bf0" />
	</machine>
	<machine name="wordstar">
		<description>WordStar v3.30</description>
		<year>1979</year>
		<publisher>Micropro</publisher>
		<rom name="ws330d1.imd" size="217266" crc="d293ae34" sha1="595f42f18d82a7cfa22736ba0fe6ce9a463a1590" />
		<rom name="ws330d2.imd" size="205296" crc="0a5b5463" sha1="59445f2cfb9bd684902a5d04baa84cfdc1533562" />
	</machine>
</datafile>