<?xml version="1.0" encoding="utf-8"?>
<!DOCTYPE datafile PUBLIC "-//Logiqx//DTD ROM Management Datafile//EN" "http://www.logiqx.com/Dats/datafile.dtd">
<datafile>
	<header>
		<name>c128_rom</name>
		<description>Commodore 128 Function ROMs</description>
		<version>0.274</version>
		<author>Pleasuredome</author>
	</header>
	<machine name="basic8">
		<description>BASIC 8.0: The Enhanced Graphics System for the C128</description>
		<year>1986</year>
		<publisher>Walrusoft</publisher>
		<rom name="basic8.bin" size="32768" crc="d0bdd4aa" sha1="ef64b7336966167dfd624fc7acafa1179e2c52b4" />
	</machine>
	<machine name="geos128">
		<description>GEOS 128 v2.0 (1571)</description>
		<year>1999</year>
		<publisher>&lt;unknown&gt;</publisher>
		<rom name="geos128am1571.bin" size="32768" crc="e438e085" sha1="23e0d7aa7f5c73d91c8759e21008044808f61496" />
	</machine>
	<machine name="geos1581de">
		<description>GEOS 128 v2.0 (1581) (Ger)</description>
		<year>1999</year>
		<publisher>&lt;unknown&gt;</publisher>
		<rom name="geos128ge1581.bin" size="32768" crc="1a60e07c" sha1="588bab588ad793b758cff26e68758065a42f15ea" />
	</machine>
	<machine name="geos1581">
		<description>GEOS 128 v2.0 (1581)</description>
		<year>1999</year>
		<publisher>&lt;unknown&gt;</publisher>
		<rom name="geos128am1581.bin" size="32768" crc="0790c2ea" sha1="3ba3902d47ac46f610dd58a1fec38fc1c0746fac" />
	</machine>
	<machine name="keydos">
		<description>KeyDOS v2.3</description>
		<year>1992</year>
		<publisher>Randy Winchester</publisher>
		<rom name="keydos.bin" size="32768" crc="79d84d04" sha1="ccda467d8f6c23928127e5a2fdaae964fcc946d4" />
		<rom name="keydos.d64" size="174848" crc="adc716d5" sha1="48c2820669b7cb5dfff7a006db18dfb39b3ef9a0" />
	</machine>
	<machine name="ramdos">
		<description>RamDOS 128 v4.5</description>
		<year>1991</year>
		<publisher>&lt;unknown&gt;</publisher>
		<rom name="ramdos128-4.5.bin" size="32768" crc="c73296ce" sha1="551bb1c78d044cd67210f79c6e732fe1ce3e91ce" />
	</machine>
	<machine name="servant">
		<description>The Servant v4.84</description>
		<year>1992</year>
		<publisher>Alf H. Jonassen</publisher>
		<rom name="servant.bin" size="32768" crc="f6588fb9" sha1="f13710b0ca23ac079d119f2f5703cdd763db5211" />
	</machine>
	<machine name="superchp">
		<description>Super Chip</description>
		<year>198?</year>
		<publisher>Utilities Unlimited</publisher>
		<rom name="super_chip.bin" size="32768" crc="a66f73c5" sha1="a766997b86db5bd9b77de551f0a6da6ad159b8d3" />
	</machine>
	<machine name="superchpb">
		<description>Super Chip B</description>
		<year>1988</year>
		<publisher>Utilities Unlimited</publisher>
		<rom name="super_chip_b.bin" size="32768" crc="defb9efd" sha1="86ef9268e4d01b8d4515677d1875cd11767984ee" />
	</machine>
</datafile>