<?xml version="1.0" encoding="utf-8"?>
<!DOCTYPE datafile PUBLIC "-//Logiqx//DTD ROM Management Datafile//EN" "http://www.logiqx.com/Dats/datafile.dtd">
<datafile>
	<header>
		<name>conchess</name>
		<description>Conchess library modules</description>
		<version>0.274</version>
		<author>Pleasuredome</author>
	</header>
	<machine name="l16">
		<description>Conchess L16</description>
		<year>1985</year>
		<publisher>Systemhuset / Loproc</publisher>
		<rom name="l16_e1_6_8.bin" size="8192" crc="b6768444" sha1="40a9bc67015235da1c9711937c2b03c6606b1a95" />
		<rom name="l16_e2_4_6.bin" size="8192" crc="adb018c5" sha1="a353c0870219aa250d16f6989eeb14b00c491410" />
	</machine>
	<machine name="l">
		<description>Conchess L</description>
		<year>1983</year>
		<publisher>Consumenta Computer / Loproc</publisher>
		<rom name="l_book.bin" size="8192" crc="a2e2682f" sha1="a0cd3297e46943eaff2466c65dde0857828ff929" />
	</machine>
</datafile>