<?xml version="1.0" encoding="utf-8"?>
<!DOCTYPE datafile PUBLIC "-//Logiqx//DTD ROM Management Datafile//EN" "http://www.logiqx.com/Dats/datafile.dtd">
<datafile>
	<header>
		<name>ctvboy</name>
		<description>Gakken Compact Vision TV Boy cartridges</description>
		<version>0.274</version>
		<author>Pleasuredome</author>
	</header>
	<machine name="chitaikuu">
		<description>Chitaikuu Daisakusen</description>
		<year>1983</year>
		<publisher>Gakken</publisher>
		<rom name="g-81774_sc93026p" size="4096" crc="34375c16" sha1="9d2da9727b6e3fd5ed9d4680286fefa5f84ac555" />
	</machine>
	<machine name="einvader">
		<description>Excite Invader</description>
		<year>1983</year>
		<publisher>Gakken</publisher>
		<rom name="g-81771_sc93019p" size="4096" crc="d04ce20c" sha1="3e52730064d08c05f32a632e4b70c96cbc99aa49" />
	</machine>
	<machine name="frogger">
		<description>Frogger</description>
		<year>1983</year>
		<publisher>Gakken</publisher>
		<rom name="g-81775_sc93024p" size="4096" crc="17334cfa" sha1="928b593055f9ee07cccbdc34489284230ade0d32" />
	</machine>
	<machine name="mrbomb">
		<description>Mr. Bomb</description>
		<year>1983</year>
		<publisher>Gakken</publisher>
		<rom name="g-81772_sc93020p" size="4096" crc="9901b9f6" sha1="95cab54338cb617990c5e87c18f7af881f66a6b0" />
	</machine>
	<machine name="robotan">
		<description>Robotan Wars</description>
		<year>1983</year>
		<publisher>Gakken</publisher>
		<rom name="g-81773_sc93021p" size="4096" crc="93324642" sha1="3e4e9860672995e8d72c28fc3834fafdf5d3e22b" />
	</machine>
	<machine name="shigaisen">
		<description>Shigaisen 200X-nen</description>
		<year>1983</year>
		<publisher>Gakken</publisher>
		<rom name="hd6801v0p_a75" size="4096" crc="b5c33f5b" sha1="b7bde83f606060c8ef23f9db1ba426411a0f0dbc" />
	</machine>
</datafile>