<?xml version="1.0" encoding="utf-8"?>
<!DOCTYPE datafile PUBLIC "-//Logiqx//DTD ROM Management Datafile//EN" "http://www.logiqx.com/Dats/datafile.dtd">
<datafile>
	<header>
		<name>dai_cass</name>
		<description>DAI Personal Computer cassettes</description>
		<version>0.274</version>
		<author>Pleasuredome</author>
	</header>
	<machine name="acrobat">
		<description>De Acrobaten</description>
		<year>198?</year>
		<publisher>&lt;unknown&gt;</publisher>
		<rom name="2bis.wav" size="8474728" crc="0d5a3bcf" sha1="2a3b9e93da0753c423787e36716e16ca9480104f" />
	</machine>
	<machine name="biorythm">
		<description>Calcul du Biorythme</description>
		<year>198?</year>
		<publisher>&lt;unknown&gt;</publisher>
		<rom name="biorythme.wav" size="3417434" crc="e89fa182" sha1="0b10826f4ce86ca99749f78f7c4a7b8cf483b73e" />
	</machine>
	<machine name="dessin">
		<description>Programme de Dessin</description>
		<year>198?</year>
		<publisher>&lt;unknown&gt;</publisher>
		<rom name="dessin.wav" size="4020808" crc="75f37036" sha1="6080dd40e1e4a2cee8bbf7f1ca6c979ecffebbc5" />
	</machine>
	<machine name="dgraph">
		<description>Demonstration Graphique DAI</description>
		<year>198?</year>
		<publisher>&lt;unknown&gt;</publisher>
		<rom name="demographbv.wav" size="9209948" crc="2d864a6a" sha1="bdd11f68ce56c71430d52aab195946b4276100d2" />
	</machine>
	<machine name="lewiscar">
		<description>Lewis Carroll</description>
		<year>198?</year>
		<publisher>&lt;unknown&gt;</publisher>
		<rom name="lewiscarrol.wav" size="5123796" crc="8b853469" sha1="6ce37dcbbafd5226de51cceb58e3d952cf588c50" />
	</machine>
	<machine name="morpion">
		<description>Jeu de Morpion</description>
		<year>198?</year>
		<publisher>&lt;unknown&gt;</publisher>
		<rom name="morpion.wav" size="4866728" crc="eef0df58" sha1="52273192a236eb2a3b5ab96949e672052128c414" />
	</machine>
	<machine name="nautilus">
		<description>Chasse Sous-marine</description>
		<year>198?</year>
		<publisher>&lt;unknown&gt;</publisher>
		<rom name="nautilus.wav" size="9359566" crc="c31d2ef8" sha1="311db74761013a80b6b323c0de081a8dedb17590" />
	</machine>
	<machine name="premier">
		<description>Colour Test</description>
		<year>198?</year>
		<publisher>&lt;unknown&gt;</publisher>
		<rom name="premier.wav" size="507438" crc="7d3ab866" sha1="7c2e4024e6f3b7909e7b490ccb5eae871cac1cb9" />
	</machine>
	<machine name="random">
		<description>Random</description>
		<year>198?</year>
		<publisher>&lt;unknown&gt;</publisher>
		<rom name="random.wav" size="449206" crc="1a8a5505" sha1="a5a20822292713f714f50f3c20d01d6c97bedb9f" />
	</machine>
</datafile>