<?xml version="1.0" encoding="utf-8"?>
<!DOCTYPE datafile PUBLIC "-//Logiqx//DTD ROM Management Datafile//EN" "http://www.logiqx.com/Dats/datafile.dtd">
<datafile>
	<header>
		<name>dgnbeta_flop</name>
		<description>Dragon Beta diskettes</description>
		<version>0.274</version>
		<author>Pleasuredome</author>
	</header>
	<machine name="ccompiler">
		<description>OS-9 C Compiler</description>
		<year>198?</year>
		<publisher>Dragon Data</publisher>
		<rom name="Dragon Beta(128) OS-9 C Compiler (198x)(Dragon Data Ltd).dmk" size="849936" crc="98332ce9" sha1="95faa725cb824f0429ca7280e4af53e23f0f106f" />
	</machine>
	<machine name="graphics">
		<description>OS-9 Graphics Demo and Source</description>
		<year>198?</year>
		<publisher>Dragon Data</publisher>
		<rom name="Dragon Beta(128) OS-9 Graphics Demo and Source (198x)(Dragon Data Ltd).dmk" size="849936" crc="28912161" sha1="529f90ed0905d149d76edf56a6ce464a50d38d04" />
	</machine>
	<machine name="os9l2v11">
		<description>OS-9 Level 2 v1.1 System Disk</description>
		<year>198?</year>
		<publisher>Dragon Data</publisher>
		<rom name="Dragon Beta(128) OS-9 Level 2 v1.1 System Disk (198x)(Dragon Data Ltd).dmk" size="849936" crc="5ad1d33c" sha1="08e4868046d648b0a78d3c01955e098a565db682" />
	</machine>
	<machine name="pascal">
		<description>OS-9 Pascal Compiler</description>
		<year>198?</year>
		<publisher>Dragon Data</publisher>
		<rom name="Dragon Beta(128) OS-9 Pascal Compiler (198x)(Dragon Data Ltd).dmk" size="849936" crc="90e51089" sha1="de2088bf18ea6d0e56c36d700ac4d6ebdd995d7b" />
	</machine>
</datafile>