<?xml version="1.0" encoding="utf-8"?>
<!DOCTYPE datafile PUBLIC "-//Logiqx//DTD ROM Management Datafile//EN" "http://www.logiqx.com/Dats/datafile.dtd">
<datafile>
	<header>
		<name>dim68k</name>
		<description>Dimension 68000 Disks</description>
		<version>0.274</version>
		<author>Pleasuredome</author>
	</header>
	<machine name="cpm102">
		<description>CP/M-68K Release 1.02</description>
		<year>1984</year>
		<publisher>Micro Craft Corporation</publisher>
		<rom name="utilities.imd" size="366224" crc="1e96fc5b" sha1="21f36070f0d0bf566e9f6cbebccd4c1d95992a5f" />
	</machine>
	<machine name="cpm103">
		<description>CP/M-68K Release 1.03</description>
		<year>1984</year>
		<publisher>Micro Craft Corporation</publisher>
		<rom name="system.imd" size="399441" crc="f7298f44" sha1="524828e55e006c90360f2aa6a43f1b567eb14118" />
	</machine>
	<machine name="cpm104">
		<description>CP/M-68K Release 1.04</description>
		<year>1984</year>
		<publisher>Micro Craft Corporation</publisher>
		<rom name="emulator.imd" size="405556" crc="fb78d788" sha1="1c3f77dad9645ff7401c9ff9b4d9254c99eafadb" />
	</machine>
	<machine name="cpm121">
		<description>CP/M-68K Release 1.21</description>
		<year>1984</year>
		<publisher>Micro Craft Corporation</publisher>
		<rom name="assembler.imd" size="381579" crc="05926cfa" sha1="feaa2f0a9833aae96882d8b880dcd4cc8bbf871c" />
		<rom name="clanguage.imd" size="302891" crc="2e6505af" sha1="8f2296b3e852600aa77d96bd5b66f8ca52e2a24e" />
		<rom name="emulator.imd" size="398409" crc="0f8cfc5b" sha1="5a3653bbf8f34ddf1b85565b069716ef30ede195" />
		<rom name="system.imd" size="369826" crc="18fe0e83" sha1="b389159e47c8fccc6674d3cb0e35d716f04d267e" />
		<rom name="utilities.imd" size="384645" crc="175e10da" sha1="47f3151805556a4fd0c9e33329dc2db1d3b28725" />
	</machine>
	<machine name="cpm124">
		<description>CP/M-68K Release 1.24</description>
		<year>1984</year>
		<publisher>Micro Craft Corporation</publisher>
		<rom name="assembler.imd" size="381558" crc="d0a9ced3" sha1="11ba67ffa495eb81b76eab72cfff30e77a604d00" />
		<rom name="clanguage.imd" size="318713" crc="a0d6748d" sha1="080adfd1f435895bac511231e654beeb59e7657d" />
		<rom name="emulator.imd" size="395324" crc="60264ee0" sha1="fcd206f5670d5289b618ee03fb0bcad937306f15" />
		<rom name="system.imd" size="365718" crc="302a26f0" sha1="e480f90206fc24b9d74681633a90f4d575c380ca" />
		<rom name="utilities.imd" size="343743" crc="c3bbf1f0" sha1="332771861b8a27deb307f2a758ce741406c3da36" />
	</machine>
	<machine name="d68brnin">
		<description>Dimension 68000 Burnin Test</description>
		<year>1984</year>
		<publisher>Micro Craft Corporation</publisher>
		<rom name="d68brnin.imd" size="181726" crc="40229a75" sha1="fac1f9a69ae9b9bac5ac7af35f21b8879a21aeb2" />
	</machine>
	<machine name="d68fort">
		<description>Fortran 68K</description>
		<year>1983</year>
		<publisher>Silicon Valley Software</publisher>
		<rom name="d68fort1.imd" size="391735" crc="db27dc48" sha1="b912b91ed49e828c91863d3f71d3a7d673ac08b1" />
		<rom name="d68fort2.imd" size="386625" crc="cdd04f0c" sha1="db9028aad6d757cf5dc316142d06398d7e27abab" />
	</machine>
	<machine name="ibmcopy">
		<description>IBM Program Copy for CP/M-68K</description>
		<year>198?</year>
		<publisher>&lt;unknown&gt;</publisher>
		<rom name="copy.imd" size="378492" crc="69f08641" sha1="2354199c84944c9111e293a0c1d1781727bc4af5" />
	</machine>
	<machine name="ibmemu">
		<description>IBM Emulator</description>
		<year>198?</year>
		<publisher>&lt;unknown&gt;</publisher>
		<rom name="emulator.imd" size="269117" crc="aa0f964e" sha1="c70553e904bf9671aab03900ef881b25c1be9ad8" />
	</machine>
</datafile>