<?xml version="1.0" encoding="utf-8"?>
<!DOCTYPE datafile PUBLIC "-//Logiqx//DTD ROM Management Datafile//EN" "http://www.logiqx.com/Dats/datafile.dtd">
<datafile>
	<header>
		<name>fp1100_cass</name>
		<description>Casio FP-1100 cassettes</description>
		<version>0.274</version>
		<author>Pleasuredome</author>
	</header>
	<machine name="aliengya">
		<description>Alien no Gyakushū</description>
		<year>1983?</year>
		<publisher>Compac</publisher>
		<rom name="alien_no_gyakushu.flac" size="5038983" crc="d811a8bd" sha1="f0526965f2eca20cf4f00a75871965840e5e5d10" />
	</machine>
	<machine name="atkseam">
		<description>Attack Sea Monster</description>
		<year>1983</year>
		<publisher>Hudson Soft</publisher>
		<rom name="attack_sea_monster.flac" size="6191452" crc="b141ff99" sha1="79fe0d17dd834becb812576e2d675dd545d826fe" />
	</machine>
	<machine name="backgamn">
		<description>Backgammon</description>
		<year>1983?</year>
		<publisher>Compac</publisher>
		<rom name="backgammon.flac" size="10143410" crc="c7a0198c" sha1="1951b7b2c3a859e1911148c1e11d022058dcf6a8" />
	</machine>
	<machine name="golf">
		<description>Golf Game</description>
		<year>1983?</year>
		<publisher>Compac</publisher>
		<rom name="golf_game.flac" size="11912054" crc="6b0873d5" sha1="422df8742ad60a69188e2b9c56b6f67f7c7515d9" />
	</machine>
	<machine name="kalah">
		<description>Kalah Game</description>
		<year>1983?</year>
		<publisher>Compac</publisher>
		<rom name="kalah_game.flac" size="6293088" crc="ca9ecf9e" sha1="09510eb05330aa9d803e895f544720c1cf3195ef" />
	</machine>
	<machine name="moo">
		<description>Moo Game</description>
		<year>1983?</year>
		<publisher>Compac</publisher>
		<rom name="moo_game.flac" size="3209415" crc="c2c4826e" sha1="3cf2953fb9f5caf8afef49cc2b801ffa529fa21f" />
	</machine>
	<machine name="renkuzu">
		<description>Renga Kuzushi</description>
		<year>1983?</year>
		<publisher>Compac</publisher>
		<rom name="renga_kuzushi.flac" size="1971347" crc="942819ed" sha1="4734622300f3b694ac739aea7be3d4a7229051a4" />
	</machine>
	<machine name="vegcrush">
		<description>Vegetable Crush</description>
		<year>1983</year>
		<publisher>Hudson Soft</publisher>
		<rom name="vegetable_crush.flac" size="21642009" crc="5b1ab7b0" sha1="84c0f1b5c823fb8aa6ff46fbb3cc48bfacde3a26" />
	</machine>
</datafile>