<?xml version="1.0" encoding="utf-8"?>
<!DOCTYPE datafile PUBLIC "-//Logiqx//DTD ROM Management Datafile//EN" "http://www.logiqx.com/Dats/datafile.dtd">
<datafile>
	<header>
		<name>gameking</name>
		<description>TimeTop GameKing cartridges</description>
		<version>0.274</version>
		<author>Pleasuredome</author>
	</header>
	<machine name="2004">
		<description>2004</description>
		<year>200?</year>
		<publisher>TimeTop</publisher>
		<rom name="2004.bin" size="131072" crc="ff4a99e2" sha1="b5dea250829224ce8cf18ec310ad503cb928667f" />
	</machine>
	<machine name="alcarlo">
		<description>Adventure Legend Carlo</description>
		<year>200?</year>
		<publisher>TimeTop</publisher>
		<rom name="adventure legend carlo.bin" size="131072" crc="7d61d215" sha1="741684b5379d4be732a98beace5d09f37ff19bbf" />
	</machine>
	<machine name="aries">
		<description>Aries</description>
		<year>200?</year>
		<publisher>TimeTop</publisher>
		<rom name="aries.bin" size="131072" crc="b854f1f2" sha1="1ad7a325aba2cf3593165b53e7ae3973388335f7" />
	</machine>
	<machine name="dinoadv">
		<description>Dino Adventure Legend</description>
		<year>200?</year>
		<publisher>TimeTop</publisher>
		<rom name="dino adventure legend.bin" size="131072" crc="bd06a31c" sha1="c2ea6cb2976d02a90f382f289aa8ddd4339bad98" />
	</machine>
	<machine name="duckman">
		<description>Duck Man</description>
		<year>200?</year>
		<publisher>TimeTop</publisher>
		<rom name="duck man.bin" size="131072" crc="9d12950a" sha1="376606097f66105d1a9e97e9793362f6f1e3b1a7" />
	</machine>
	<machine name="f1_2k4">
		<description>F1-2004 Racing</description>
		<year>200?</year>
		<publisher>TimeTop</publisher>
		<rom name="f1-2004 racing.bin" size="131072" crc="dae3a18d" sha1="939931d1eed8a353fb0cd065612479b52ee36242" />
	</machine>
	<machine name="feichun7">
		<description>Feichuan VII</description>
		<year>200?</year>
		<publisher>TimeTop</publisher>
		<rom name="feichuan vii.bin" size="131072" crc="f94715f1" sha1="98b1cd7d3d1fe1b1341bef0b2f7d4ae0052fdb01" />
	</machine>
	<machine name="happybal">
		<description>Happy Ball</description>
		<year>200?</year>
		<publisher>TimeTop</publisher>
		<rom name="happy ball.bin" size="131072" crc="79d4e738" sha1="fc14712260ed6e3d6313055046546d37b7c838d2" />
	</machine>
	<machine name="happykil">
		<description>Happy Killer</description>
		<year>200?</year>
		<publisher>TimeTop</publisher>
		<rom name="happy killer.bin" size="131072" crc="9fd7ec65" sha1="705309829ee87689793c15be1f781d52471908d6" />
	</machine>
	<machine name="lanner">
		<description>Lanneret</description>
		<year>200?</year>
		<publisher>TimeTop</publisher>
		<rom name="lanneret.bin" size="131072" crc="249df6a5" sha1="bcf92ab85cc97ffe94d6a363a87b0b5de62c3c66" />
	</machine>
	<machine name="mc_4szlh">
		<description>4 in 1 - S.Z.L.H + Colo + F1-2004 + Popper</description>
		<year>200?</year>
		<publisher>TimeTop</publisher>
		<rom name="4in1 - szlh, colo, f12004, popper.bin" size="1048576" crc="0316eb98" sha1="71a3a4f2fc49c4e19c016d036aba63d8437489a0" />
	</machine>
	<machine name="mc_4v01">
		<description>4 in 1 - AirWar + DeadShot + Challenge + Speedboat</description>
		<year>200?</year>
		<publisher>TimeTop</publisher>
		<rom name="gk_airwar_deadshot_challenge_speedboat.bin" size="1048576" crc="bdb6c3b9" sha1="f78310f3e39cc3794c2db17a25746f9f8933e485" />
	</machine>
	<machine name="mc_4v02a">
		<description>4 in 1 - Chaser + Blaster + StarWars + Nagual (set 2)</description>
		<year>200?</year>
		<publisher>TimeTop</publisher>
		<rom name="4in1 - chaser blaster starwars nagual.gk" size="524288" crc="f6fbb988" sha1="8378a01b4443d054ecde447314dbc45c4ea7d0ed" />
	</machine>
	<machine name="mc_4v02">
		<description>4 in 1 - Chaser + Blaster + StarWars + Nagual (set 1)</description>
		<year>200?</year>
		<publisher>TimeTop</publisher>
		<rom name="gk_4in1_chaser_blaster_starwars_nagual.bin" size="524288" crc="8a49e7ca" sha1="5c40c158564932184b14a5f481f7053aa00811e0" />
	</machine>
	<machine name="mc_4v03">
		<description>4 in 1 - DraculaZone (Surf Eidolon) + Hero + PocketTank + Star Ghazi</description>
		<year>200?</year>
		<publisher>TimeTop</publisher>
		<rom name="gk_4in1_draculazone_hero_pockettank_starchazi.bin" size="524288" crc="5e0dac04" sha1="87fc1a06f00a313e8a49e06170d741e57df991f4" />
	</machine>
	<machine name="mc_4v04">
		<description>4 in 1 - Farer + Sortie + PhantomFighter + SeaBed War</description>
		<year>200?</year>
		<publisher>TimeTop</publisher>
		<rom name="gk_4in1_farer_sortie_phantomfighter_seabedwar.bin" size="1048576" crc="795fa7b0" sha1="8b11f9991c9e232f0b8bd781d85e1f40a1dbb372" />
	</machine>
	<machine name="mc_4v05a">
		<description>4 in 1 - SeaGuard + Whirlybird + Spectask + Captain (set 2)</description>
		<year>200?</year>
		<publisher>TimeTop</publisher>
		<rom name="seaguard-whirlybird-spectask-captain.gk" size="524288" crc="ab79bd72" sha1="5c364f6c21559bd6e0db3f73da7d6dc6e7fe4b4b" />
	</machine>
	<machine name="mc_4v05">
		<description>4 in 1 - SeaGuard + Whirlybird + Spectask + Captain (set 1)</description>
		<year>200?</year>
		<publisher>TimeTop</publisher>
		<rom name="gk_4in1_seaguard_whirlybird_spectask_captain.bin" size="524288" crc="465ad7c1" sha1="fde6bf47e1b88c8a73755ef98eee74b964e7fed5" />
	</machine>
	<machine name="mc_4v06a">
		<description>4 in 1 - Three Battles + Light Sword + Risker + Metal Deform (512KB cartridge, set 2)</description>
		<year>200?</year>
		<publisher>TimeTop</publisher>
		<rom name="gk_4in1_threebattles_lightsword_risker_metaldeform_512kb_set2.bin" size="524288" crc="6becf602" sha1="02f90d5d4609fe7005e2f357bb76d84ea50c9100" />
	</machine>
	<machine name="mc_4v06b">
		<description>4 in 1 - Three Battles + Light Sword + Risker + Metal Deform (1MB cartridge)</description>
		<year>200?</year>
		<publisher>TimeTop</publisher>
		<rom name="gk_4in1_threebattles_lightsword_risker_metaldeform_1mb.bin" size="1048576" crc="ca59c576" sha1="614cbc4bff39b38d0efa0aa4b35ac870c45ca886" />
	</machine>
	<machine name="mc_4v06">
		<description>4 in 1 - Three Battles + Light Sword + Risker + Metal Deform (512KB cartridge, set 1)</description>
		<year>200?</year>
		<publisher>TimeTop</publisher>
		<rom name="gk_4in1_threebattles_lightsword_risker_metaldeform_512kb.bin" size="524288" crc="eb9399df" sha1="2f698fc716b3006f968d2b89a28424ca75ad2741" />
	</machine>
	<machine name="mc_4v07a">
		<description>4 in 1 - TrojanLegend (Trojan) + HappyBall + Supermotor (Motor) + Lanneret (Hawk) (512KB cartridge)</description>
		<year>200?</year>
		<publisher>TimeTop</publisher>
		<rom name="4in1 - Hawk - Trojan - Motor - Happyball.bin" size="524288" crc="843e5a2f" sha1="bbbc5c324ac501ee901e9bb7122519eda3adc3e8" />
	</machine>
	<machine name="mc_4v07">
		<description>4 in 1 - TrojanLegend (Trojan) + HappyBall + Supermotor (Motor) + Lanneret (Hawk) (1MB cartridge)</description>
		<year>200?</year>
		<publisher>TimeTop</publisher>
		<rom name="gk_4in1_trojanlegend_happyball_supermotor_lanneret.bin" size="1048576" crc="99d8b18a" sha1="3154016d3e57a96f657b533a9d7b0c4bbaf04654" />
	</machine>
	<machine name="mc_4v08">
		<description>4 in 1 Vol. 8 - 2004 + Dragon + StreetHero + Penguin</description>
		<year>200?</year>
		<publisher>TimeTop</publisher>
		<rom name="gk_4in1_v8.bin" size="524288" crc="ad1a74b3" sha1="8789e0badbf6da1030561b86ba18f34749ee0796" />
	</machine>
	<machine name="mc_4v09">
		<description>4 in 1 Vol. 9 - Duckman + Ares + HappyKiller + Cycloneact</description>
		<year>200?</year>
		<publisher>TimeTop</publisher>
		<rom name="gk_4in1_vol9.bin" size="1048576" crc="f09aa5ac" sha1="81caa4374ae0113d663da7590ae864422d4eda44" />
	</machine>
	<machine name="mc_4v10a">
		<description>4 in 1 Vol. 10 - Soldier + Seatercel + General + Seafight (1MB cartridge)</description>
		<year>200?</year>
		<publisher>TimeTop</publisher>
		<rom name="4in1no10_1meg.bin" size="1048576" crc="cb34960d" sha1="52c27538c8ad91b3b41c3b49236d4f4daa6a80cb" />
	</machine>
	<machine name="mc_4v10">
		<description>4 in 1 Vol. 10 - Soldier + Seatercel + General + Seafight (512KB cartridge)</description>
		<year>200?</year>
		<publisher>TimeTop</publisher>
		<rom name="4in1no10_512kb.bin" size="524288" crc="b25b1080" sha1="24bc65a9e49ba6f0ffc19b3b858d6c576a3196f7" />
	</machine>
	<machine name="mc_4v11">
		<description>4 in 1 Vol. 11 - Explorer + Magician + AirHero + HappyGarden</description>
		<year>200?</year>
		<publisher>TimeTop</publisher>
		<rom name="gk_4in1_vol11.bin" size="524288" crc="1bd50766" sha1="628b3b9b4f37f881f0aa19f30debb1bca06e0879" />
	</machine>
	<machine name="mc_4v12">
		<description>4 in 1 Vol. 12 - Pet + Arrow + Fighter + Airforce</description>
		<year>200?</year>
		<publisher>TimeTop</publisher>
		<rom name="gk_4in1_vol12.bin" size="524288" crc="504eea37" sha1="06a45e4aaf8b225d9863a112c910a864c4edf116" />
	</machine>
	<machine name="mc_4v13">
		<description>4 in 1 Vol. 13 - Might + Brains + Catman + Armada</description>
		<year>200?</year>
		<publisher>TimeTop</publisher>
		<rom name="gk_4in1_vol13.bin" size="524288" crc="1dfb2741" sha1="334a54ebc22f70bacfc87b2f5228f0649970d599" />
	</machine>
	<machine name="mc_4v14">
		<description>4 in 1 - CS-I + Soldier + Sea War + Thunderbird</description>
		<year>200?</year>
		<publisher>TimeTop</publisher>
		<rom name="4in1 - cs-i, soldier, sea war, thunderbird.bin" size="1048576" crc="80f19e56" sha1="e75fb8fbf893881cc30696414c36c88e80656d06" />
	</machine>
	<machine name="mc_4v15">
		<description>4 in 1 - Elfin + Chariot + Searcher + Peace Havass</description>
		<year>200?</year>
		<publisher>TimeTop</publisher>
		<rom name="4in1 - elfin, chariot, searcher, peace havass.bin" size="1048576" crc="8239061d" sha1="032de7367525f92fff88ea778f53987eed567838" />
	</machine>
	<machine name="mc_4v16a">
		<description>4 in 1 - Manhunt + Bobby + Tantivy + Racing Car (512KB cartridge)</description>
		<year>200?</year>
		<publisher>TimeTop</publisher>
		<rom name="4in1 - Manhunt - Bobby - Tantivy - Racing Car.bin" size="524288" crc="120c3e35" sha1="9990c1c6a3bcbe4b9def092c7c0552f6643d3e2f" />
	</machine>
	<machine name="mc_4v16">
		<description>4 in 1 - Manhunt + Bobby + Tantivy + Racing Car (1MB cartridge)</description>
		<year>200?</year>
		<publisher>TimeTop</publisher>
		<rom name="4in1 - manhunt, bobby, tantivy, racing car.bin" size="1048576" crc="80f1bf46" sha1="e6f496e299589a3974be176d4b4215ad4aa0583c" />
	</machine>
	<machine name="mc_4v17">
		<description>4 in 1 - Nagual + Revenger + Terminator + Black Jack</description>
		<year>200?</year>
		<publisher>TimeTop</publisher>
		<rom name="4in1 - nagual, revenger, terminator, black jack.bin" size="1048576" crc="f930124b" sha1="d81a903dc531d84609e1f017f18a111ec671aa84" />
	</machine>
	<machine name="mc_4v18">
		<description>4 in 1 - Nobody + Bad Boy + Air Wrestle + MotherLove</description>
		<year>200?</year>
		<publisher>TimeTop</publisher>
		<rom name="4in1 - nobody, bad boy, air wrestle, motherlove.bin" size="1048576" crc="9205aaf8" sha1="bfa52063f1cf3a10368d6bc5793c95624c7287c8" />
	</machine>
	<machine name="mc_4v19a">
		<description>4 in 1 - Warrior + Cleverhawk + Valiant + MetalDeform (1MB cartridge)</description>
		<year>2005</year>
		<publisher>TimeTop</publisher>
		<rom name="4in1 - warrior, cleverhawk, valiant, metaldeform (1mb cart type).bin" size="1048576" crc="c246510d" sha1="d27427b6c9670a12a01e89cc4b39298bc0682748" />
	</machine>
	<machine name="mc_4v19">
		<description>4 in 1 - Warrior + Cleverhawk + Valiant + MetalDeform (512KB cartridge)</description>
		<year>2005</year>
		<publisher>TimeTop</publisher>
		<rom name="4in1 - warrior, cleverhawk, valiant, metaldeform (512kb cart type).bin" size="524288" crc="1a673940" sha1="564941836fe82baa4e1534dd373b169a47a62a06" />
	</machine>
	<machine name="penguin">
		<description>Penguin</description>
		<year>200?</year>
		<publisher>TimeTop</publisher>
		<rom name="penguin.bin" size="131072" crc="8c7b81c9" sha1="2f253b6ab6f6b9fc114ffca120d13df2e1e5f860" />
	</machine>
	<machine name="popper">
		<description>Popper</description>
		<year>200?</year>
		<publisher>TimeTop</publisher>
		<rom name="popper.bin" size="131072" crc="a704617b" sha1="314931548578303e5e80a2bcb03c92472cb014d9" />
	</machine>
	<machine name="seatrcel">
		<description>Seatercel</description>
		<year>200?</year>
		<publisher>TimeTop</publisher>
		<rom name="seatercel.bin" size="131072" crc="e6e1a381" sha1="a31e8361baad16bf0ad02fa809421e3a8f8607f7" />
	</machine>
	<machine name="shero">
		<description>Street Hero</description>
		<year>200?</year>
		<publisher>TimeTop</publisher>
		<rom name="street hero.bin" size="131072" crc="9e0fe489" sha1="2c442126999e4b112a48e42a82dfa9ad9d6efa22" />
	</machine>
	<machine name="smotor">
		<description>Supermotor</description>
		<year>200?</year>
		<publisher>TimeTop</publisher>
		<rom name="supermotor.bin" size="131072" crc="6290b94b" sha1="0c3011da35170241637907bb23d79355db38f343" />
	</machine>
	<machine name="soldier">
		<description>Soldier</description>
		<year>200?</year>
		<publisher>TimeTop</publisher>
		<rom name="soldier.bin" size="131072" crc="0a1ac0ed" sha1="590e2ed2b72ad2e3a8c1d6b115c7c9acabf9aa63" />
	</machine>
	<machine name="trojanl">
		<description>Trojan Legend</description>
		<year>200?</year>
		<publisher>TimeTop</publisher>
		<rom name="trojan legend.bin" size="131072" crc="b832db4f" sha1="5a152bfb2ba2150cff9dc66729ceadc0b47d4f17" />
	</machine>
</datafile>