<?xml version="1.0" encoding="utf-8"?>
<!DOCTYPE datafile PUBLIC "-//Logiqx//DTD ROM Management Datafile//EN" "http://www.logiqx.com/Dats/datafile.dtd">
<datafile>
	<header>
		<name>gjmovie</name>
		<description>VTech Genius Junior Movie cartridges</description>
		<version>0.274</version>
		<author>Pleasuredome</author>
	</header>
	<machine name="wuz">
		<description>Wort-und Zahlenspaß</description>
		<year>1993</year>
		<publisher>VTech</publisher>
		<rom name="27-5364-00.u6" size="262144" crc="203f0461" sha1="dfc8bb341f703c5f018a7222c24d4a2195316387" />
	</machine>
</datafile>