<?xml version="1.0" encoding="utf-8"?>
<!DOCTYPE datafile PUBLIC "-//Logiqx//DTD ROM Management Datafile//EN" "http://www.logiqx.com/Dats/datafile.dtd">
<datafile>
	<header>
		<name>gjrstar</name>
		<description>VTech Genius Junior Redstar cartridges</description>
		<version>0.274</version>
		<author>Pleasuredome</author>
	</header>
	<machine name="matematika">
		<description>Matematika - Podarok Pervoklassniku</description>
		<year>????</year>
		<publisher>Video Technology / DzhiNo</publisher>
		<rom name="80-10126-04.bin" size="65536" crc="5c0c2e30" sha1="b75119188354833695c1e9a7686ac244b474ff09" />
	</machine>
	<machine name="nazagadki">
		<description>Narodnyye Zagadki</description>
		<year>????</year>
		<publisher>Video Technology / DzhiNo</publisher>
		<rom name="80-10126-08.bin" size="65536" crc="1c667c44" sha1="32f7a33a6ae95dc9b68e215e73a8c4a203d39033" />
	</machine>
	<machine name="poiskakhds">
		<description>V Poiskakh Dukhovnykh Sokrovishch</description>
		<year>????</year>
		<publisher>Video Technology / DzhiNo</publisher>
		<rom name="80-10126-14.bin" size="65536" crc="87e0ba37" sha1="902d1417d1fcc26216b35d18c685bbcf5b65b96c" />
	</machine>
	<machine name="wortspie">
		<description>Wortspiele</description>
		<year>200?</year>
		<publisher>Video Technology</publisher>
		<rom name="27-5883-00" size="262144" crc="99214bce" sha1="75294fbc411b0b39b3db4727824faf29127675af" />
	</machine>
</datafile>