<?xml version="1.0" encoding="utf-8"?>
<!DOCTYPE datafile PUBLIC "-//Logiqx//DTD ROM Management Datafile//EN" "http://www.logiqx.com/Dats/datafile.dtd">
<datafile>
	<header>
		<name>h88_cass</name>
		<description>Heath H88 cassettes</description>
		<version>0.274</version>
		<author>Pleasuredome</author>
	</header>
	<machine name="bug8_02_05_00">
		<description>BUG-8 02.05.00</description>
		<year>1978</year>
		<publisher>Heath Corp.</publisher>
		<rom name="bug8_02_05_00.h8t" size="5027" crc="6013dd00" sha1="805f89fee7ade4cf9d2401b111006634d9239d92" />
	</machine>
	<machine name="bug8">
		<description>BUG-8 02.06.00</description>
		<year>1978</year>
		<publisher>Heath Corp.</publisher>
		<rom name="bug8_02_06_00.h8t" size="5143" crc="63ab0c02" sha1="29c0b0242dca535eebc911288df40f34813cf08b" />
	</machine>
	<machine name="exbasic">
		<description>Extended Benton Harbor Basic 10.06.00</description>
		<year>1979</year>
		<publisher>Heath Corp.</publisher>
		<rom name="exbasic_10_06_00.h8t" size="12188" crc="9fafdac1" sha1="f55bfab541640ac92e615e83eb2d705347d17510" />
	</machine>
	<machine name="exbasic_10_05_00">
		<description>Extended Benton Harbor Basic 10.05.00</description>
		<year>1978</year>
		<publisher>Heath Corp.</publisher>
		<rom name="exbasic_10_05_00.h8t" size="12028" crc="f7ff8fcc" sha1="d1010ed4d3cb68a0fb4a3380bf3d5c31b72bf370" />
	</machine>
	<machine name="exbasic_10_05_01">
		<description>Extended Benton Harbor Basic 10.05.01</description>
		<year>1978</year>
		<publisher>Heath Corp.</publisher>
		<rom name="exbasic_10_05_01.h8t" size="12029" crc="ac6f60f2" sha1="59cf1d2077548ba14cc5b600f065f3147b87a9e3" />
	</machine>
	<machine name="hasl8_04_05_00">
		<description>Heath H8 Assembler 04.05.00</description>
		<year>1978</year>
		<publisher>Heath Corp.</publisher>
		<rom name="hasl8_04_05_00.h8t" size="7514" crc="2a67cc74" sha1="aa109a5cfc4e84d002c1f237e072524d7eb00cf9" />
	</machine>
	<machine name="hasl8">
		<description>Heath H8 Assembler 04.06.00</description>
		<year>1979</year>
		<publisher>Heath Corp.</publisher>
		<rom name="hasl8_04_06_00.h8t" size="7656" crc="803261b4" sha1="475d2c9edd7d3b1e4e91e18265055747909882ff" />
	</machine>
	<machine name="ted8_03_05_00">
		<description>Heath/Wintek H8 Editor 03.05.00</description>
		<year>1979</year>
		<publisher>Heath Corp.</publisher>
		<rom name="ted8_03_05_00.h8t" size="6975" crc="b2f174ef" sha1="719305f2a431d77c8f77e49cf4d0f40765b59f0d" />
	</machine>
	<machine name="ted8">
		<description>Heath/Wintek H8 Editor 03.06.00</description>
		<year>1979</year>
		<publisher>Heath Corp.</publisher>
		<rom name="ted8_03_06_00.h8t" size="7099" crc="0e2d2186" sha1="a3df79d1629fc11864060e5858d554aa9b5963d1" />
	</machine>
</datafile>