<?xml version="1.0" encoding="utf-8"?>
<!DOCTYPE datafile PUBLIC "-//Logiqx//DTD ROM Management Datafile//EN" "http://www.logiqx.com/Dats/datafile.dtd">
<datafile>
	<header>
		<name>hp9k3xx_flop</name>
		<description>HP9000/300 disks</description>
		<version>0.274</version>
		<author>Pleasuredome</author>
	</header>
	<machine name="200dfilt">
		<description>Digital Filter Design</description>
		<year>1982</year>
		<publisher>Hewlett-Packard</publisher>
		<rom name="200DFILT.TD0" size="358291" crc="5a7678ca" sha1="a6280cf17f5e15e7b2734e4535fc87fb11e5122a" />
	</machine>
	<machine name="300test">
		<description>300 series Mainframe Tests</description>
		<year>1990</year>
		<publisher>Hewlett-Packard</publisher>
		<rom name="300TEST.TD0" size="262773" crc="70649dd0" sha1="fbbef8505b51ac6ec170e1fc8cc82237c88ec423" />
	</machine>
	<machine name="amsutil">
		<description>AMS Utilities for 200/300 series</description>
		<year>1988</year>
		<publisher>Applied Microcomputer Systems</publisher>
		<rom name="AMSUTIL.TD0" size="107569" crc="38e6edac" sha1="833de7b130ec0eccac9ef7afdaa6d6f8f7eb14f6" />
	</machine>
	<machine name="bas5boot">
		<description>HP Museum Basic 5 Boot Disc</description>
		<year>1988</year>
		<publisher>Hewlett-Packard</publisher>
		<rom name="BAS5BOOT.TD0" size="631033" crc="fbd0590c" sha1="67421066789930b5c82bed702d3a84aef5852de2" />
	</machine>
	<machine name="basic4">
		<description>HP BASIC 4.0</description>
		<year>1985</year>
		<publisher>Hewlett-Packard</publisher>
		<rom name="BAS4DRIV.TD0" size="139364" crc="52f08ce3" sha1="34f061e010c1bcf4b5b7d705f90a3c4c282d884e" />
		<rom name="BAS4LANX.TD0" size="265225" crc="7755ee9b" sha1="2688c045e5c86a24a259b9ed4b3d40f07034226d" />
		<rom name="BAS4MANX.TD0" size="259650" crc="5969dec2" sha1="d1fcf93261d86493ebadd29628e8dc30475baef2" />
		<rom name="BAS4SYS.TD0" size="290709" crc="29278b64" sha1="967f0ad6d11dfd18777d7be3b1261eb059452755" />
		<rom name="BAS4UTL1.TD0" size="239193" crc="01d595d9" sha1="b23920a82229291aaa44449f3ff94e1b0d8724b4" />
		<rom name="BAS4UTL2.TD0" size="141329" crc="bd66268d" sha1="2321304a149a49dc8c237cbb5ebc97b72f932c48" />
	</machine>
	<machine name="basic51">
		<description>HP BASIC 5.1</description>
		<year>1987</year>
		<publisher>Hewlett-Packard</publisher>
		<rom name="BAS5DRIV.TD0" size="239452" crc="543cc06b" sha1="31eed3f5b5f67761926194edbb09e1a87e22e927" />
		<rom name="BAS5HFSU.TD0" size="185347" crc="2ed6f116" sha1="2c150de8700d0a539ae4428b88176425704ff6ae" />
		<rom name="BAS5LANX.TD0" size="285859" crc="94ec026b" sha1="cc3fc5c04780bd7b2a6788d24e68683b361c67fd" />
		<rom name="BAS5MANX.TD0" size="256096" crc="fcdb7bd8" sha1="01e2fdebc66b44d153757522b954c3a645eb2fb5" />
		<rom name="BAS5SYS.TD0" size="293815" crc="c2ea7e12" sha1="ad5c86e1043d4ce593b506c0b1ad7aafd671a0a5" />
		<rom name="BAS5UTL1.TD0" size="286420" crc="5ac18113" sha1="b1b6c52a2ac053fd2a0fbf9eb8f42d877df0ebd2" />
		<rom name="BAS5UTL2.TD0" size="265006" crc="3b777db3" sha1="512f0200543bee99654896e12a44ea1dacc8be3f" />
	</machine>
	<machine name="basic64">
		<description>HP BASIC 6.4</description>
		<year>1993</year>
		<publisher>Hewlett-Packard</publisher>
		<rom name="B64BIN.TD0" size="547530" crc="8fb008d2" sha1="57236599512e4c1219771ebeef4b019e1ae6bfc3" />
		<rom name="B64HFS.TD0" size="187418" crc="522bfa71" sha1="0f8012cef1c701f67ab3d6f67c6f5a86fd395292" />
		<rom name="B64MANX.TD0" size="213101" crc="cfcfdaaa" sha1="ce309dd57751274e24f9ee41ad411ff54014ecdc" />
		<rom name="B64SYS.TD0" size="453731" crc="abd8472c" sha1="afd3e0f5295607ee6720a5af46bef8b5a14dda22" />
		<rom name="B64UTIL.TD0" size="450635" crc="a9095d36" sha1="9ebfc6d599e043cf67387e89a8db042b594c52f3" />
	</machine>
	<machine name="bc204">
		<description>BASIC 4.0 Compiler</description>
		<year>1985</year>
		<publisher>Infotek</publisher>
		<rom name="BC204.TD0" size="265520" crc="4539e7dc" sha1="c44225626d07c3b0ddf172d55ddf1093db9d65a8" />
	</machine>
	<machine name="bc305">
		<description>BASIC 5.0 Compiler</description>
		<year>1987</year>
		<publisher>Infotek</publisher>
		<rom name="BC305.TD0" size="264756" crc="16774d8c" sha1="43bca81bc1af6ac308d83ca19950e1be4dde562b" />
		<rom name="MB305.TD0" size="281042" crc="c57d56f2" sha1="a2f66bb61fcf20f2b6ae022cbc71e3474bb4a83a" />
	</machine>
	<machine name="cs80exer">
		<description>CS/80 Exerciser</description>
		<year>1984</year>
		<publisher>Hewlett-Packard</publisher>
		<rom name="CS80EXER.TD0" size="291792" crc="c02ec169" sha1="933a7a942774a2a58d9a383699d853342f3f9845" />
	</machine>
	<machine name="hpux51">
		<description>HP-UX 5.1</description>
		<year>1985</year>
		<publisher>Hewlett-Packard</publisher>
		<rom name="51CORE1.TD0" size="526260" crc="27f3e49c" sha1="b28a6a1e8db1cf32eeca578d852e4ce8f5ff5e6f" />
		<rom name="51CORE2.TD0" size="340984" crc="748d1e12" sha1="67bea9a39245c0cced93b461de86c92cb4616cc2" />
		<rom name="51CORE3.TD0" size="740227" crc="80b4c8d6" sha1="f1978aa487f1c37af9b2343039333a7eff7e8e66" />
		<rom name="51CORE4.TD0" size="644647" crc="de66f74b" sha1="9f75ec7888303a30ddfeb4c5739bede3ef142d07" />
		<rom name="51CORE5.TD0" size="604283" crc="92d3c0e9" sha1="f14f75c06a32e5f92efb5151b5a32bf181540b24" />
		<rom name="51CORE6.TD0" size="705527" crc="cf452513" sha1="40c2a81e2d48fac63897f707c57a58de3fdb2bb8" />
		<rom name="51CORE7.TD0" size="665385" crc="2d2c52d9" sha1="edea2861c7030d5daab6f9d35af0711c81abbdac" />
		<rom name="51CORE8.TD0" size="618459" crc="3ffabd35" sha1="0ba1dd0198900920c1d822b146e49c8bf6152bb2" />
		<rom name="51FORTRA.TD0" size="733566" crc="5ee36db4" sha1="e00ede3ee97fa82fcc81ec489c70ad14475be90e" />
		<rom name="51MUTL1.TD0" size="734517" crc="2d15154e" sha1="e8f6c71c923b1b81c6f7ff214a356ada1d56d19a" />
		<rom name="51MUTL2.TD0" size="699061" crc="3c587ee3" sha1="ad7d667e23664a6f7ff3882b3d99d41f7a613157" />
		<rom name="51MUTL3.TD0" size="426495" crc="7fb38891" sha1="b1f6f7c509115b8670a78741229baf972d1e5479" />
		<rom name="51MUTL4.TD0" size="594909" crc="28a3d395" sha1="5e5652229e8d5ee6530e0d54b68db9c83ec7f5d5" />
		<rom name="51PRLG1.TD0" size="591510" crc="4e29d0e3" sha1="71ea5a49617f7c4e20a220a623ba43e14614fa9f" />
		<rom name="51PRLG2.TD0" size="415172" crc="06c9faf2" sha1="34b754cf02313dbc26a3504a8be44b13b9a42040" />
		<rom name="51PRLG3.TD0" size="382385" crc="fca1299c" sha1="91cc506865fe741c35f7b06ba6f0f7e2d6ccb02e" />
		<rom name="51PRLG4.TD0" size="614841" crc="12726a89" sha1="78620b1437da9143fd275deb84fc388bf8358804" />
		<rom name="51PRLG5.TD0" size="400877" crc="f31012c0" sha1="8d538400405ed8a3f1f07358a252510d12d3db95" />
		<rom name="51TEXT1.TD0" size="173113" crc="f94ecacc" sha1="812f8bacfda4e6de3dbc7cc132b0bf31447c63a5" />
		<rom name="51TEXT2.TD0" size="790807" crc="f08a94f1" sha1="13ca2fe05f7c094bc85224a1f88c51e6115e7526" />
		<rom name="51TEXT3.TD0" size="673391" crc="3b136a23" sha1="22e2f02c1bc7e55ffab4a9289867ccdf2931cd93" />
		<rom name="51TEXT4.TD0" size="721665" crc="c044710e" sha1="c0ba6f96ccc2aae6e403cdff877726074f1850c3" />
		<rom name="51TEXT5.TD0" size="766121" crc="100597df" sha1="b11f991207ac27f531a88c3e3cde07b7b69d8ab8" />
		<rom name="51TEXT6.TD0" size="488751" crc="0675f7d3" sha1="07e584fb16598a40fb50dafcb9566d0403acf3d4" />
		<rom name="51TEXT7.TD0" size="628887" crc="be8d38ba" sha1="50c7eb08468e7aea18c5ec47a129076cb60a3d7d" />
		<rom name="51TOOL1.TD0" size="542664" crc="11620ea5" sha1="4f9ed85c9e7d7ce6c3c94cea3e8e9138fd6d8910" />
		<rom name="51TOOL2.TD0" size="630480" crc="82ed0e66" sha1="a2873ccd896979b26df285554200e9ae4f4f676e" />
		<rom name="51TOOL3.TD0" size="623202" crc="a505f45d" sha1="4cf6db94152e7aa633b16a0d1d847d78b11e92cf" />
		<rom name="51TOOL4.TD0" size="326388" crc="c68c65db" sha1="0c619b4cc0e45ecd20d1e02dde2172beaa070f7c" />
		<rom name="51TOOL5.TD0" size="663126" crc="188d598c" sha1="4c63d6adbace87bacb1b72880e138ff9e53476aa" />
		<rom name="51TOOL6.TD0" size="630480" crc="87a9d427" sha1="e4d8e9d2679dea2c923ebd47cf2c558182957d6f" />
		<rom name="51TOOL7.TD0" size="673898" crc="0fc8a502" sha1="d627342f6f9fdc690d0781bb06e80e3689e5c85a" />
		<rom name="51TOOL8.TD0" size="522932" crc="887f463c" sha1="855b963826985bd7ac704bc033f8754cdc11d5f1" />
		<rom name="51TOOL9.TD0" size="643854" crc="5cdb67d4" sha1="2a9bf0cc44564a26d7193abe09af8a89500c7555" />
		<rom name="51TOOL10.TD0" size="659494" crc="5cef0e78" sha1="c2d1a1d24ca3da2fe52381c058851e648e3a6b71" />
		<rom name="51TOOL.TD0" size="673898" crc="c533e6f2" sha1="ec2a23c15f9356eeab20731fc22c7dd4bc7ca5ca" />
		<rom name="515PE1.TD0" size="724666" crc="cf10d107" sha1="9179bea573c1e2b8918e42f6ea0adb2855bb16ff" />
		<rom name="515PE1B.TD0" size="724672" crc="49bd411e" sha1="52d66a36173f54664b386d5bc30490bdc4b85c18" />
		<rom name="515PE2.TD0" size="682784" crc="ed466b40" sha1="a79319bebda5af647aea22b813e6ab8d8858964d" />
		<rom name="515PE2B.TD0" size="682785" crc="bf9f6fd5" sha1="f7514544e37dd7049223bdc0b9f671ea2363a773" />
		<rom name="515PE3.TD0" size="745888" crc="6fd23970" sha1="b6885abd4f2ab95806c3d71449ec32a18613013f" />
		<rom name="515PE3B.TD0" size="745894" crc="16d00c44" sha1="436a186cdf7dea1aa26e2a88bdbbcbd33c5438ed" />
	</machine>
	<machine name="itg">
		<description>Interactive Test Generator</description>
		<year>1988</year>
		<publisher>Hewlett-Packard</publisher>
		<rom name="ITG1.TD0" size="627333" crc="c24cbb44" sha1="1d8a6311ed5222297cf9bc4fa046195c4e67e67b" />
		<rom name="ITG2.TD0" size="586156" crc="d574d1c9" sha1="6493f8c8f3ced4a008b9caf5c6a7d5de510df6c4" />
		<rom name="ITG3.TD0" size="632842" crc="72d965e6" sha1="050542bba96159ecea43a12c25b68c8ae7457ad0" />
		<rom name="ITG4.TD0" size="201146" crc="d1e18f53" sha1="1a81c04407cb6c1dfc019ff8470c31a0f1be88b4" />
		<rom name="ITGD1.TD0" size="622946" crc="2d27cfd5" sha1="c0285aa77596d8ec4fee4083cb56939849a1965d" />
		<rom name="ITGD2.TD0" size="629021" crc="883b56db" sha1="3cc910b0c426ccf4cc6615ec521d416a9379eb0b" />
		<rom name="ITGD3.TD0" size="612469" crc="46f7eb42" sha1="628ab9a90bd3aa0178963dbf04cf14cc9d49e3e4" />
		<rom name="ITGD4.TD0" size="615747" crc="6f03c747" sha1="7bc1d2bf6651f7efec0e369bf4356547280a2472" />
		<rom name="ITGD5.TD0" size="611401" crc="16102db4" sha1="a62ab8356eca4fb4b465b3e5bcd2be84c285ee50" />
		<rom name="ITGD6.TD0" size="619219" crc="0be0740a" sha1="e40fbc9d7e12cc9461e94b962b3af570f020122c" />
		<rom name="ITGD7.TD0" size="606069" crc="7b0fafc4" sha1="2222cebcc6af61cfa76d2a2abc4f1b1d359875a0" />
		<rom name="ITGD8.TD0" size="601307" crc="6365e137" sha1="e8d23e2c23e5330182a7c4c95bb258a99297d8d2" />
		<rom name="ITGD9.TD0" size="562911" crc="b33363fe" sha1="7cc06b3c317537519bafeaaa080aa50ca43dad4d" />
		<rom name="ITGD10.TD0" size="604414" crc="6bf05356" sha1="10255ee1312563afabaa61cfc4ab00c7914b7472" />
	</machine>
	<machine name="pascal322">
		<description>HP Pascal 3.22</description>
		<year>1989</year>
		<publisher>Hewlett-Packard</publisher>
		<rom name="P32ACSS.TD0" size="561080" crc="b0bab60e" sha1="7df82a13913653f8ed5d2052ba6a4fcdbd5b0714" />
		<rom name="P32ASM.TD0" size="228736" crc="4e2e2289" sha1="02bc81a1925e18c739b42148bf72b54a16bc10ec" />
		<rom name="P32BOOT2.TD0" size="290890" crc="f6be33f8" sha1="21b2c1e1eceeaccb9c4a825df65eca2e4b5183af" />
		<rom name="P32BOOT.TD0" size="282606" crc="c1a1dd2e" sha1="748d10d27d85735f7ec20c3230e8407a0b7bd1b8" />
		<rom name="P32CMP.TD0" size="507026" crc="93252daa" sha1="874fad9469547d5f2827f0ac3fecb05f112417c3" />
		<rom name="P32DOC.TD0" size="297688" crc="c72677f8" sha1="c618e31bd6492467d10670139841338c2665e12b" />
		<rom name="P32FTLIB.TD0" size="487716" crc="ee7f6167" sha1="7f2ad80ea18d14ae7c50cee7ccb8f17d770f5663" />
		<rom name="P32HFS.TD0" size="434328" crc="45a36a3c" sha1="d6f1685e00f6b61b6321ad70ba15c2ea9f468ba5" />
		<rom name="P32SVOL.TD0" size="321118" crc="b3c546f1" sha1="309f37613a82b3587a0374be7f2e4b3113478272" />
	</machine>
	<machine name="pascal325">
		<description>Pascal 3.25</description>
		<year>1991</year>
		<publisher>Hewlett-Packard</publisher>
		<rom name="324SYSVL.TD0" size="27874" crc="3f42e38b" sha1="3f7637c2c046a043aaeb954e790af148c2d989e5" />
		<rom name="325ACCES.TD0" size="264108" crc="390e4585" sha1="22622204aeb489c6624af55ce1b23794457c3499" />
		<rom name="325ASM.TD0" size="222219" crc="e90d4aeb" sha1="cc7564b863844a5444da6fda2ee5a80d9dd88e34" />
		<rom name="325BOOT2.TD0" size="274764" crc="1c53a5b2" sha1="2b880132e58a891a79b851cb7583e052dad2f852" />
		<rom name="325BOOT3.TD0" size="272775" crc="fcd82d93" sha1="8fa5c874553ef0c2f1f9c23fada6d2c7e27bbc37" />
		<rom name="325BOOT.TD0" size="273969" crc="4173e244" sha1="e1044c2221c091ac003e5e816b8b8afac2daeb7d" />
		<rom name="325CMP20.TD0" size="253613" crc="eb4df435" sha1="53f6fbeb9ba34604d3a358a910e53175dfefe66f" />
		<rom name="325CMP.TD0" size="252157" crc="d85e8807" sha1="d7b67715826e9dd1c18b29253537b807f5cdcb8d" />
		<rom name="325CONFG.TD0" size="257720" crc="1b551808" sha1="31797023416aad85edab9da8c338008ff3db1dc2" />
		<rom name="325DGLPG.TD0" size="188050" crc="e8ebf401" sha1="39d8e8fd4513470d2980c8fa580668d627684d70" />
		<rom name="325DOC.TD0" size="128449" crc="7299f6ef" sha1="a31f6fe7c7e70c0135e2e0bea259cec20307faec" />
		<rom name="325FLT20.TD0" size="230797" crc="500ae82d" sha1="bffe5af80fb4da95dbe0238b46352fd2c335c04e" />
		<rom name="325FLTLB.TD0" size="259254" crc="54326358" sha1="5e389aa063722974e5772fc5a9f69b73ecce4fcd" />
		<rom name="325GRAPH.TD0" size="235639" crc="d8dec40f" sha1="21cae388459cf5ba9ea23a007934d547dd016c62" />
		<rom name="325HFS1.TD0" size="175088" crc="da5c278a" sha1="fc7b5c0365453c407efc7b2f246c7473c4a759df" />
		<rom name="325HFS2.TD0" size="131732" crc="f065decf" sha1="911c7cf2dec43956c7c936e8e6bdf679f5c62c7b" />
		<rom name="325HFS3.TD0" size="145708" crc="ac1059cd" sha1="8cfbb8e3ac5cd574dc329c29245a908546661770" />
		<rom name="325LIB.TD0" size="247907" crc="995dadaa" sha1="78d82a568f182cc67831666f96d5d9826a6373b4" />
	</machine>
	<machine name="techwrit">
		<description>Techwriter</description>
		<year>1984</year>
		<publisher>Hewlett-Packard</publisher>
		<rom name="TECHWRIT.TD0" size="216696" crc="cdb8a771" sha1="27daed6b211c9b8166b0d5e642334d4a7ee1e078" />
	</machine>
	<machine name="temed300">
		<description>300 series Terminal Emulator</description>
		<year>1985</year>
		<publisher>Hewlett-Packard</publisher>
		<rom name="TEMED300.TD0" size="294016" crc="dea380ec" sha1="82f748ebbbf0dfc2594c9cf70cba0df26b8cb9e0" />
		<rom name="TEMPD300.TD0" size="229939" crc="292e4eee" sha1="7fb5179c55a4dc2a0945320358a047aceef45a66" />
		<rom name="TERMEMED.TD0" size="271928" crc="58cf918f" sha1="21dc6bd7f47ac44f46a30f0ecafbebed061ab851" />
		<rom name="TERMEMPD.TD0" size="214512" crc="c3c29859" sha1="12a65ec7ed45484c5ebc26620e725ee748e45847" />
	</machine>
	<machine name="textedbm">
		<description>Texteditor for 200/300 series</description>
		<year>1984</year>
		<publisher>Hewlett-Packard</publisher>
		<rom name="TEXTEDBM.TD0" size="245131" crc="db480193" sha1="650c7c99586ae15f69768ab14dc5073ef68e51e8" />
		<rom name="TEXTEDMD.TD0" size="238181" crc="daaa47d5" sha1="82a935fd1166bcf8735d50732e651bd06e0a394a" />
	</machine>
	<machine name="wwise300">
		<description>Wordwise 300</description>
		<year>1985</year>
		<publisher>James Associates</publisher>
		<rom name="WWISE300.TD0" size="703414" crc="51d15889" sha1="f338a8a5f0f71b8603c1df27c42fc969e0cb088f" />
	</machine>
</datafile>