<?xml version="1.0" encoding="utf-8"?>
<!DOCTYPE datafile PUBLIC "-//Logiqx//DTD ROM Management Datafile//EN" "http://www.logiqx.com/Dats/datafile.dtd">
<datafile>
	<header>
		<name>ibm5150_cass</name>
		<description>IBM PC/XT cassettes</description>
		<version>0.274</version>
		<author>Pleasuredome</author>
	</header>
	<machine name="diag">
		<description>IBM Advanced Diagnostics for the IBM PC 5150</description>
		<year>1982</year>
		<publisher>IBM</publisher>
		<rom name="ibm_pc_diagnostics_cassette.wav" size="40121900" crc="59351cf6" sha1="b7f03fadb2ff8c7dfe8dd0ff9b694c1b437e23b1" />
	</machine>
</datafile>