<?xml version="1.0" encoding="utf-8"?>
<!DOCTYPE datafile PUBLIC "-//Logiqx//DTD ROM Management Datafile//EN" "http://www.logiqx.com/Dats/datafile.dtd">
<datafile>
	<header>
		<name>ibm5170_cdrom</name>
		<description>IBM PC/AT CD-ROM images</description>
		<version>0.274</version>
		<author>Pleasuredome</author>
	</header>
	<machine name="acercpr">
		<description>Acer CPR</description>
		<year>1995</year>
		<publisher>Acer America Corporation</publisher>
		<rom name="acer cpr.img" size="1474560" crc="6f88a82a" sha1="a0afd6dcddbf6ae67d5c28c068af2fa9843dcb5f" status="baddump" />
	</machine>
	<machine name="beos45">
		<description>BeOS 4.5</description>
		<year>1999</year>
		<publisher>Be Inc</publisher>
		<rom name="beos 4_5 installation disk for x86.ima" size="1474560" crc="a96de788" sha1="acffbfceec2d53ce47b8f32fa48d11764b89734c" />
	</machine>
	<machine name="corellindx">
		<description>Corel Linux Deluxe</description>
		<year>1999</year>
		<publisher>Corel</publisher>
		<rom name="corel_linux_boot_floppy.img" size="1474560" crc="4ac616ea" sha1="2f7999a3fd24b59b6939b94af47cf6cc599f3da0" status="baddump" />
	</machine>
	<machine name="freedos10">
		<description>FreeDOS 1.0</description>
		<year>2006</year>
		<publisher>The FreeDOS Project</publisher>
		<rom name="fdboot.img" size="1474560" crc="5160c4c9" sha1="813fa09f2278b0b83b67c6d2bda68a46cd83234d" />
	</machine>
	<machine name="freedos12">
		<description>FreeDOS 1.2</description>
		<year>2016</year>
		<publisher>The FreeDOS Project</publisher>
		<rom name="FLOPPY.img" size="1474560" crc="e8b32691" sha1="2dd8bb9751176533dd7d00160a5eed0d8cbb4725" />
	</machine>
	<machine name="freedos13">
		<description>FreeDOS 1.3</description>
		<year>2022</year>
		<publisher>The FreeDOS Project</publisher>
		<rom name="FD13BOOT.img" size="1474560" crc="5c647576" sha1="ec08f57f36b0bbc4d2b7613dc0857f0b43fd08e5" />
	</machine>
	<machine name="win2k">
		<description>Windows 2000 Professional with Service Pack 4 (5.00.2195.6717)</description>
		<year>2003</year>
		<publisher>Microsoft</publisher>
		<rom name="cdboot1.img" size="1474560" crc="3c5b1fec" sha1="4f7fbaad03c7222b253d7630c7d282ef59ba3528" />
		<rom name="cdboot2.img" size="1474560" crc="b5e1310f" sha1="56d8f20df7a909e9a001f0c3b6111f9283e455a2" />
		<rom name="cdboot3.img" size="1474560" crc="b496ec46" sha1="8adce4ba81e5cf8e4fb3d301f7db910ae22c826b" />
		<rom name="cdboot4.img" size="1474560" crc="cbb4b809" sha1="fc2e69462b567a2e5e145be375fb7cd6322465a3" />
	</machine>
	<machine name="win2kas">
		<description>Windows 2000 Advanced Server with Service Pack 4 (5.00.2195.6717)</description>
		<year>2003</year>
		<publisher>Microsoft</publisher>
		<rom name="cdboot1.img" size="1474560" crc="043e7af0" sha1="7d71583ecc67dac29b2db7b40822382575824ff2" />
		<rom name="cdboot2.img" size="1474560" crc="d7fafbf4" sha1="bd730185216594ccac76a19c140f584695673d74" />
		<rom name="cdboot3.img" size="1474560" crc="976c2173" sha1="003822755f7b90d0c784be68468ba84d765799c5" />
		<rom name="cdboot4.img" size="1474560" crc="0abbc946" sha1="5c16fd0c466a4a81d06e6ebf4e78963bcea26b7b" />
	</machine>
	<machine name="win2kasp1">
		<description>Windows 2000 Advanced Server with Service Pack 1 (5.00.2195.1620)</description>
		<year>2000</year>
		<publisher>Microsoft</publisher>
		<rom name="cdboot1.img" size="1474560" crc="159562b5" sha1="2d66a53bab27e5f5f535118532e23fed04faea70" />
		<rom name="cdboot2.img" size="1474560" crc="0d16caaa" sha1="4982be8d5ee567757c6579bca6cd07893cb759b3" />
		<rom name="cdboot3.img" size="1474560" crc="99dae296" sha1="5e1d9865c40ba12670731810b8ad0a5b452551e7" />
		<rom name="cdboot4.img" size="1474560" crc="6ed35e11" sha1="f0f1e7741a910010f5679e0ac0c4a09fabc42040" />
	</machine>
	<machine name="win2kasrtm">
		<description>Windows 2000 Advanced Server (5.00.2195.1)</description>
		<year>1999</year>
		<publisher>Microsoft</publisher>
		<rom name="cdboot1.img" size="1474560" crc="0350fd4a" sha1="94dc08e1c62f414a6d52f50732698018e522f000" />
		<rom name="cdboot2.img" size="1474560" crc="43a242f6" sha1="e9d6ed7c38c872ff35547e037d38faedab4fb977" />
		<rom name="cdboot3.img" size="1474560" crc="7acf7198" sha1="60bdddcab0bd48257da1b11248b3df481e3059fc" />
		<rom name="cdboot4.img" size="1474560" crc="9f9c1cf8" sha1="c462c5ebc246ddf4eb1910c0a5281594c0014cfc" />
	</machine>
	<machine name="win2kassp2">
		<description>Windows 2000 Advanced Server with Service Pack 2 (5.00.2195.2951)</description>
		<year>2001</year>
		<publisher>Microsoft</publisher>
		<rom name="cdboot1.img" size="1474560" crc="572b78a6" sha1="f343c8b421bf0b6badde4961ec4ac7bdff7627c0" />
		<rom name="cdboot2.img" size="1474560" crc="5695f76f" sha1="2292678acfcd2e1b736160c3c4b5bb39edb1087e" />
		<rom name="cdboot3.img" size="1474560" crc="f82f7e00" sha1="6c8a20350928157b9015642f18a5b5afdb9d7769" />
		<rom name="cdboot4.img" size="1474560" crc="834274a4" sha1="488a69517ccbcbdc382d13317e5865e7a2a78f55" />
	</machine>
	<machine name="win2kassp3">
		<description>Windows 2000 Advanced Server with Service Pack 3 (5.00.2195.5438)</description>
		<year>2002</year>
		<publisher>Microsoft</publisher>
		<rom name="cdboot1.img" size="1474560" crc="119ddac0" sha1="f92183e23d3e6e69609fb85dc053c2e8f60c6e75" />
		<rom name="cdboot2.img" size="1474560" crc="ff7b9d54" sha1="9c0306aa5cac68f365ded2b0d408c278746e8c78" />
		<rom name="cdboot3.img" size="1474560" crc="dc9a9179" sha1="8a876c563b06ac654a6e96aa407e94ae56d321ac" />
		<rom name="cdboot4.img" size="1474560" crc="e0ba386a" sha1="b4f427ce801b466b79e7c83f82adc6cbf7d374c1" />
	</machine>
	<machine name="win2krtm">
		<description>Windows 2000 Professional (5.00.2195.1)</description>
		<year>1999</year>
		<publisher>Microsoft</publisher>
		<rom name="cdboot1.img" size="1474560" crc="b65ce241" sha1="1fdd1b81c21e4d21b3a9ff5d25e1882172b6c9ed" />
		<rom name="cdboot2.img" size="1474560" crc="5f6915aa" sha1="868533c3c8f1151c9d385de7ae4f4fb9aa7a37a1" />
		<rom name="cdboot3.img" size="1474560" crc="ff582488" sha1="f5f5e8d2c59636b5aed9addcf65b97d815450afa" />
		<rom name="cdboot4.img" size="1474560" crc="569b2e9f" sha1="6ba98fa022f48aa333384eea43499d9a6cae9941" />
	</machine>
	<machine name="win2ks">
		<description>Windows 2000 Server with Service Pack 4 (5.00.2195.6717)</description>
		<year>2003</year>
		<publisher>Microsoft</publisher>
		<rom name="cdboot1.img" size="1474560" crc="378a88d0" sha1="692be993863d6bf57651318b61909837a7518f03" />
		<rom name="cdboot2.img" size="1474560" crc="8f297764" sha1="ce23ce51f2d9f5e387d00afd610df446d8a934b7" />
		<rom name="cdboot3.img" size="1474560" crc="c4ce3602" sha1="e54839938225be924137f1a684294d20659b8ca7" />
		<rom name="cdboot4.img" size="1474560" crc="6595fbbf" sha1="ef58c630547658e03072161b76eb20dd26ddfe86" />
	</machine>
	<machine name="win2ksp1">
		<description>Windows 2000 Professional with Service Pack 1 (5.00.2195.1620)</description>
		<year>2000</year>
		<publisher>Microsoft</publisher>
		<rom name="cdboot1.img" size="1474560" crc="1de27214" sha1="043f76daffd7ffbb5abd399538a1ee874fe30d17" />
		<rom name="cdboot2.img" size="1474560" crc="1c31a0d1" sha1="7d67e5c34053704703f89ad3e93b049531dabc61" />
		<rom name="cdboot3.img" size="1474560" crc="89c578e1" sha1="3d6b8c20f4d90c90667ed280ed4e0e5ccf71d5d2" />
		<rom name="cdboot4.img" size="1474560" crc="5b28b6e4" sha1="fbb6ac9d574e629d2200d8cf5904fd16cc71312b" />
	</machine>
	<machine name="win2ksp2">
		<description>Windows 2000 Professional with Service Pack 2 (5.00.2195.2951)</description>
		<year>2001</year>
		<publisher>Microsoft</publisher>
		<rom name="cdboot1.img" size="1474560" crc="2a9d0b21" sha1="e9e452f028873b37e7153fcc333e9ce9112f1fa5" />
		<rom name="cdboot2.img" size="1474560" crc="dd6a4d23" sha1="2c5f49e0cde88d2bf82c8b0d993b52743a4b0065" />
		<rom name="cdboot3.img" size="1474560" crc="f8cfdfc9" sha1="173f0d1b63ff52b3fa08afd5f3b5cb9fb38e6eb9" />
		<rom name="cdboot4.img" size="1474560" crc="b92e0bbd" sha1="0ce83829f8c70f86db3dcf12873b3153241e1147" />
	</machine>
	<machine name="win2ksp3">
		<description>Windows 2000 Professional with Service Pack 3 (5.00.2195.5438)</description>
		<year>2002</year>
		<publisher>Microsoft</publisher>
		<rom name="cdboot1.img" size="1474560" crc="79ce57d2" sha1="c7071344702e08cfb5ac0e0ccf117d2e605c359c" />
		<rom name="cdboot2.img" size="1474560" crc="dc6b9b0c" sha1="52ad07313f5a52160ac0ea6d0daeca8d6a3c9eef" />
		<rom name="cdboot3.img" size="1474560" crc="7e97a224" sha1="ab0d3b6d4e49f62e4bb8e3d78c8aac1caf7ce267" />
		<rom name="cdboot4.img" size="1474560" crc="14e45011" sha1="a8ca818a93a1c5124301d863cba5a03f822539b5" />
	</machine>
	<machine name="win2ksrtm">
		<description>Windows 2000 Server (5.00.2195.1)</description>
		<year>1999</year>
		<publisher>Microsoft</publisher>
		<rom name="cdboot1.img" size="1474560" crc="0c40c310" sha1="edd1ca86abae4c3bc5b112bb815ff61ffa49a291" />
		<rom name="cdboot2.img" size="1474560" crc="1395222c" sha1="4370db12ceb7cc694be975db4cb032dbea741ea6" />
		<rom name="cdboot3.img" size="1474560" crc="31bde04a" sha1="9c555b58b3a428282de15a219c282ae4bf83cacc" />
		<rom name="cdboot4.img" size="1474560" crc="5131cd71" sha1="1d4933be795a89a86d633177c7904a2a1a7a0fac" />
	</machine>
	<machine name="win2kssp1">
		<description>Windows 2000 Server with Service Pack 1 (5.00.2195.1620)</description>
		<year>2000</year>
		<publisher>Microsoft</publisher>
		<rom name="cdboot1.img" size="1474560" crc="fa28d640" sha1="c8204ee30c7323c534d6a58a4e5656f71da2e5ce" />
		<rom name="cdboot2.img" size="1474560" crc="f4c70001" sha1="a69bca64344a3666fb91147f8db3640556ebf9d2" />
		<rom name="cdboot3.img" size="1474560" crc="a9abf665" sha1="4bcaf835388c5030e9488c03b8032601821ae1a3" />
		<rom name="cdboot4.img" size="1474560" crc="3c927d67" sha1="2eb8fc4971015a76f1d53a5a66b174dfe0568536" />
	</machine>
	<machine name="win2kssp2">
		<description>Windows 2000 Server with Service Pack 2 (5.00.2195.2951)</description>
		<year>2001</year>
		<publisher>Microsoft</publisher>
		<rom name="cdboot1.img" size="1474560" crc="e2417102" sha1="736f7fb900fc67865949f734d7424bd4b6e013f3" />
		<rom name="cdboot2.img" size="1474560" crc="dc3c512d" sha1="0200b7d4cce4524907a1625d1fd3f4b1e23d1d35" />
		<rom name="cdboot3.img" size="1474560" crc="8ed707fb" sha1="02f51957985f0c3a8f7128a8d9791b18832543ad" />
		<rom name="cdboot4.img" size="1474560" crc="38e8d150" sha1="672342740962d79b4e00f824d5ce7c6f7e5b3a28" />
	</machine>
	<machine name="win2kssp3">
		<description>Windows 2000 Server with Service Pack 3 (5.00.2195.5438)</description>
		<year>2002</year>
		<publisher>Microsoft</publisher>
		<rom name="cdboot1.img" size="1474560" crc="5d55ed41" sha1="145670a62517a0f93512c95f69c0ccf84c1687f7" />
		<rom name="cdboot2.img" size="1474560" crc="5cbeab3c" sha1="d7010db2b4ea28a93725f24f04ac0f676fda2d14" />
		<rom name="cdboot3.img" size="1474560" crc="b7c332a8" sha1="66dcae56b1ca176ad12d6411e3f6f48ed3fb4ac4" />
		<rom name="cdboot4.img" size="1474560" crc="e2ba86cd" sha1="82e50ce205f3994162e7ee5f8afab20325e0cbab" />
	</machine>
	<machine name="winnt31_dede">
		<description>Windows NT 3.1 (3.10.511.1, MSDN, de-DE)</description>
		<year>1994</year>
		<publisher>Microsoft</publisher>
		<rom name="de-de windows nt 3.10.511.1 3.5.img" size="1474560" crc="d1a6c818" sha1="ee0e0ef42fb3a730f2f41482cba6126d518eaa9f" />
		<rom name="de-de windows nt 3.10.511 5.25.img" size="1228800" crc="1f49115b" sha1="03eee42ef26b65776a19e8d846fda36530b5a136" />
	</machine>
	<machine name="winnt31_eses">
		<description>Windows NT 3.1 (3.10.511.1, MSDN, es-ES)</description>
		<year>1994</year>
		<publisher>Microsoft</publisher>
		<rom name="es-es windows nt 3.10.511 3.5.img" size="1474560" crc="005dc372" sha1="67fa4ba4109271b21c2c4e9a7874a92c77ade5d9" />
		<rom name="es-es windows nt 3.10.511 5.25.img" size="1228800" crc="dcbf2e9c" sha1="60fc9fcb41267fd7a1688f3f30d0517291954c52" />
	</machine>
	<machine name="winnt31_frfr">
		<description>Windows NT 3.1 (3.10.511.1, MSDN, fr-FR)</description>
		<year>1994</year>
		<publisher>Microsoft</publisher>
		<rom name="fr-fr windows nt 3.10.511.1 3.5.img" size="1474560" crc="b49c31bf" sha1="f9b1d649df0cba2d910cfc33b3db470842afd826" />
		<rom name="fr-fr windows nt 3.10.511.1 5.25.img" size="1228800" crc="97ab311c" sha1="319da6febf4ca471df50e1281ebebc8495e676e2" />
	</machine>
	<machine name="winnt31_itit">
		<description>Windows NT 3.1 (3.10.511.1, MSDN, it-IT)</description>
		<year>1994</year>
		<publisher>Microsoft</publisher>
		<rom name="it-it windows nt 3.10.511.1 3.5.img" size="1474560" crc="0a83e51d" sha1="e2bfe11f67ec8f93159edff4387de9284f17ec11" />
		<rom name="it-it windows nt 3.10.511.1 5.25.img" size="1228800" crc="f5897c5b" sha1="df6f406ebcc82a93c74dfb8e1a5a94bd8ada335a" />
	</machine>
	<machine name="winnt31_nlnl">
		<description>Windows NT 3.1 (3.10.511.1, MSDN, nl-NL)</description>
		<year>1993</year>
		<publisher>Microsoft</publisher>
		<rom name="nl-nl windows nt 3.10.511.1 3.5.img" size="1474560" crc="e47bde7a" sha1="1a6f76f4bc3149d601faae4b781a44c338296638" />
		<rom name="nl-nl windows nt 3.10.511.1 5.25.img" size="1228800" crc="ed512112" sha1="50882294e1f490762a61f97b2cb8e9902a1300c5" />
	</machine>
	<machine name="winnt31_ptbr">
		<description>Windows NT 3.1 (3.10.528.1, MSDN, pt-BR)</description>
		<year>1994</year>
		<publisher>Microsoft</publisher>
		<rom name="pt-br windows nt 3.10.528.1 3.5.img" size="1474560" crc="62aeb300" sha1="40af10fc4c9a4d515c9953c7cff636cb5356a077" />
		<rom name="pt-br windows nt 3.10.528.1 5.25.img" size="1228800" crc="75196897" sha1="74f945f77538ea88a58d69fe284a5de0932eccc9" />
	</machine>
	<machine name="winnt31_svse">
		<description>Windows NT 3.1 (3.10.511.1, MSDN, sv-SE)</description>
		<year>1993</year>
		<publisher>Microsoft</publisher>
		<rom name="sv-se windows nt 3.10.511.1 3.5.img" size="1474560" crc="a2c23a4a" sha1="a342567112d10ff771ed95b8c3ee0d5379e8a621" />
		<rom name="sv-se windows nt 3.10.511.1 5.25.img" size="1228800" crc="0452e232" sha1="06fe68bddb437494c16f628578c3dabaf2e9938e" />
	</machine>
	<machine name="winnt31aso">
		<description>Windows NT Advanced Server 3.1 (3.10.511.1, en-US)</description>
		<year>1993</year>
		<publisher>Microsoft</publisher>
		<rom name="en-us windows nt advanced server 3.10.511.1 3.5.img" size="1474560" crc="986a1b8e" sha1="7a9a549e25a504957523575970c3e01529647d7a" />
		<rom name="en-us windows nt advanced server 3.10.511.1 5.25.img" size="1228800" crc="5e0a8239" sha1="989a4721e4f57c75131b4c3c746f8e86e73863ec" />
	</machine>
	<machine name="winnt31o2">
		<description>Windows NT 3.1 (3.10.511.1, en-US)</description>
		<year>1993</year>
		<publisher>Microsoft</publisher>
		<rom name="en-us windows nt 3.10.511.1 5.25.img" size="1228800" crc="e1c5ab56" sha1="da770baa202d5ef0dc1800bb73bc836c1f0d6730" />
	</machine>
	<machine name="winnt31">
		<description>Windows NT 3.1 (3.10.528.1, MSDN, en-US)</description>
		<year>1994</year>
		<publisher>Microsoft</publisher>
		<rom name="en-us windows nt 3.10.528.1 3.5.img" size="1474560" crc="6501bf63" sha1="386d83a2e9fd758272cbbd0beb4148f9e238626e" />
		<rom name="en-us windows nt 3.10.528.1 5.25.img" size="1228800" crc="fe626b7c" sha1="ecfcbfb44922987adea1c9ba01c282973d419596" />
	</machine>
	<machine name="winnt35s">
		<description>Windows NT Server 3.5 (3.50.807.1)</description>
		<year>1994</year>
		<publisher>Microsoft</publisher>
		<rom name="en-us windows nt server 3.50.807.1 3.5-1.img" size="1474560" crc="c0e12038" sha1="fc8c954bce54dfffb6d4307a6b324eae7dcf025b" />
		<rom name="en-us windows nt server 3.50.807.1 3.5-2.img" size="1474560" crc="cc364c47" sha1="ab153db91fe2e3ced86da095efd60d4002a2bf4b" />
		<rom name="en-us windows nt server 3.50.807.1 3.5-3.img" size="1474560" crc="2680e894" sha1="dc4803a6d929d828b878a3116341e2fb999b9dc6" />
		<rom name="en-us windows nt server 3.50.807.1 5.25-1.img" size="1228800" crc="0f6a9a7f" sha1="9a2d1ac530de4769569443cf0d950820788cbdfd" />
		<rom name="en-us windows nt server 3.50.807.1 5.25-2.img" size="1228800" crc="ed51e1e0" sha1="19b2b75673af0315634d52987ae6cacf4ce86f0c" />
		<rom name="en-us windows nt server 3.50.807.1 5.25-3.img" size="1228800" crc="cc4c2dde" sha1="0db508bf14dcdfda09a6d13a8ff85953999fdcd2" />
	</machine>
	<machine name="winnt35">
		<description>Windows NT Workstation 3.5 (3.50.807.1)</description>
		<year>1994</year>
		<publisher>Microsoft</publisher>
		<rom name="en-us windows nt workstation 3.50.807.1 3.5-1.img" size="1474560" crc="0c986718" sha1="c24cb01bfc8fe427c395e40d44b2a1f6e7c8cdb0" status="baddump" />
		<rom name="en-us windows nt workstation 3.50.807.1 3.5-2.img" size="1474560" crc="ebbcbf4f" sha1="431a3ce499505434565c317638f00805ac1f64ff" status="baddump" />
		<rom name="en-us windows nt workstation 3.50.807.1 3.5-3.img" size="1474560" crc="7ad56677" sha1="cb7b2f996014db65f60f6f0e9495b95c037bbef4" status="baddump" />
		<rom name="en-us windows nt workstation 3.50.807.1 5.25-1.img" size="1228800" crc="d3c8c12b" sha1="5fe2ab57474ed0edda9d16185446787f2891f721" />
		<rom name="en-us windows nt workstation 3.50.807.1 5.25-2.img" size="1228800" crc="604f9763" sha1="02380c23156dc73962f2afcd8a5ff02405f55df1" />
		<rom name="en-us windows nt workstation 3.50.807.1 5.25-3.img" size="1228800" crc="32dc2810" sha1="fa08ad00538a58f69eb52bdf162d8a0f526fb076" />
	</machine>
	<machine name="winnt40o">
		<description>Windows NT Workstation 4.0 (4.0.1381.1)</description>
		<year>1996</year>
		<publisher>Microsoft</publisher>
		<rom name="en-us windows nt workstation 4.0.1381.1 3.5-1.img" size="1474560" crc="3ba4b1a5" sha1="01807d518f1873e126fc3c7ac71e80886059a242" />
		<rom name="en-us windows nt workstation 4.0.1381.1 3.5-2.img" size="1474560" crc="da4a4f16" sha1="a404f347dec15f99f602d973198311da10207e05" />
	</machine>
	<machine name="winnt40s">
		<description>Windows NT Server 4.0 with Service Pack 1 (4.0.1381.2)</description>
		<year>1996</year>
		<publisher>Microsoft</publisher>
		<rom name="en-us windows nt server 4.0.1381.2 3.5-1.img" size="1474560" crc="d03beabe" sha1="cf8dc3ae32989a10001bd68717265cb57aec8162" />
		<rom name="en-us windows nt server 4.0.1381.2 3.5-2.img" size="1474560" crc="7fe218e5" sha1="5285e45771616eeb9267f666c0f15eaf94f5c4d4" />
		<rom name="en-us windows nt server 4.0.1381.2 3.5-3.img" size="1474560" crc="877dd676" sha1="3716aca680ab79d340d49291ecda05dc5387b19c" />
	</machine>
	<machine name="winnt40so">
		<description>Windows NT Server 4.0 (4.0.1381.1)</description>
		<year>1996</year>
		<publisher>Microsoft</publisher>
		<rom name="en-us windows nt server 4.0.1381.1 3.5-1.img" size="1474560" crc="e2a1a411" sha1="1d4729f72f25c1087ffb6edc86b5d2b5ee7bf646" />
		<rom name="en-us windows nt server 4.0.1381.1 3.5-2.img" size="1474560" crc="2ea2f59c" sha1="3574421f7339e7e83b0a931b29e8ebdae7511634" />
		<rom name="en-us windows nt server 4.0.1381.1 3.5-3.img" size="1474560" crc="20fcc1c3" sha1="8d2e25e083c82b57b007ae034869b8d11292e690" />
	</machine>
	<machine name="winnt40ts">
		<description>Windows NT Server, Terminal Server Edition 4.0 (4.0.419.1)</description>
		<year>1998</year>
		<publisher>Microsoft</publisher>
		<rom name="en-us windows nt terminal server 4.0.419.1 3.5-1.img" size="1474560" crc="d49a1246" sha1="b23acea288d91b0ef4b40ed0f68a336561de2ad1" />
		<rom name="en-us windows nt terminal server 4.0.419.1 3.5-2.img" size="1474560" crc="61b8e332" sha1="bfe47d04d39bba2ae53afab83d6a939be624ed40" />
		<rom name="en-us windows nt terminal server 4.0.419.1 3.5-3.img" size="1474560" crc="89fd5fb4" sha1="1bd3648bbe1c081d2694b1450fed5dbd8e056d02" />
	</machine>
	<machine name="winnt40">
		<description>Windows NT Workstation 4.0 with Service Pack 1 (4.0.1381.2)</description>
		<year>1996</year>
		<publisher>Microsoft</publisher>
		<rom name="en-us windows nt workstation 4.0.1381.2 3.5-1.img" size="1474560" crc="e20df9ac" sha1="42ab0a34ca8ce959481e17b5c3ce8d547c8983c4" />
		<rom name="en-us windows nt workstation 4.0.1381.2 3.5-2.img" size="1474560" crc="a0700c68" sha1="fac8607b5f616ca2a8428d772de95f7ffd079c63" />
		<rom name="en-us windows nt workstation 4.0.1381.2 3.5-3.img" size="1474560" crc="fb4b6ae7" sha1="b1f0aef09c2355602bc04c81dbaac90ef3c7dba8" />
	</machine>
	<machine name="winnt351s">
		<description>Windows NT Server 3.51 (3.51.1057.1)</description>
		<year>1995</year>
		<publisher>Microsoft</publisher>
		<rom name="en-us windows nt server 3.51.1057.1 3.5-1.img" size="1474560" crc="e452d769" sha1="51d1cb1d37dc7ebcef766e7f6999ec7274e8f9bd" />
		<rom name="en-us windows nt server 3.51.1057.1 3.5-2.img" size="1474560" crc="1024fe42" sha1="2caaefdfb2561ddcbb43bcdf1d6a703a6cf9a224" />
		<rom name="en-us windows nt server 3.51.1057.1 3.5-3.img" size="1474560" crc="25a33e8e" sha1="29e8fd4ce305182a4f7b5ca2cef1f78363d95466" />
	</machine>
	<machine name="winnt351">
		<description>Windows NT Workstation 3.51 (3.51.1057.1)</description>
		<year>1995</year>
		<publisher>Microsoft</publisher>
		<rom name="en-us windows nt workstation 3.51.1057.1 3.5-1.img" size="1474560" crc="b3a0b20a" sha1="dd2b80bdf13995ce8cd48fc88654906c5f06ee21" />
		<rom name="en-us windows nt workstation 3.51.1057.1 3.5-2.img" size="1474560" crc="a35a0e6c" sha1="8b9cd9629f1218a1a2b5e493c47255109dfb8ecc" />
		<rom name="en-us windows nt workstation 3.51.1057.1 3.5-3.img" size="1474560" crc="0ccc605e" sha1="41e8fa3baf2a80015a0af959be6792a24f260c35" />
	</machine>
</datafile>