<?xml version="1.0" encoding="utf-8"?>
<!DOCTYPE datafile PUBLIC "-//Logiqx//DTD ROM Management Datafile//EN" "http://www.logiqx.com/Dats/datafile.dtd">
<datafile>
	<header>
		<name>k28</name>
		<description>K-2-8 (model 7-232) modules</description>
		<version>0.274</version>
		<author>Pleasuredome</author>
	</header>
	<machine name="spell1">
		<description>Spelling 1 (Expansion Module 1)</description>
		<year>1985</year>
		<publisher>Tiger Electronics</publisher>
		<rom name="cm62086" size="16384" crc="0349798b" sha1="afdad242f9c7dec0c5fd83670e3d8f1637140e76" />
	</machine>
	<machine name="spell2">
		<description>Spelling 2 (Expansion Module 2)</description>
		<year>1985</year>
		<publisher>Tiger Electronics</publisher>
		<rom name="cm62216" size="16384" crc="1c99306f" sha1="7bfadeec79bdc231c4e3447149e2f6542cfe077d" />
	</machine>
	<machine name="spell3">
		<description>Spelling 3 (Expansion Module 3)</description>
		<year>1985</year>
		<publisher>Tiger Electronics</publisher>
		<rom name="cm62215" size="16384" crc="f2deb9a2" sha1="9fb264b869d1298ebd76811931bed83ac122fe4b" />
	</machine>
	<machine name="spell4">
		<description>Spelling 4 (Expansion Module 4)</description>
		<year>1985</year>
		<publisher>Tiger Electronics</publisher>
		<rom name="cm62217" size="16384" crc="995936b2" sha1="8bd0fea4ade9972d1d6cb521f9367c971c7eead6" />
	</machine>
	<machine name="vdetect">
		<description>Vowel Detectives (Expansion Module 6)</description>
		<year>1987</year>
		<publisher>Coleco</publisher>
		<rom name="cm62219" size="16384" crc="177b5cb5" sha1="2ed44fea8f931fc8aa46dafdda1c6c30b8c9dc01" />
	</machine>
</datafile>