<?xml version="1.0" encoding="utf-8"?>
<!DOCTYPE datafile PUBLIC "-//Logiqx//DTD ROM Management Datafile//EN" "http://www.logiqx.com/Dats/datafile.dtd">
<datafile>
	<header>
		<name>m20</name>
		<description>Olivetti M20 floppies</description>
		<version>0.274</version>
		<author>Pleasuredome</author>
	</header>
	<machine name="adm5">
		<description>ADM5 Terminal Emulator for MS-DOS</description>
		<year>19??</year>
		<publisher>&lt;unknown&gt;</publisher>
		<rom name="adm5.imd" size="33619" crc="f7abfeee" sha1="ee432dc896f9b034c1f7ff3fac67cf5b8e003ff5" />
		<rom name="adm51.imd" size="8192" crc="8916ea22" sha1="99fec256ae75c6569dff5bb8005f0e7bc301f4d8" status="baddump" />
	</machine>
	<machine name="asm">
		<description>Olivetti Z8000 Assembler 2.1</description>
		<year>19??</year>
		<publisher>Olivetti</publisher>
		<rom name="asm_r2.1.a.img" size="286720" crc="90b0fb9e" sha1="b250ff32d40293da446ce96b513b0000fb7814d1" status="baddump" />
	</machine>
	<machine name="cpm8k">
		<description>CP/M 8000</description>
		<year>19??</year>
		<publisher>&lt;unknown&gt;</publisher>
		<rom name="cpm8k.img" size="286720" crc="e0f8dfe3" sha1="9d6a17af5ef2775ad985bface454926ae3f2a322" status="baddump" />
	</machine>
	<machine name="dbms">
		<description>Olivetti Data Base Management System</description>
		<year>1982</year>
		<publisher>Olivetti</publisher>
		<rom name="dbms2.imd" size="23070" crc="418ee13c" sha1="2552731921d7f71323e27024564c4c15dc17489f" />
		<rom name="dbms.imd" size="270678" crc="96a01fe0" sha1="ed6526f87959f50c322eba1322ecdff3d014d904" />
	</machine>
	<machine name="dietasm">
		<description>ASM Utilities?</description>
		<year>19??</year>
		<publisher>&lt;unknown&gt;</publisher>
		<rom name="dieters_asm.img" size="286720" crc="27533432" sha1="9500d75444b84b20c41300f30b9c840e575d6542" status="baddump" />
	</machine>
	<machine name="gamesd">
		<description>Demo Disk - Spiele + Uhr</description>
		<year>19??</year>
		<publisher>&lt;unknown&gt;</publisher>
		<rom name="spiele+uhr.img" size="286720" crc="ea2c4765" sha1="e4de0b1eb6494de14a2e7ac891c4f761967853e4" status="baddump" />
	</machine>
	<machine name="gamesi">
		<description>Demo Disk - Giochi</description>
		<year>19??</year>
		<publisher>&lt;unknown&gt;</publisher>
		<rom name="giochi.img" size="286720" crc="da3a87aa" sha1="d5c5caa0431f571f6837e2a8d78c47f260690f46" status="baddump" />
	</machine>
	<machine name="gamesp">
		<description>Demo Disk - Spiele + Uhr (alt)</description>
		<year>1984</year>
		<publisher>D.Steuer</publisher>
		<rom name="spiele_ple.img" size="286720" crc="2b45a6c1" sha1="93a2f894caa6bc96aba44fd3e57b19c2ef454a8b" status="baddump" />
	</machine>
	<machine name="isam">
		<description>Olivetti Index Sequential Acces Method 2.1.6</description>
		<year>19??</year>
		<publisher>Olivetti</publisher>
		<rom name="isam_216.img" size="286720" crc="106f0219" sha1="18bd3efaf49b17e18b4b98db659e4d6d9546017b" status="baddump" />
	</machine>
	<machine name="m20graph">
		<description>M20 Graph</description>
		<year>19??</year>
		<publisher>&lt;unknown&gt;</publisher>
		<rom name="m20gra.img" size="286720" crc="397a763c" sha1="7d8ec6490cc83982a7881b803f4607bd744bedc2" status="baddump" />
	</machine>
	<machine name="m20utent">
		<description>M20 Utente (Italian)</description>
		<year>19??</year>
		<publisher>&lt;unknown&gt;</publisher>
		<rom name="m20utent.imd" size="84505" crc="bc634ebe" sha1="65428513aa1f9a1832db502e22069f1eae59f96c" />
	</machine>
	<machine name="msdos20">
		<description>Olivetti MS-DOS 2.0</description>
		<year>1983</year>
		<publisher>Microsoft</publisher>
		<rom name="msdos2_0.img" size="368640" crc="91ea4e72" sha1="3298049c28246302354a984c000a454bd5005225" />
	</machine>
	<machine name="multplan">
		<description>Multiplan (UK)</description>
		<year>1982</year>
		<publisher>Microsoft</publisher>
		<rom name="multipl.imd" size="235450" crc="c724f5a5" sha1="2f3ad71d4f614fcc3257f6f79fb10922914915d7" />
	</machine>
	<machine name="multpland">
		<description>Multiplan (Germany)</description>
		<year>19??</year>
		<publisher>Microsoft</publisher>
		<rom name="multiplan_de.img" size="286720" crc="39b28757" sha1="2d7071d27f44e336fe0f9c7451f78260d1d244f7" status="baddump" />
	</machine>
	<machine name="multplane">
		<description>Multiplan (US)</description>
		<year>1982</year>
		<publisher>Microsoft</publisher>
		<rom name="multiplan_en.img" size="286720" crc="87fdbd68" sha1="96e5126e4459486b7630464fb17bb582f6d56452" />
	</machine>
	<machine name="olidraw">
		<description>OliDraw (Italian)</description>
		<year>19??</year>
		<publisher>Olivetti</publisher>
		<rom name="olidraw_it.img" size="286720" crc="57a54d8c" sha1="6122cdbebec53b2e947836279b8f41d32e71a55f" />
	</machine>
	<machine name="olinum">
		<description>OliNum</description>
		<year>19??</year>
		<publisher>Olivetti</publisher>
		<rom name="olinum.img" size="286720" crc="f9c09f25" sha1="69d95b74caee1b30c282c29828eafb760cbff7da" status="baddump" />
	</machine>
	<machine name="olisort">
		<description>OliSort 2.0.6</description>
		<year>19??</year>
		<publisher>Olivetti</publisher>
		<rom name="olisort_206.img" size="286720" crc="08b7a3fd" sha1="704b1dd6211523835b6cf03ec6323e633315ce35" status="baddump" />
	</machine>
	<machine name="olistat">
		<description>OliStat</description>
		<year>1981</year>
		<publisher>Olivetti</publisher>
		<rom name="olistat.img" size="286720" crc="10a68239" sha1="32427fd58cc3b07d6519d8dbc009dbcb450084e2" status="baddump" />
	</machine>
	<machine name="olitest">
		<description>OliTest</description>
		<year>1981</year>
		<publisher>Olivetti</publisher>
		<rom name="olitest.imd" size="280897" crc="f5e7509b" sha1="994647d937b179eec7b6bb5f157646692bd6b5ba" />
	</machine>
	<machine name="olitutor">
		<description>OliTutor 2.0 (Italian)</description>
		<year>1982</year>
		<publisher>Olivetti</publisher>
		<rom name="olitu01.imd" size="246997" crc="b1182d9a" sha1="91e6dfba1df8757cf99354246e02a354393f9c89" />
		<rom name="olitu02.imd" size="249800" crc="9185a40f" sha1="dd12ee4fb5571d36de2386378ff7aa80ddbf5f1b" />
		<rom name="olitu03.imd" size="264592" crc="17830cc7" sha1="3c779ce97d95d2f620ff94002083cd71e747d78e" />
	</machine>
	<machine name="oliword">
		<description>OliWord 1.0 (USA-ASCII)</description>
		<year>19??</year>
		<publisher>Olivetti</publisher>
		<rom name="oliword10_en.img" size="286720" crc="8b37b0b0" sha1="cf051a43666e4dd3b91afcf664c028471112bfdb" status="baddump" />
	</machine>
	<machine name="oliworde">
		<description>OliWord 1.0 (USA-ASCII) (alt)</description>
		<year>19??</year>
		<publisher>Olivetti</publisher>
		<rom name="oliword10_en_1.img" size="286720" crc="6774af6c" sha1="c71434f7b060c8282a948013b2d409b18d0f8e69" status="baddump" />
	</machine>
	<machine name="oliwordg">
		<description>OliWord 1.2 (German)</description>
		<year>1982</year>
		<publisher>Olivetti</publisher>
		<rom name="oliword_de.img" size="286720" crc="5c865d9b" sha1="22384e0f9e5f4e3d5d130405ce539d1ee074c3db" status="baddump" />
	</machine>
	<machine name="oliwordi">
		<description>OliWord 1.2 (Italian)</description>
		<year>1982</year>
		<publisher>Olivetti</publisher>
		<rom name="oliword_it.img" size="286720" crc="c80ff355" sha1="3f1041180c5fef029b3620113178004d5d547ca5" status="baddump" />
	</machine>
	<machine name="oliwrdi1">
		<description>OliWord 1.2 (Italian) (alt)</description>
		<year>1982</year>
		<publisher>Olivetti</publisher>
		<rom name="oliword_it.imd" size="230093" crc="007d3850" sha1="59195a01f1dc20c568f2ee8d94095634dce905f0" />
	</machine>
	<machine name="pascal">
		<description>Olivetti Pascal</description>
		<year>19??</year>
		<publisher>Olivetti</publisher>
		<rom name="pascal1_4.img" size="286720" crc="fe422ff7" sha1="e9d341e3d4f57ba8bcf249fc3d261a1867c92892" status="baddump" />
		<rom name="pascal2_4.img" size="286720" crc="2131b9b8" sha1="a51bc215b4d22a0b162db6a4f970a32430a78688" status="baddump" />
		<rom name="pascal3_4.img" size="286720" crc="7a2ffa83" sha1="1b9e760a2bd38a87273387d37b7e8c1e6400465d" status="baddump" />
		<rom name="pascal4_4.img" size="286720" crc="accf7de5" sha1="4c02cea1a9072ef610085688e57a80b48e82d502" status="baddump" />
	</machine>
	<machine name="pcos13a">
		<description>Olivetti PCOS 1.3 (alt?)</description>
		<year>1982</year>
		<publisher>Olivetti</publisher>
		<rom name="pcos13.img" size="286720" crc="da47bdb5" sha1="e94eedd7533d6d3c7fbb016921e391bafae5245c" status="baddump" />
	</machine>
	<machine name="pcos13d">
		<description>Olivetti PCOS 1.3d</description>
		<year>1982</year>
		<publisher>Olivetti</publisher>
		<rom name="pcos13d.imd" size="273424" crc="c82f4ae4" sha1="23658a35a7cc7d8888dc0be2bc2c3961faee79e7" />
	</machine>
	<machine name="pcos13f">
		<description>Olivetti PCOS 1.3f</description>
		<year>1982</year>
		<publisher>Olivetti</publisher>
		<rom name="pcos13f.imd" size="185194" crc="61047402" sha1="31c716245911544597981474b69c23a9a3a084a7" />
	</machine>
	<machine name="pcos13">
		<description>Olivetti PCOS 1.3</description>
		<year>1982</year>
		<publisher>Olivetti</publisher>
		<rom name="pcos-1.3.img" size="286720" crc="ce81c83b" sha1="b216f0c6ee82ebfa9dc417de12982f8893d7f879" status="baddump" />
	</machine>
	<machine name="pcos20f">
		<description>Olivetti PCOS 2.0f</description>
		<year>1982</year>
		<publisher>Olivetti</publisher>
		<rom name="pcos20f.img" size="286720" crc="87297648" sha1="10c3247d2d72f6d2f06c3b582704db55ed5a1e28" status="baddump" />
	</machine>
	<machine name="pcos20h">
		<description>Olivetti PCOS 2.0h</description>
		<year>1982</year>
		<publisher>Olivetti</publisher>
		<rom name="pcos20h.img" size="286720" crc="55f470a7" sha1="7ac52fa8b52954410bc4ac496d6038a9a8204e8f" status="baddump" />
	</machine>
	<machine name="pcos30e">
		<description>Olivetti PCOS 3.0e</description>
		<year>1983</year>
		<publisher>Olivetti</publisher>
		<rom name="pcos30e.img" size="286720" crc="ee2f9763" sha1="7f7dddb7815d0a4615ed4eac8f4709fb67688b46" status="baddump" />
	</machine>
	<machine name="pcos30ea">
		<description>Olivetti PCOS 3.0e (alt 1)</description>
		<year>1983</year>
		<publisher>Olivetti</publisher>
		<rom name="pcos30e.td0" size="228963" crc="c6de0eec" sha1="2e1eb3d152a92ed1262899208ef298179e1b61b3" />
	</machine>
	<machine name="pcos30eb">
		<description>Olivetti PCOS 3.0e (alt 2)</description>
		<year>1983</year>
		<publisher>Olivetti</publisher>
		<rom name="pcos30e.imd" size="273424" crc="383a2131" sha1="62698a393328dc3ac1cdd5d72360623f741e54e1" />
	</machine>
	<machine name="pcos41a">
		<description>Olivetti PCOS 4.1a</description>
		<year>1984</year>
		<publisher>Olivetti</publisher>
		<rom name="pcos_41a.img" size="286720" crc="f2fa9799" sha1="6d01e7ecc91211e588b4af3c77b972b20deee63b" status="baddump" />
		<rom name="pcos_41a_tools.img" size="286720" crc="24936905" sha1="d27a2cae62fd62f07dce0e3df397d2dea4c1253b" status="baddump" />
	</machine>
	<machine name="pcos102">
		<description>Olivetti PCOS 1.0.2</description>
		<year>1982</year>
		<publisher>Olivetti</publisher>
		<rom name="pcos102.img" size="286720" crc="84ae465b" sha1="9220ca0978d15baab3b869b4070e1f8e73820d39" />
	</machine>
	<machine name="pcos110d">
		<description>Olivetti PCOS 1.1.0d</description>
		<year>1982</year>
		<publisher>Olivetti</publisher>
		<rom name="pcos110d.img" size="286720" crc="e46cd761" sha1="5ccfe628d66f821c41c7d0823d5e0422c4ceaab2" status="baddump" />
	</machine>
	<machine name="queens">
		<description>The Queen's Footsteps (English)</description>
		<year>2020</year>
		<publisher>D.Bucci</publisher>
		<rom name="m20_queens.img" size="286720" crc="46af122e" sha1="97a7afe88e6e56992d9a85855a103189023b6797" />
	</machine>
	<machine name="queensi">
		<description>The Queen's Footsteps (Italian)</description>
		<year>2020</year>
		<publisher>D.Bucci</publisher>
		<rom name="m20_queens_it.img" size="286720" crc="0aabcfa9" sha1="7a8f9eecba906baeb80bc88d9a40ac7a5bb654af" />
	</machine>
	<machine name="silk">
		<description>Silk Dust</description>
		<year>2021</year>
		<publisher>D.Bucci</publisher>
		<rom name="m20_silk.img" size="286720" crc="6b80f8e6" sha1="2c24a5767c9200814010596f04b95d8ffe0371c8" />
	</machine>
	<machine name="startrek">
		<description>Star Trek (English)</description>
		<year>19??</year>
		<publisher>&lt;unknown&gt;</publisher>
		<rom name="startrek_en.img" size="286720" crc="10564b94" sha1="38365a30d3cfaa55483b997aaca2a07b50f18ff6" status="baddump" />
	</machine>
	<machine name="startrekg">
		<description>Star Trek (German)</description>
		<year>19??</year>
		<publisher>&lt;unknown&gt;</publisher>
		<rom name="startrek_de.img" size="286720" crc="2f8b7f55" sha1="4a5a684bde42695a5851015b0adc29d6c6ef2435" status="baddump" />
	</machine>
</datafile>