<?xml version="1.0" encoding="utf-8"?>
<!DOCTYPE datafile PUBLIC "-//Logiqx//DTD ROM Management Datafile//EN" "http://www.logiqx.com/Dats/datafile.dtd">
<datafile>
	<header>
		<name>mc1000_cass</name>
		<description>CCE MC-1000 cassettes</description>
		<version>0.274</version>
		<author>Pleasuredome</author>
	</header>
	<machine name="50progs">
		<description>50 Programas Para Voce</description>
		<year>198?</year>
		<publisher>CCE Soft</publisher>
		<rom name="mc1000_fita_50_programas_01_apresentacao_apre.wav" size="489228" crc="b8473115" sha1="af2eb19c9d6b98912ef3aeff95b3d0b005fb007a" status="baddump" />
		<rom name="mc1000_fita_50_programas_02_desenhando_dese.wav" size="266348" crc="0e4531b0" sha1="cf5b326eb76a58371b4f8d6416577b666acb7c9c" status="baddump" />
		<rom name="mc1000_fita_50_programas_03_some_sounds_sons.wav" size="213468" crc="18f475dd" sha1="7b911f61283de969e549e05ef02f0e36a858e348" status="baddump" />
		<rom name="mc1000_fita_50_programas_04_grafimania_graf.wav" size="163004" crc="6361305d" sha1="090fbaf586f06d3198957e36721003da20ff3561" status="baddump" />
		<rom name="mc1000_fita_50_programas_05_dente_de_leao_dent.wav" size="101292" crc="7d4f6569" sha1="f0bf86473d031a701b21891131de20d8919d9d3d" status="baddump" />
		<rom name="mc1000_fita_50_programas_06_caleidoscopio_cale.wav" size="87196" crc="2b4fa79f" sha1="f57938771f18f84900483ba97c2b7167b17a2756" status="baddump" />
		<rom name="mc1000_fita_50_programas_07_3_telas_tela.wav" size="94860" crc="a74164b6" sha1="adde65a5d38772e5e3ab866ca698952d192b9e80" status="baddump" />
		<rom name="mc1000_fita_50_programas_08_teias_teia.wav" size="102284" crc="00c89aab" sha1="15cc023730d947c42aa8e59d6b92c15a3334a1b8" status="baddump" />
		<rom name="mc1000_fita_50_programas_09_reflexo_refl.wav" size="94684" crc="f5b23b22" sha1="c073344e2e90a1034bd2d52c2a90e7c61c8782c0" status="baddump" />
		<rom name="mc1000_fita_50_programas_10_linhas_linh.wav" size="99052" crc="62f69360" sha1="ae03a492a971a43232c58ad9bcc12181da49d36a" status="baddump" />
		<rom name="mc1000_fita_50_programas_11_cicloide_cicl.wav" size="81212" crc="ff5825d8" sha1="a1338fd93b3671a378f52224b50d26bedd9e1bab" status="baddump" />
		<rom name="mc1000_fita_50_programas_12_senoides_seno.wav" size="82124" crc="37712d8a" sha1="7de98cd758cd0c7227ba57fe8b41a13f7721044d" status="baddump" />
		<rom name="mc1000_fita_50_programas_13_histograma_hist.wav" size="425964" crc="b4ec3d5e" sha1="b6a6b8a92319124b1328c40e0a04e819e91ff608" status="baddump" />
		<rom name="mc1000_fita_50_programas_14_jogo_de_dados_dado.wav" size="229164" crc="f881f923" sha1="7d55813fdc1deb58001e9fd2c1687501a13acba5" status="baddump" />
		<rom name="mc1000_fita_50_programas_15_frases_fras.wav" size="291996" crc="6a51544e" sha1="119de9fcb145369f92f515b4a8aed49d98b9b830" status="baddump" />
		<rom name="mc1000_fita_50_programas_16_numero_oculto_nume.wav" size="124460" crc="b00af10e" sha1="7e12c7bf6727a9c73a309364a89334c4016965ae" status="baddump" />
		<rom name="mc1000_fita_50_programas_17_reverso_reve.wav" size="399420" crc="919148c4" sha1="9c4ab207f0f6abaf6cac91d3decea8372142ba49" status="baddump" />
		<rom name="mc1000_fita_50_programas_18_calendario_cale.wav" size="260380" crc="1476eba6" sha1="ac1d1168272e81a1026333109564885a364af22a" status="baddump" />
		<rom name="mc1000_fita_50_programas_19_tira_letras_tira.wav" size="127628" crc="87fc6b3e" sha1="8f753ce79f610ac0fdab6f0aabb9a231f6f2b7a0" status="baddump" />
		<rom name="mc1000_fita_50_programas_20_espelho_espe.wav" size="120220" crc="ab87857e" sha1="b36a5ca2959dd75457548420ad544b06f63027f3" status="baddump" />
		<rom name="mc1000_fita_50_programas_21_negativo_negt.wav" size="117484" crc="f83b0d4a" sha1="4db22774a8f880c2e562fea683d192ac616a5d52" status="baddump" />
		<rom name="mc1000_fita_50_programas_22_moldura_mold.wav" size="167708" crc="cb7a3be8" sha1="390002d6f241e3909e846bf9204c9a250e3c54e4" status="baddump" />
		<rom name="mc1000_fita_50_programas_23_ordenador_alfabetico_sort.wav" size="218428" crc="933c05d7" sha1="942889490e378ac83b3513963bb4bfb15a337179" status="baddump" />
		<rom name="mc1000_fita_50_programas_24_conversao_arabicos_romanos_roma.wav" size="138668" crc="858e4fca" sha1="bee6207043b42e0788414f09222035a9c970df36" status="baddump" />
		<rom name="mc1000_fita_50_programas_25_palpites_para_loto_loto.wav" size="159804" crc="83fd51af" sha1="4969800ada5688e9bccbdb1eb8a738294d0be870" status="baddump" />
		<rom name="mc1000_fita_50_programas_26_cpf_cpf.wav" size="133692" crc="23ff1845" sha1="ef85e05da81416e374446186fee0be63a5a8faae" status="baddump" />
		<rom name="mc1000_fita_50_programas_27_conversao_celsius_fahrenheit_celsius_cfc.wav" size="132476" crc="194f9c50" sha1="f49a222b9374d911b2eac8b9153fd8692ef0955e" status="baddump" />
		<rom name="mc1000_fita_50_programas_28_palindromas_pali.wav" size="135260" crc="507fd2a5" sha1="75c01363aa2b9203ba2e8f547ecf937de88bf05f" status="baddump" />
		<rom name="mc1000_fita_50_programas_29_agenda_telefonica_agen.wav" size="359692" crc="236b88e3" sha1="fcc1eb66523c9b2a2a147f2dad3112cb4292a408" status="baddump" />
		<rom name="mc1000_fita_50_programas_30_econometro_econ.wav" size="186316" crc="b258d7b0" sha1="9750b6ed75eac0245e3db6cb2f8e3f8d32e068eb" status="baddump" />
		<rom name="mc1000_fita_50_programas_31_alfabeto_i_alfi.wav" size="115596" crc="5b943d8c" sha1="dd13faa2147dd93fb1acd3d4abce91464d2bacb1" status="baddump" />
		<rom name="mc1000_fita_50_programas_32_alfabeto_ii_alii.wav" size="99164" crc="8f1d2005" sha1="e21cbeb7833c40e054f870a2622f70d245ef17dc" status="baddump" />
		<rom name="mc1000_fita_50_programas_33_codigo_morse_mors.wav" size="120316" crc="9ac62da7" sha1="ba1f20925b66641185eb64e4c3a0cb6c4fcb5df1" status="baddump" />
		<rom name="mc1000_fita_50_programas_34_cebolinha_cebo.wav" size="139084" crc="53c2e0ec" sha1="378cba2f77cc6c3cdbe691b94270fa6124ecd459" status="baddump" />
		<rom name="mc1000_fita_50_programas_35_numeros_primos_prim.wav" size="168396" crc="8e9d948c" sha1="d72a8ff1dd6b07df67abfbc636b963eba2e9271d" status="baddump" />
		<rom name="mc1000_fita_50_programas_36_fatorial_fact.wav" size="217244" crc="5e0a46fb" sha1="9ab8dd65a480d06c3a85484e199e21e72f960660" status="baddump" />
		<rom name="mc1000_fita_50_programas_37_calculo_de_pi_pi.wav" size="100748" crc="b99403ca" sha1="bb19192f77dccb1196268ac6f756b238fc234372" status="baddump" />
		<rom name="mc1000_fita_50_programas_38_triangulos_tria.wav" size="138764" crc="15d70dbb" sha1="8762c4564660d43f812a418105f38674378b701d" status="baddump" />
		<rom name="mc1000_fita_50_programas_39_raiz_de_polinomios_raiz.wav" size="142812" crc="280fee83" sha1="03a10961527bbdadda6be56935f58d234bc450d7" status="baddump" />
		<rom name="mc1000_fita_50_programas_40_fatores_primos_fapr.wav" size="141724" crc="8a5af03d" sha1="daf3f1ebf4704a101a2f13b601fd9434e9532abc" status="baddump" />
		<rom name="mc1000_fita_50_programas_41_conversao_de_base_base.wav" size="132508" crc="4c8807e2" sha1="f08e2da6284d95c8558b32bf7352d13dd196a214" status="baddump" />
		<rom name="mc1000_fita_50_programas_42_regressao_linear_rlin.wav" size="157036" crc="ec5ed7d0" sha1="390570d7ac5c7d6e439efed7d6a1a512d1cf6aa5" status="baddump" />
		<rom name="mc1000_fita_50_programas_43_exponenciais_expo.wav" size="160460" crc="c69db959" sha1="3f0bebf891261fbccdbe52ca59e0914d3eae1dde" status="baddump" />
		<rom name="mc1000_fita_50_programas_44_soma_de_matrizes_matr.wav" size="149052" crc="48d634c6" sha1="82f2d441ad8808376c9753889f3a4f64d298aa95" status="baddump" />
		<rom name="mc1000_fita_50_programas_45_teste_de_aritmetica_arit.wav" size="237500" crc="e575db54" sha1="740ac672a2912df76df297ec85e393c6b24bc41e" status="baddump" />
		<rom name="mc1000_fita_50_programas_46_grafico_de_funcoes_grsi.wav" size="343884" crc="d492eb00" sha1="cf61cc433711f4dd138df076ce37fd364ad85774" status="baddump" />
		<rom name="mc1000_fita_50_programas_47_invasao_das_formigas_form.wav" size="81452" crc="2637f2ea" sha1="db4f01f47412f14a5fb8d4adc731d2e67c527b94" status="baddump" />
		<rom name="mc1000_fita_50_programas_48_graficos_simulados_gsim.wav" size="95724" crc="ff2a8bde" sha1="9aa83ed550afa5de4eb3b7c565ca80475ce7a7d9" status="baddump" />
		<rom name="mc1000_fita_50_programas_49_calculo_de_volumes_volm.wav" size="745180" crc="2a680b2a" sha1="d18713b8aa7bac81559355457e6a1daa07e8cb3c" status="baddump" />
		<rom name="mc1000_fita_50_programas_50_demo_printer_impr.wav" size="288876" crc="da769bbb" sha1="35ea4431c53a3e7f30ea8c8ad581d0005d80c99a" status="baddump" />
	</machine>
	<machine name="analeco">
		<description>Analise Economica</description>
		<year>198?</year>
		<publisher>CCE Soft</publisher>
		<rom name="f30.wav" size="426028" crc="e30fcc63" sha1="531e49cbd37cb08af45efe2f979cf8fd54ebb706" />
	</machine>
	<machine name="analfin">
		<description>Analise Financiera</description>
		<year>198?</year>
		<publisher>CCE Soft</publisher>
		<rom name="f28.wav" size="632348" crc="c7ced86d" sha1="256b04ad5a3442308604bc9917a063174b4b9d02" />
	</machine>
	<machine name="anapatri">
		<description>Analise Patrimonial</description>
		<year>198?</year>
		<publisher>CCE Soft</publisher>
		<rom name="f24.wav" size="631660" crc="b9015ca2" sha1="2c5f75e41c0dfadff0b5b75ddbf6c5bd4a0350ba" />
	</machine>
	<machine name="artifact">
		<description>Teste de Color Artifacting</description>
		<year>198?</year>
		<publisher>&lt;unknown&gt;</publisher>
		<rom name="artifact.wav" size="28122" crc="fe7114ad" sha1="eac779957eefbfab9cbdf561e910120e42179608" />
	</machine>
	<machine name="aventura">
		<description>Aventura</description>
		<year>19??</year>
		<publisher>&lt;unknown&gt;</publisher>
		<rom name="aventura.wav" size="168558" crc="208c0c8b" sha1="169010d35d4fa3a63cf00f5758717e57fd4754e2" />
	</machine>
	<machine name="bataero">
		<description>Batalha Aeronaval</description>
		<year>198?</year>
		<publisher>CCE Soft</publisher>
		<rom name="f15.wav" size="664652" crc="d3bc5c32" sha1="c49a094603221fe1a01324f8d973e26cef86198d" />
	</machine>
	<machine name="batmate">
		<description>Batalha de Matematica</description>
		<year>198?</year>
		<publisher>CCE Soft</publisher>
		<rom name="f7.wav" size="583692" crc="46caaae3" sha1="67cc7540211a9847d8d4b4ed9de9629383f67a4e" />
	</machine>
	<machine name="calcfin">
		<description>Calculo Financiero</description>
		<year>198?</year>
		<publisher>CCE Soft</publisher>
		<rom name="f25.wav" size="752876" crc="98e3c4a7" sha1="d3869dd3f652430852bed38d8d9ba1a8ad8d81b2" />
	</machine>
	<machine name="calcprec">
		<description>Calculo de Preco de Venda</description>
		<year>198?</year>
		<publisher>CCE Soft</publisher>
		<rom name="f18.wav" size="666732" crc="cf7bc405" sha1="3f32491f4394db419310988751d1bc16338f553a" />
	</machine>
	<machine name="calendar">
		<description>Calendario</description>
		<year>198?</year>
		<publisher>CCE Soft</publisher>
		<rom name="f21.wav" size="266220" crc="9d37708a" sha1="d0345d44fe6d4c16a2523e04a8ccbe42624e0d2e" />
	</machine>
	<machine name="carro">
		<description>Carro Maluco</description>
		<year>198?</year>
		<publisher>CCE Soft</publisher>
		<rom name="f11.wav" size="316028" crc="36f856b3" sha1="a9074f500b1a7eb3832b7dba89fe78a4d2aff285" />
	</machine>
	<machine name="circulos">
		<description>Circulos</description>
		<year>19??</year>
		<publisher>&lt;unknown&gt;</publisher>
		<rom name="circulos.wav" size="40350" crc="007a7c30" sha1="0002df62b1b37cd1c3d5b0db3a7a86f733604106" />
	</machine>
	<machine name="compara">
		<description>Comparacao de Recitas</description>
		<year>198?</year>
		<publisher>CCE Soft</publisher>
		<rom name="f26.wav" size="507772" crc="c285fa48" sha1="d48ea00356f65af4d241a113457f6db6f8611423" />
	</machine>
	<machine name="compcara">
		<description>Compcara</description>
		<year>198?</year>
		<publisher>&lt;unknown&gt;</publisher>
		<rom name="compcara.wav" size="57126" crc="585ac0fb" sha1="a9fe172eeb5045521b5677eb23e8ee2a16eed55e" />
	</machine>
	<machine name="cursobas">
		<description>Curso de BASIC</description>
		<year>198?</year>
		<publisher>CCE Soft</publisher>
		<rom name="mc1000_fita_curso_de_basic_1.wav" size="1772988" crc="7b42f631" sha1="1de0291dfd856da05f189065c6cae13f6ee34718" />
		<rom name="mc1000_fita_curso_de_basic_2.wav" size="1626828" crc="fef12eac" sha1="8dc428cb1c4c0d6cdeab356f7c5c8f6296422e98" />
		<rom name="mc1000_fita_curso_de_basic_3.wav" size="1486428" crc="26d63ca2" sha1="dfa4cababf20095cce4fbf5be11a3ae94322d49a" />
		<rom name="mc1000_fita_curso_de_basic_4.wav" size="1177628" crc="62a84f2c" sha1="7653cc92186de419b1cc4bb43e7b97704b6a0aac" />
	</machine>
	<machine name="despesas">
		<description>Controle de Despesas</description>
		<year>198?</year>
		<publisher>CCE Soft</publisher>
		<rom name="f19.wav" size="1019132" crc="989d3110" sha1="4f68b03f6b1b71d25d95054b972b2af33af261c1" />
	</machine>
	<machine name="explosao">
		<description>Explosao</description>
		<year>19??</year>
		<publisher>&lt;type-in&gt;</publisher>
		<rom name="explosao.wav" size="130822" crc="0b46f290" sha1="821b95bd675097d5ffba1c4c97898d20c9d10bb3" />
	</machine>
	<machine name="guerrobo">
		<description>Guerra de Robos</description>
		<year>198?</year>
		<publisher>CCE Soft</publisher>
		<rom name="f14.wav" size="735692" crc="5b770716" sha1="fafff9f95759106bcf2734a051eba42fba10e464" />
	</machine>
	<machine name="invasor">
		<description>Invasores do Espaco</description>
		<year>198?</year>
		<publisher>CCE Soft</publisher>
		<rom name="f9.wav" size="597644" crc="22102133" sha1="e02db15bd6bb36a0e48691a58aa4b93cbea3c79a" />
	</machine>
	<machine name="jipeguer">
		<description>Jipe de Guerra</description>
		<year>198?</year>
		<publisher>CCE Soft</publisher>
		<rom name="f10.wav" size="738908" crc="459d1c03" sha1="39411d342cd1624b608f275f459c5919a6d1cdcd" />
	</machine>
	<machine name="jogforc2">
		<description>Jogo da Forca II</description>
		<year>198?</year>
		<publisher>CCE Soft</publisher>
		<rom name="f13.wav" size="845372" crc="d6826e26" sha1="fa88292f2a7b148f0a0ff35d5a23ca01747b808c" />
	</machine>
	<machine name="jogforca">
		<description>Jogo da Forca I</description>
		<year>198?</year>
		<publisher>CCE Soft</publisher>
		<rom name="f12.wav" size="859020" crc="6fb78310" sha1="8e7676c17a2bc2da6d0aa68a0874ee880aacf665" />
	</machine>
	<machine name="livroraz">
		<description>Livro Razao Geral</description>
		<year>198?</year>
		<publisher>CCE Soft</publisher>
		<rom name="f27.wav" size="876460" crc="ea528fac" sha1="71defb4fe12afe7dd91b0f0512641f35630ff456" />
	</machine>
	<machine name="manualba">
		<description>Manual do BASIC</description>
		<year>198?</year>
		<publisher>CCE Soft</publisher>
		<rom name="mc1000_1_1_compositor_de_musicas.wav" size="609500" crc="ae66d227" sha1="ba33f588a580b6893713ac7437f9b4d98cb7ffac" status="baddump" />
		<rom name="mc1000_1_2_aterrissagem_em_marte.wav" size="461580" crc="cdfc08b8" sha1="807b60925135de67f258568d784c16993a10dbb8" status="baddump" />
		<rom name="mc1000_1_3_bombardeio_na_cidade.wav" size="339596" crc="c74f3b26" sha1="9ed8a57a808727752dd3bb37af7eb0eb5db375f1" status="baddump" />
		<rom name="mc1000_1_4_matematica_para_jardim_de_infancia.wav" size="659084" crc="ff0a069c" sha1="8839cbe36e107d4134903d0204b1d9156aeb0460" status="baddump" />
		<rom name="mc1000_1_5_batalha_com_tanques.wav" size="554828" crc="62237abf" sha1="709e7e7f85841782dd0fba952f95dbc621ff8301" status="baddump" />
	</machine>
	<machine name="memoria">
		<description>Jogo de Memoria</description>
		<year>198?</year>
		<publisher>CCE Soft</publisher>
		<rom name="f1.wav" size="359596" crc="75478925" sha1="57651331d3da445392ff936e8e382fa90d29f844" />
	</machine>
	<machine name="modvideo">
		<description>Modvideo</description>
		<year>198?</year>
		<publisher>&lt;unknown&gt;</publisher>
		<rom name="modvideo.wav" size="47018" crc="bb93489e" sha1="31446af02ab4a98733e2c641f10150035b809048" />
	</machine>
	<machine name="olimpmat">
		<description>Olimpiada de Matematica</description>
		<year>198?</year>
		<publisher>CCE Soft</publisher>
		<rom name="f8a.wav" size="326124" crc="42e029d3" sha1="1c049bc4193404d66fc80a8ae10ac780b0e00c50" />
		<rom name="f8b.wav" size="375132" crc="23ee6191" sha1="eb470c77ee09304f732604afdd102490209b76fe" />
	</machine>
	<machine name="othello">
		<description>Othello</description>
		<year>198?</year>
		<publisher>CCE Soft</publisher>
		<rom name="f4.wav" size="506316" crc="24e478b1" sha1="1479d86212677107b505635396d22065deb28535" />
	</machine>
	<machine name="persegui">
		<description>Perseguicao Policial</description>
		<year>198?</year>
		<publisher>CCE Soft</publisher>
		<rom name="f3.wav" size="578092" crc="45e7b9d0" sha1="e9433a8e234466c199d83876911049d09b3be87c" />
	</machine>
	<machine name="quebra">
		<description>Quebra Cabecas</description>
		<year>198?</year>
		<publisher>CCE Soft</publisher>
		<rom name="f6.wav" size="740636" crc="14055426" sha1="78d74d0b54743fb2fba752d3e350ed6d94f0f47f" />
	</machine>
	<machine name="redepert">
		<description>Rede Pert - Caminho Critico</description>
		<year>198?</year>
		<publisher>CCE Soft</publisher>
		<rom name="f20.wav" size="1810012" crc="3f32b010" sha1="5b281c9a6dfaf610ab9495feeb2da55607201e82" />
	</machine>
	<machine name="resta">
		<description>Resta Um</description>
		<year>198?</year>
		<publisher>CCE Soft</publisher>
		<rom name="f5.wav" size="670908" crc="6ef25fb5" sha1="223862aa232d1ee03ad747198498d5ea8bc6638c" />
	</machine>
	<machine name="senha">
		<description>Senha</description>
		<year>198?</year>
		<publisher>CCE Soft</publisher>
		<rom name="f2.wav" size="531324" crc="d9d1c328" sha1="984b58745e6ee79d39b74f049748e39682acd61c" />
	</machine>
	<machine name="teoria">
		<description>Teoria da Estimativa Estatistica</description>
		<year>198?</year>
		<publisher>CCE Soft</publisher>
		<rom name="f22.wav" size="401852" crc="a172953b" sha1="bd9324a63f186e5be4e346c10d097b921bf52619" />
	</machine>
</datafile>