<?xml version="1.0" encoding="utf-8"?>
<!DOCTYPE datafile PUBLIC "-//Logiqx//DTD ROM Management Datafile//EN" "http://www.logiqx.com/Dats/datafile.dtd">
<datafile>
	<header>
		<name>mc10</name>
		<description>Tandy MC-10 cassettes</description>
		<version>0.274</version>
		<author>Pleasuredome</author>
	</header>
	<machine name="argo">
		<description>Argo</description>
		<year>198?</year>
		<publisher>&lt;unknown&gt;</publisher>
		<rom name="argo (19xx)(-).cas" size="1622" crc="2e38b910" sha1="34ac55a7417cf097dea16b0ecb9f613f78f4c5c0" />
	</machine>
	<machine name="assemble">
		<description>Assemble</description>
		<year>198?</year>
		<publisher>&lt;unknown&gt;</publisher>
		<rom name="assemble (19xx)(-).cas" size="2833" crc="13c01e4d" sha1="425bb41b2cc0ae3cc7142770e90cc60b65c9abc3" />
	</machine>
	<machine name="aster64j">
		<description>Aster64 (Joystick Hack by Charles Perosi)</description>
		<year>198?</year>
		<publisher>Rogelio Perea</publisher>
		<rom name="aster64 (19xx)(perea, rogelio)[h highscore - joystick perosi, charles].cas" size="1425" crc="46504967" sha1="d5dd55dbf6b5b8773cad440c821f27ed87a48cfd" />
	</machine>
	<machine name="aster64">
		<description>Aster64</description>
		<year>198?</year>
		<publisher>Rogelio Perea</publisher>
		<rom name="aster64 (19xx)(perea, rogelio)[h highscore perosi, charles].cas" size="1376" crc="6733afae" sha1="d7268d77c0dc0f61e11da40a7f1da5ff734d6992" />
	</machine>
	<machine name="autoklon">
		<description>Auto Klondike</description>
		<year>198?</year>
		<publisher>&lt;unknown&gt;</publisher>
		<rom name="auto klondike (19xx)(-).cas" size="5779" crc="2d95c06e" sha1="d6adcc9cbb21205a304352dae447a094a6b2d2b7" />
	</machine>
	<machine name="autorun">
		<description>Autorun</description>
		<year>198?</year>
		<publisher>Graham Pollock</publisher>
		<rom name="autorun (19xx)(pollock, graham).cas" size="918" crc="0e08ebe1" sha1="e2dae46f69c0b9d41867e6c8788a9fea817020b8" />
	</machine>
	<machine name="backup">
		<description>Backup</description>
		<year>198?</year>
		<publisher>&lt;unknown&gt;</publisher>
		<rom name="backup (19xx)(-).cas" size="365" crc="2613359e" sha1="ef69b56eb31f5ae291f9fc2a4b0c30d78d19e312" />
	</machine>
	<machine name="bandit">
		<description>Bandit!</description>
		<year>198?</year>
		<publisher>Jim Gerrie</publisher>
		<rom name="bandit (19xx)(jim gerrie).cas" size="3819" crc="66495f69" sha1="3b95ed544fe1f0d9e4096251d4d519c655e13edf" />
	</machine>
	<machine name="basketba">
		<description>Basketballer</description>
		<year>198?</year>
		<publisher>&lt;unknown&gt;</publisher>
		<rom name="basketballer (19xx)(-).cas" size="1390" crc="a539dc68" sha1="19cf427a12966451d79cf43bb350f6435c704d97" />
	</machine>
	<machine name="blackjac">
		<description>Black Jack</description>
		<year>198?</year>
		<publisher>&lt;unknown&gt;</publisher>
		<rom name="black jack (19xx)(-).cas" size="3466" crc="5d36af2f" sha1="62de327b99722bb6e72a825b7c2352aa59d2d718" />
	</machine>
	<machine name="blockdrp">
		<description>Block Drop</description>
		<year>2004</year>
		<publisher>Charles Perosi</publisher>
		<rom name="block drop (2004-04-13)(perosi, charles).cas" size="2411" crc="7b7a593f" sha1="2f667e2388808e1a8c38b16ccc9067ccd0c743ab" />
	</machine>
	<machine name="blockdrpj">
		<description>Block Drop (Joystick Hack)</description>
		<year>2004</year>
		<publisher>Charles Perosi</publisher>
		<rom name="block drop (2004-04-13)(perosi, charles)[h joystick perosi, charles].cas" size="2495" crc="87d2178a" sha1="e05754b3159546ebcd00a0f23128007ce6c8e255" />
	</machine>
	<machine name="bombaway">
		<description>Bombs Away</description>
		<year>198?</year>
		<publisher>&lt;unknown&gt;</publisher>
		<rom name="bombs away (19xx)(-).cas" size="4646" crc="c37f2271" sha1="825e78f8714b9a778ebe99e99843ffbab76a25cc" />
	</machine>
	<machine name="breakout">
		<description>Micro Games - Breakout</description>
		<year>1983</year>
		<publisher>Tandy</publisher>
		<rom name="breakout (198x)(tandy corp.).cas" size="2041" crc="9393718b" sha1="835b19e716ae0ae375c6f29794a16bf526550590" />
	</machine>
	<machine name="breakoutj">
		<description>Micro Games - Breakout (Joystick Hack by Charles Perosi)</description>
		<year>1983</year>
		<publisher>Tandy</publisher>
		<rom name="breakout (198x)(tandy corp.)[h joystick perosi, charles].cas" size="2122" crc="c91f4d4f" sha1="638e57db3f769129c3de988d5b2d2606098d0f97" />
	</machine>
	<machine name="bubsort">
		<description>BubbleSort</description>
		<year>198?</year>
		<publisher>&lt;unknown&gt;</publisher>
		<rom name="bubblesort (19xx)(-).cas" size="323" crc="48e869f4" sha1="944ef7f07e6df4cdb427baedcf1ad830229e05ce" />
	</machine>
	<machine name="cantlist">
		<description>Sorry Cant List That</description>
		<year>1985</year>
		<publisher>Gary Furr</publisher>
		<rom name="sorry cant list that (1985-05)(furr, gary).cas" size="646" crc="d9449b7c" sha1="0d71f0d34d6d54ef6f77b6b38360599b3c93f079" />
	</machine>
	<machine name="catch">
		<description>Catch</description>
		<year>198?</year>
		<publisher>&lt;unknown&gt;</publisher>
		<rom name="catch (19xx)(-).cas" size="1422" crc="bc663362" sha1="6ec0879deef9e221f888a316739eee23d81e09aa" />
	</machine>
	<machine name="checkers">
		<description>Micro Checkers</description>
		<year>1983</year>
		<publisher>Tandy</publisher>
		<rom name="26-3360.cas" size="2602" crc="a1e1e749" sha1="456c7a605d824dd5b966367feb3691a6dc199503" />
	</machine>
	<machine name="checkersa">
		<description>Micro Checkers (Alt)</description>
		<year>1983</year>
		<publisher>Tandy</publisher>
		<rom name="26-3360 (alt).cas" size="2602" crc="6faa1922" sha1="307254514cdbdf6ad305ebf83cf9ea6c83ccc053" />
	</machine>
	<machine name="checkfor">
		<description>Check for Printer</description>
		<year>198?</year>
		<publisher>Gary Furr</publisher>
		<rom name="check for printer (19xx)(furr, gary).cas" size="565" crc="d4de7ef7" sha1="169cf3b55e06a407ed10d5dc9a321acdeca3a648" />
	</machine>
	<machine name="clock">
		<description>Clock</description>
		<year>198?</year>
		<publisher>&lt;unknown&gt;</publisher>
		<rom name="clock (19xx)(-).cas" size="446" crc="9e5f8577" sha1="08d8ca09967004a56424edb1daea3e1c7f788138" />
	</machine>
	<machine name="compac">
		<description>Micro Color Compac</description>
		<year>1983</year>
		<publisher>Tandy</publisher>
		<rom name="micro color compac (1983)(tandy corp.).cas" size="2545" crc="da077a32" sha1="255ee62febbc24a3fb1c5e2e42d6398dea66509e" />
	</machine>
	<machine name="conlife">
		<description>John Conway's Life</description>
		<year>198?</year>
		<publisher>&lt;unknown&gt;</publisher>
		<rom name="john conway's life (19xx)(-).cas" size="2018" crc="732dffed" sha1="cc9f4cc68e1b37237ac857ada90cab06dca08735" />
	</machine>
	<machine name="convert">
		<description>Convert</description>
		<year>1985</year>
		<publisher>Larry Haines</publisher>
		<rom name="convert (1985)(haines, larry).cas" size="1731" crc="f9a38f96" sha1="5af6f147029ab752ac0909fa5a68b064786e2a6f" />
	</machine>
	<machine name="cram">
		<description>Cram</description>
		<year>198?</year>
		<publisher>&lt;unknown&gt;</publisher>
		<rom name="cram (19xx)(-).cas" size="1945" crc="417d6fcb" sha1="7ed519a7af3442b5aa1b2fb22f8c86ca7e2f7956" />
	</machine>
	<machine name="csavem">
		<description>CSAVEM</description>
		<year>198?</year>
		<publisher>&lt;unknown&gt;</publisher>
		<rom name="csavem (19xx)(-).cas" size="934" crc="ed0c4ac8" sha1="d5b7f096908ef61fb4d1cfc3c512d1c2f94f2d7e" />
	</machine>
	<machine name="decode">
		<description>Decode</description>
		<year>198?</year>
		<publisher>&lt;unknown&gt;</publisher>
		<rom name="decode (19xx)(-).cas" size="1960" crc="4953364f" sha1="87b877d7da6c2d33e429394c46a0ab8da743ff83" />
	</machine>
	<machine name="defend">
		<description>Defend</description>
		<year>2004</year>
		<publisher>Charles Perosi</publisher>
		<rom name="defend (2004-04-29)(perosi, charles).cas" size="1641" crc="8b0decfd" sha1="57fc112540ef524b1cbe33cc71439bfe515028a4" />
	</machine>
	<machine name="defendj">
		<description>Defend (Joystick Hack)</description>
		<year>2004</year>
		<publisher>Charles Perosi</publisher>
		<rom name="defend (2004-04-29)(perosi, charles)[h joystick perosi, charles].cas" size="1729" crc="f8843307" sha1="20f8927606d4c6b6ffdab1118b8ab1afe1f66456" />
	</machine>
	<machine name="demonatt">
		<description>Demon Attack</description>
		<year>2004</year>
		<publisher>Charles Perosi</publisher>
		<rom name="demon attack (2004-05-20)(perosi, charles).cas" size="2977" crc="2bfd81ca" sha1="6ad4e109f218f60893033d8265da21f6ce03c0b4" />
	</machine>
	<machine name="demonattj">
		<description>Demon Attack (Joystick Hack)</description>
		<year>2004</year>
		<publisher>Charles Perosi</publisher>
		<rom name="demon attack (2004-05-20)(perosi, charles)[h joystick perosi, charles].cas" size="3037" crc="878c6309" sha1="a2a9582de3540caac78c7d8c57e5ff9f5d474985" />
	</machine>
	<machine name="dissasm2">
		<description>Dissassembler 2</description>
		<year>198?</year>
		<publisher>&lt;unknown&gt;</publisher>
		<rom name="dissassembler 2 (19xx)(-).cas" size="5199" crc="ea56b111" sha1="cc90828e0ab8a88bf769fc4ba9cec1f4c0a6981c" />
	</machine>
	<machine name="dissasm">
		<description>Dissassembler</description>
		<year>198?</year>
		<publisher>&lt;unknown&gt;</publisher>
		<rom name="dissassembler (19xx)(-).cas" size="3719" crc="9bbe5463" sha1="2c225d2ec30fe631794974649f3a691dbeeb31e0" />
	</machine>
	<machine name="dragcast">
		<description>Dragon Castles</description>
		<year>2004</year>
		<publisher>Charles Perosi</publisher>
		<rom name="dragon castles (2004-04-13)(perosi, charles).cas" size="5808" crc="0e21792f" sha1="09bbc81819465558a3b7249551ceb50a03e5ff5b" />
	</machine>
	<machine name="eggcatch">
		<description>Micro Games - Egg Catch</description>
		<year>1983</year>
		<publisher>Tandy</publisher>
		<rom name="eggs (198x)(tandy corp.).cas" size="2265" crc="f85765cb" sha1="3991663e261c1556edee7612983e1bccd539f210" />
	</machine>
	<machine name="eggcatcha">
		<description>Micro Games - Egg Catch (Alt)</description>
		<year>1983</year>
		<publisher>Tandy</publisher>
		<rom name="eggs (198x)(tandy corp.)[a].cas" size="2265" crc="39bd94fa" sha1="934fd4cf1f422bd1d3a46537f6116a51f934d793" />
	</machine>
	<machine name="eliza">
		<description>Eliza</description>
		<year>198?</year>
		<publisher>&lt;unknown&gt;</publisher>
		<rom name="eliza (19xx)(-).cas" size="8033" crc="7cf55804" sha1="b43372c44108ab1945a0f1d114dfe1ad2c38e701" />
	</machine>
	<machine name="exbasic">
		<description>Extended Basic</description>
		<year>1986</year>
		<publisher>Gary Furr</publisher>
		<rom name="extended basic (1986)(furr, gary).cas" size="2844" crc="b9069763" sha1="a5aaf79bdb476d20f9199252497582399a0d78e4" />
	</machine>
	<machine name="flywall">
		<description>The Flying Walloons</description>
		<year>198?</year>
		<publisher>&lt;unknown&gt;</publisher>
		<rom name="flying walloons, the (19xx)(-).cas" size="3737" crc="96c87f61" sha1="b29c66b00efd5ea8e7c1bbffe64826514cf5326d" />
	</machine>
	<machine name="freeway">
		<description>MC-10 Freeway</description>
		<year>2004</year>
		<publisher>Charles Perosi</publisher>
		<rom name="mc-10 freeway (2004-10-15)(perosi, charles).cas" size="2186" crc="0612513e" sha1="e41a3905de8e28e099437e6d3b068fd01bb776f8" />
	</machine>
	<machine name="freewayj">
		<description>MC-10 Freeway (Joystick Hack)</description>
		<year>2004</year>
		<publisher>Charles Perosi</publisher>
		<rom name="mc-10 freeway (2004-10-15)(perosi, charles)[h joystick perosi, charles].cas" size="2211" crc="4f6d01f4" sha1="9c053a82ea630c9e67d484ada3b6c9b415762fe2" />
	</machine>
	<machine name="frogger">
		<description>Frogger</description>
		<year>198?</year>
		<publisher>Jason Krah</publisher>
		<rom name="frogger (19xx)(jason krah).cas" size="3125" crc="37859ba5" sha1="bbee1d6f4a918389781fec64fbd724f305d03fe6" />
	</machine>
	<machine name="genacct">
		<description>Generic Accounting Program</description>
		<year>198?</year>
		<publisher>Larry Allen</publisher>
		<rom name="generic accounting program (19xx)(allen, larry).cas" size="3154" crc="c6f5203c" sha1="ee727c2a2112a88f30c74fbb903905df07040d75" />
	</machine>
	<machine name="graphmod">
		<description>Graphics Modes of MC-10</description>
		<year>198?</year>
		<publisher>&lt;unknown&gt;</publisher>
		<rom name="graphics modes of mc-10 (19xx)(-).cas" size="786" crc="bf0d402a" sha1="6b4fab21ee2408bd41f5298f97c2d722f0cde131" />
	</machine>
	<machine name="graphrou">
		<description>Graphic Routine</description>
		<year>198?</year>
		<publisher>&lt;unknown&gt;</publisher>
		<rom name="graphic routine (19xx)(-).cas" size="1546" crc="90221bb3" sha1="1da17a257fc74da71f45d5d48d82e9d74f8d8699" />
	</machine>
	<machine name="groan">
		<description>Groan</description>
		<year>198?</year>
		<publisher>&lt;unknown&gt;</publisher>
		<rom name="groan (19xx)(-).cas" size="3794" crc="669e2cc8" sha1="f2fe6848e38070d38139bfc291d75a2b2a970a6f" />
	</machine>
	<machine name="hangman">
		<description>Hangman</description>
		<year>198?</year>
		<publisher>&lt;unknown&gt;</publisher>
		<rom name="hangman (19xx)(-).cas" size="2795" crc="56351ca8" sha1="3ff823b7f049c333f3b04a1db0d2ebb65bd19feb" />
	</machine>
	<machine name="haunted">
		<description>Haunted House</description>
		<year>198?</year>
		<publisher>&lt;unknown&gt;</publisher>
		<rom name="haunted house (19xx)(-).cas" size="7002" crc="ddd11813" sha1="b079d8389caf4e1ce3656a17dbfe64eb922bf309" />
	</machine>
	<machine name="hazemaze">
		<description>Haze Maze</description>
		<year>198?</year>
		<publisher>&lt;unknown&gt;</publisher>
		<rom name="haze maze (19xx)(-).cas" size="3183" crc="64c55f51" sha1="d8a3755d27326ea6fa384ab1bbcc8359b02b9ef4" />
	</machine>
	<machine name="hiresdra">
		<description>Hi-Res Drawing</description>
		<year>1985</year>
		<publisher>Graham Pollock</publisher>
		<rom name="hi-res drawing (1985-12)(graham pollock)[rom 1.1].cas" size="1663" crc="be70719d" sha1="dbac50604a272778d5a156a68675c84b062812ff" />
	</machine>
	<machine name="horserac">
		<description>Micro Games - Horse Race</description>
		<year>1983</year>
		<publisher>Tandy</publisher>
		<rom name="horse race (198x)(tandy corp.).cas" size="1685" crc="d326d8f1" sha1="2296b384212a193163775a6984dd0cc430084bc2" />
	</machine>
	<machine name="horseraca">
		<description>Micro Games - Horse Race (Alt)</description>
		<year>1983</year>
		<publisher>Tandy</publisher>
		<rom name="horse race (198x)(tandy corp.)[a].cas" size="1685" crc="3f779cb7" sha1="a3d8de9e8150b5c2feccf2f53fc948c216ef7d33" />
	</machine>
	<machine name="humbug">
		<description>Humbug Assemble-Disassemble ($4400-$4EFF)</description>
		<year>1983</year>
		<publisher>P. Stark</publisher>
		<rom name="humbug assemble-disassemble (1983)(p. stark)[4400-4eff].cas" size="2632" crc="94e384cc" sha1="ec3a4e5b44526e317f8a6761f384dcb6f5786f7b" />
	</machine>
	<machine name="humbuga">
		<description>Humbug Assemble-Disassemble ($4500-$4FFF)</description>
		<year>1983</year>
		<publisher>P. Stark</publisher>
		<rom name="humbug assemble-disassemble (1983)(p. stark)[4500-4fff].cas" size="3022" crc="cc45db75" sha1="f9cca89d0a300966287b0727667abd9cf848093e" />
	</machine>
	<machine name="humbugb">
		<description>Humbug Assemble-Disassemble ($7500-$7FFF)</description>
		<year>1983</year>
		<publisher>P. Stark</publisher>
		<rom name="humbug assemble-disassemble (1983)(p. stark)[7500-7fff].cas" size="3026" crc="6f224e73" sha1="33b18cd96f9a544473310451faba2209753dc11f" />
	</machine>
	<machine name="idcsavem">
		<description>Id.csavem</description>
		<year>198?</year>
		<publisher>&lt;unknown&gt;</publisher>
		<rom name="id.csavem (19xx)(-).cas" size="918" crc="276ecde6" sha1="0b4b14fb1826f4ed0bdae0837ea5c77d095ca7e5" />
	</machine>
	<machine name="invaders">
		<description>Invaders</description>
		<year>198?</year>
		<publisher>&lt;unknown&gt;</publisher>
		<rom name="invaders (19xx)(-).cas" size="1419" crc="97e1fd60" sha1="613fd59c5456d5956587044b47453ce95e7ff6de" />
	</machine>
	<machine name="iorecov">
		<description>IO Recovery</description>
		<year>1985</year>
		<publisher>Graham Pollock</publisher>
		<rom name="io recovery (1985-10)(pollock, graham).cas" size="831" crc="bb4d0e4b" sha1="18cf7425db3f7cf0bb4265de4a0c0edbf9b710af" />
	</machine>
	<machine name="jet">
		<description>Jet</description>
		<year>198?</year>
		<publisher>&lt;unknown&gt;</publisher>
		<rom name="jet (19xx)(-).cas" size="5803" crc="d89a559d" sha1="779c03f310d1847ff95f38f00cf1006d0a36a5e8" />
	</machine>
	<machine name="kaleido">
		<description>Kaleido</description>
		<year>198?</year>
		<publisher>&lt;unknown&gt;</publisher>
		<rom name="kaleido (19xx)(-).cas" size="894" crc="7ce66d5b" sha1="949ef741fb41e0fde4d4ef17199625ada5731792" />
	</machine>
	<machine name="kaleidos">
		<description>Kaleidoscope</description>
		<year>198?</year>
		<publisher>&lt;unknown&gt;</publisher>
		<rom name="kaleidoscope (19xx)(-).cas" size="388" crc="dfdbee82" sha1="2d7ba09d7583aff8831f3a7a9fa2798365bd884d" />
	</machine>
	<machine name="keyboard">
		<description>Keyboard Skills</description>
		<year>198?</year>
		<publisher>&lt;unknown&gt;</publisher>
		<rom name="keyboard skills (19xx)(-).cas" size="2514" crc="b5eabc8c" sha1="f7771dc615934501e69902b400718b4c60bddcf8" />
	</machine>
	<machine name="kutenkam">
		<description>Kutenkamen</description>
		<year>198?</year>
		<publisher>&lt;unknown&gt;</publisher>
		<rom name="kutenkamen (19xx)(-).cas" size="5745" crc="a67fdd7a" sha1="65e3dad95761be003027d7352ff7511a9c6fe3c8" />
	</machine>
	<machine name="lastcoin">
		<description>Last Coin</description>
		<year>198?</year>
		<publisher>&lt;unknown&gt;</publisher>
		<rom name="last coin (19xx)(-).cas" size="2614" crc="7b379aa6" sha1="1cbdf236be5235867b1e173952c73024ac3653d5" />
	</machine>
	<machine name="leapfrog">
		<description>Leapfrog</description>
		<year>198?</year>
		<publisher>&lt;unknown&gt;</publisher>
		<rom name="leapfrog (19xx)(-).cas" size="2629" crc="9af3158d" sha1="f1e3f59698b3fa44ff2301169982c93704710157" />
	</machine>
	<machine name="lifeed">
		<description>LIFE-ED</description>
		<year>198?</year>
		<publisher>James Tamer</publisher>
		<rom name="life-ed (19xx)(tamer, james).cas" size="2740" crc="1e8775a0" sha1="b22ca023ddd84bbe46446f9b17f5b15187cea17b" />
	</machine>
	<machine name="lifeedgl">
		<description>LIFE-ED Data Tape - Glidergun</description>
		<year>198?</year>
		<publisher>&lt;unknown&gt;</publisher>
		<rom name="life-ed - glidergun (19xx)(-)[life-ed data tape].cas" size="1374" crc="3fafb611" sha1="7886d12bcab4fc8c3a11310bed7d4a378e51174d" />
	</machine>
	<machine name="lifeedos">
		<description>LIFE-ED Data Tape - Oscillators</description>
		<year>198?</year>
		<publisher>&lt;unknown&gt;</publisher>
		<rom name="life-ed - oscillators (19xx)(-)[life-ed data tape].cas" size="1374" crc="044bb9ad" sha1="9f59512056005e696c714995988a22baa5e374d6" />
	</machine>
	<machine name="lifeedrp">
		<description>LIFE-ED Data Tape - Rpentomino</description>
		<year>198?</year>
		<publisher>&lt;unknown&gt;</publisher>
		<rom name="life-ed - rpentomino (19xx)(-)[life-ed data tape].cas" size="1374" crc="7b83e0e6" sha1="c1e0a825ea538ecad011ae4cf6963d30087a348a" />
	</machine>
	<machine name="linedemo">
		<description>Linedemo</description>
		<year>2011</year>
		<publisher>James Diffendaffer</publisher>
		<rom name="linedemo (2011-07-20)(diffendaffer, james).cas" size="1365" crc="305db680" sha1="c057e39bf2cb083a0420ed4f4b5c39293eddd86d" />
	</machine>
	<machine name="listline">
		<description>List All Lines</description>
		<year>1986</year>
		<publisher>Gary Furr</publisher>
		<rom name="list all lines (1986)(furr, gary).cas" size="564" crc="97e8137e" sha1="02227c8204fe52566f7ab995ff47515ca48f8213" />
	</machine>
	<machine name="lprintpi">
		<description>LPrintPi</description>
		<year>198?</year>
		<publisher>Greg Dionne</publisher>
		<rom name="lprintpi (19xx)(dionne, greg).cas" size="1384" crc="2980c893" sha1="4f9496a27b0956f9e67f5858bee10f402a4493e3" />
	</machine>
	<machine name="lunland">
		<description>Micro Games - Lunar Lander</description>
		<year>1983</year>
		<publisher>Tandy</publisher>
		<rom name="lunar lander (198x)(tandy corp.).cas" size="1190" crc="8aab62bd" sha1="da6c2ca0e2b24c28c0562e56e0107657467d0ffe" />
	</machine>
	<machine name="lunlanda">
		<description>Micro Games - Lunar Lander (Alt)</description>
		<year>1983</year>
		<publisher>Tandy</publisher>
		<rom name="lunar lander (198x)(tandy corp.)[a].cas" size="1190" crc="e557ff52" sha1="54f44fde6eb8ebbb861bc99788cf36d26e7dad60" />
	</machine>
	<machine name="lwpin">
		<description>Lost World Pinball</description>
		<year>1983</year>
		<publisher>Tandy</publisher>
		<rom name="26-3363.cas" size="12342" crc="96ae8400" sha1="b64d01efe069b89f5537d5054ad73310ba14ad96" />
	</machine>
	<machine name="lwpina">
		<description>Lost World Pinball (Alt)</description>
		<year>1983</year>
		<publisher>Tandy</publisher>
		<rom name="26-3363 (alt).cas" size="12341" crc="96f8c02f" sha1="2941945eb71bb3b3d9e804c9efb658c3c20afe58" />
	</machine>
	<machine name="mario">
		<description>Mario</description>
		<year>198?</year>
		<publisher>&lt;unknown&gt;</publisher>
		<rom name="mario (19xx)(-).cas" size="4433" crc="80db3f52" sha1="b3f40025ac378ff04c9d91eec7231f9735d40eae" />
	</machine>
	<machine name="marks">
		<description>Marks</description>
		<year>198?</year>
		<publisher>&lt;unknown&gt;</publisher>
		<rom name="marks (19xx)(-).cas" size="2946" crc="4f9c23b6" sha1="deff3d2b9702df4836186e3c79cd0f33335bd98c" />
	</machine>
	<machine name="masterm">
		<description>Mastermind</description>
		<year>198?</year>
		<publisher>&lt;unknown&gt;</publisher>
		<rom name="mastermind (19xx)(-).cas" size="3189" crc="bd3b091f" sha1="8f2fc3620e8005eeacc3d0e72504f054946cca9d" />
	</machine>
	<machine name="mastmind">
		<description>The Game of Mastermind</description>
		<year>198?</year>
		<publisher>&lt;unknown&gt;</publisher>
		<rom name="game of mastermind, the (19xx)(-).cas" size="1893" crc="5d02de39" sha1="3286c1734ac0e12d2e3ea460119ebd2837f9ff65" />
	</machine>
	<machine name="mcdos">
		<description>MCDOS</description>
		<year>1986</year>
		<publisher>Graham Pollock</publisher>
		<rom name="mcdos (1986)(pollock, graham).cas" size="1240" crc="17d6dcee" sha1="060e1d5a2e69ffefa2c2b9a6c86983281f9beb07" />
	</machine>
	<machine name="mcdosd1">
		<description>MCDOS RAM Disk 1</description>
		<year>198?</year>
		<publisher>&lt;unknown&gt;</publisher>
		<rom name="mcdos ram disk 1 (19xx)(-).cas" size="7197" crc="214b1c5a" sha1="450f8eb6bd551b99dfe1ba722d0fa862fec7f0f9" />
	</machine>
	<machine name="mcdosd2">
		<description>MCDOS RAM Disk 2</description>
		<year>198?</year>
		<publisher>&lt;unknown&gt;</publisher>
		<rom name="mcdos ram disk 2 (19xx)(-).cas" size="9783" crc="585f8c25" sha1="c6cfd3680db51399bb81035330e10563471c608e" />
	</machine>
	<machine name="mcos">
		<description>MCOS - 6803 Monitor</description>
		<year>198?</year>
		<publisher>&lt;unknown&gt;</publisher>
		<rom name="mcos - 6803 monitor (19xx)(-).cas" size="2723" crc="d5cddf7e" sha1="1f5b4f06143a4689b76f2d2fd03fceb40886ab85" />
	</machine>
	<machine name="mctext">
		<description>MC-Text</description>
		<year>2004</year>
		<publisher>Jim Gerrie</publisher>
		<rom name="mc-text (2004-06-13)(gerrie, jim).cas" size="4794" crc="e86baf43" sha1="4edd9ed933ab6baed8b62113edc10e59aaf991bc" />
	</machine>
	<machine name="mcword">
		<description>McWord</description>
		<year>1986</year>
		<publisher>Bob Schecter</publisher>
		<rom name="mcword (1986)(schecter, bob).cas" size="4691" crc="4632ae49" sha1="79408f8468d46c26debd2a3fabff42e706bfa8e6" />
	</machine>
	<machine name="memdisp">
		<description>Memory Display</description>
		<year>2004</year>
		<publisher>James Tamer</publisher>
		<rom name="memory display (2004)(tamer, james).cas" size="970" crc="8579cf9d" sha1="086fb06006b71884ef3515e921f0a1808480c9ef" />
	</machine>
	<machine name="micomain">
		<description>Micomainia</description>
		<year>198?</year>
		<publisher>Darren Ottery</publisher>
		<rom name="micomainia (19xx)(ottery, darren).cas" size="2404" crc="06df991e" sha1="12fa74d0f875cf6e87f6f02c39a3bc4767ab96cf" />
	</machine>
	<machine name="microbas">
		<description>MicroColor Basic v1.3</description>
		<year>1982</year>
		<publisher>Microsoft</publisher>
		<rom name="microcolor basic v1.3 (1982)(microsoft).cas" size="8817" crc="0732ca8e" sha1="9640718fa7c62b8f1dd1596ece0e1652d2c7db07" />
	</machine>
	<machine name="milo">
		<description>Milo</description>
		<year>198?</year>
		<publisher>&lt;unknown&gt;</publisher>
		<rom name="milo (19xx)(-).cas" size="3030" crc="c827fab0" sha1="ca6c9c6aeacbb8874c7a6946238fe49a42bf62b2" />
	</machine>
	<machine name="minefld">
		<description>Minefield!</description>
		<year>198?</year>
		<publisher>Jim Gerrieb - Kenneth Reighard Jr.</publisher>
		<rom name="minefield (19xx)(reighard jr., kenneth - gerrie, jim).cas" size="2720" crc="b5a624aa" sha1="bc5269c0d801367566c0b65cc4d393d3ad0a1100" />
	</machine>
	<machine name="minicalc">
		<description>Math Design - MiniCalc</description>
		<year>1983</year>
		<publisher>Tandy</publisher>
		<rom name="26-3362 (minicalc).cas" size="1812" crc="fe734c0f" sha1="7b141ac8d5064cce63064a43e20f2dbdf00cefbb" />
	</machine>
	<machine name="morsecod">
		<description>Morse Code</description>
		<year>198?</year>
		<publisher>&lt;unknown&gt;</publisher>
		<rom name="morse code (19xx)(-).cas" size="1776" crc="6c5ce81b" sha1="f5c65ae3ba9bb66629fefb35bcc3bd0838cafa29" />
	</machine>
	<machine name="nolist">
		<description>No List</description>
		<year>1987</year>
		<publisher>Gary Furr</publisher>
		<rom name="no list (1987-01)(furr, gary).cas" size="497" crc="7a52881f" sha1="505a1ddc772ef332c2b5736f1f3206bff9bee627" />
	</machine>
	<machine name="noncomp">
		<description>Non-Comprehensive Test</description>
		<year>198?</year>
		<publisher>&lt;unknown&gt;</publisher>
		<rom name="non-comprehensive test (19xx)(-).cas" size="1411" crc="e2702089" sha1="1b14891568df5c755c7da01fe43690647ca80ebf" />
	</machine>
	<machine name="numbers">
		<description>Numbers</description>
		<year>198?</year>
		<publisher>&lt;unknown&gt;</publisher>
		<rom name="numbers (19xx)(-).cas" size="1211" crc="9e899ca3" sha1="30943d2cbc30487dc661db80667e3ee6394577c2" />
	</machine>
	<machine name="pacman">
		<description>Pac-Man</description>
		<year>2006</year>
		<publisher>Greg Dionne</publisher>
		<rom name="pac-man (2006)(dionne, greg).cas" size="14825" crc="ecaf30d1" sha1="90f2d7da3eafcabd54926b1da32a51e867b75000" />
	</machine>
	<machine name="pagelist">
		<description>Pagelist</description>
		<year>1986</year>
		<publisher>Graham Pollock</publisher>
		<rom name="pagelist (1986-03)(pollock, graham).cas" size="1034" crc="3e4b59bb" sha1="47c2ed757cdb3c7f6d285d642c13cc2f54b4036e" />
	</machine>
	<machine name="playback">
		<description>Playback</description>
		<year>198?</year>
		<publisher>&lt;unknown&gt;</publisher>
		<rom name="playback (19xx)(-).cas" size="1862" crc="44790576" sha1="b7c9308e450a630124edbaf3eac3879cb94e3826" />
	</machine>
	<machine name="poetry">
		<description>Poetry</description>
		<year>198?</year>
		<publisher>&lt;unknown&gt;</publisher>
		<rom name="poetry (19xx)(-).cas" size="4361" crc="f863eb83" sha1="9d220cc1c89ba3334b9e8f36c81cbade82029ea6" />
	</machine>
	<machine name="poker">
		<description>Poker</description>
		<year>198?</year>
		<publisher>Jim Gerrie</publisher>
		<rom name="poker (19xx)(gerrie, jim).cas" size="7313" crc="a9a105b7" sha1="5c29489b06535e03d43b3d9dc7b420fecaafb417" />
	</machine>
	<machine name="pong">
		<description>Micro Games - Pong</description>
		<year>1983</year>
		<publisher>Tandy</publisher>
		<rom name="pong (198x)(tandy corp.).cas" size="1570" crc="13844b44" sha1="8fbadcbd0bd25b989110277db624889601942390" />
	</machine>
	<machine name="ponga">
		<description>Micro Games - Pong (Alt)</description>
		<year>1983</year>
		<publisher>Tandy</publisher>
		<rom name="pong (198x)(tandy corp.)[a].cas" size="1570" crc="05f0afd6" sha1="0f118236b86a79ff00c7e650e246fbb6c111942b" />
	</machine>
	<machine name="pontoon">
		<description>Pontoon</description>
		<year>198?</year>
		<publisher>&lt;unknown&gt;</publisher>
		<rom name="pontoon (19xx)(-).cas" size="2494" crc="1ed48b5e" sha1="b46e3faa8cff1aca6ce28f6aeab7d88ca99cd1d4" />
	</machine>
	<machine name="quicksrt">
		<description>QuickSort</description>
		<year>198?</year>
		<publisher>&lt;unknown&gt;</publisher>
		<rom name="quicksort (19xx)(-).cas" size="434" crc="d2208736" sha1="cc0e99667f9362083f59eb0d3bc99c805dda0e68" />
	</machine>
	<machine name="ratmaze">
		<description>Rat Maze</description>
		<year>1984</year>
		<publisher>&lt;unknown&gt;</publisher>
		<rom name="rat maze (1984)(-).cas" size="8442" crc="d3f4cbd8" sha1="1f71c4a14358746a9846fbb048f5914b28be8f17" />
	</machine>
	<machine name="redalert">
		<description>Red Alert</description>
		<year>198?</year>
		<publisher>&lt;unknown&gt;</publisher>
		<rom name="red alert (19xx)(-).cas" size="2420" crc="1bbc5f88" sha1="114a4ed1a6fee388833ec30185125518ce3c613f" />
	</machine>
	<machine name="reverse">
		<description>Reverse Video</description>
		<year>198?</year>
		<publisher>&lt;unknown&gt;</publisher>
		<rom name="reverse video (19xx)(-).cas" size="583" crc="d57eb3ec" sha1="394966b44363a4edaab2c898adc2f22c7736d189" />
	</machine>
	<machine name="rg2life">
		<description>RG2LIFE</description>
		<year>198?</year>
		<publisher>Greg Dionne</publisher>
		<rom name="rg2life (19xx)(dionne, greg).cas" size="491" crc="03a343fd" sha1="bc400fde01345a155e10cd4345adeef1eaa61c7f" />
	</machine>
	<machine name="roadrace">
		<description>Road Race</description>
		<year>198?</year>
		<publisher>William Barden Jr.</publisher>
		<rom name="road race (19xx)(barden jr., william)[h input - joystick perosi, charles].cas" size="2704" crc="623171f1" sha1="48e957796d07c599d718daa47dd49db8a6abecb1" />
	</machine>
	<machine name="roadracej">
		<description>Road Race (Joystick Hack by Charles Perosi)</description>
		<year>198?</year>
		<publisher>William Barden Jr.</publisher>
		<rom name="road race (19xx)(barden jr., william)[h input perosi, charles].cas" size="2696" crc="c74def7a" sha1="a5a199ab3987def7b8a3ed861d04282a1a1b2b43" />
	</machine>
	<machine name="scrnfun">
		<description>Screen Fun</description>
		<year>198?</year>
		<publisher>James</publisher>
		<rom name="screen fun (19xx)(james).cas" size="1294" crc="a3f06fc8" sha1="34a6348e0ceafda4966ec37f48d0e50cd8dadcbb" />
	</machine>
	<machine name="sentinel">
		<description>Sentinel</description>
		<year>198?</year>
		<publisher>Charlie Gerrie</publisher>
		<rom name="sentinel (19xx)(gerrie, charlie).cas" size="2364" crc="02f3fe5b" sha1="99ee80ac73bd91fb868d220c5bbc23a2570689c1" />
	</machine>
	<machine name="sg6bomb">
		<description>SG6 Bomber</description>
		<year>198?</year>
		<publisher>&lt;unknown&gt;</publisher>
		<rom name="sg6 bomber (19xx)(-).cas" size="3676" crc="3c4fcbf9" sha1="884549224224c5790bec84bea1bd6a1ac9836953" />
	</machine>
	<machine name="sg6demo">
		<description>SG6 Demo</description>
		<year>198?</year>
		<publisher>&lt;unknown&gt;</publisher>
		<rom name="sg6 demo (19xx)(-).cas" size="557" crc="61745ab2" sha1="d04e8549046130a0c152801803603c369d10948b" />
	</machine>
	<machine name="shootgal">
		<description>Shooting Gallery</description>
		<year>198?</year>
		<publisher>T. Furr</publisher>
		<rom name="shooting gallery (19xx)(t. furr).cas" size="2254" crc="3eec7905" sha1="c1e3f2cebf61d64605ff34ffc7e412dbde6f906f" />
	</machine>
	<machine name="solitair">
		<description>Solitaire</description>
		<year>198?</year>
		<publisher>Jim Gerrie</publisher>
		<rom name="solitaire (19xx)(jim gerrie).cas" size="4394" crc="bcc8b9b1" sha1="b0d8379f316438558db393a11e4cfd315b8d17de" />
	</machine>
	<machine name="sounddem">
		<description>Sound Demonstration</description>
		<year>1985</year>
		<publisher>Gary Furr</publisher>
		<rom name="sound demonstration (1985-08)(furr, gary).cas" size="2998" crc="be748939" sha1="ad0519f128f27ba5c5a3b95cd84c4fbebcbf7f64" />
	</machine>
	<machine name="sparkle">
		<description>Sparkle</description>
		<year>1981</year>
		<publisher>Phil Feldman - Tom Rugg</publisher>
		<rom name="sparkle (1981)(rugg, tom - feldman, phil).cas" size="1268" crc="0f665d42" sha1="f00a1d77f365d5d938cd09f0fc26a4d39eb55730" />
	</machine>
	<machine name="speech">
		<description>Speech</description>
		<year>198?</year>
		<publisher>Gary Furr</publisher>
		<rom name="speech (19xx)(-).cas" size="15320" crc="8f6865a1" sha1="802061ae4bf7611d1213206158e3c06f67e21a58" />
	</machine>
	<machine name="speed">
		<description>Speed</description>
		<year>1986</year>
		<publisher>Graham Pollock</publisher>
		<rom name="speed (1986-02)(pollock, graham).cas" size="916" crc="13bf0d2d" sha1="a0bc94e04eb101249c1af841dd33ffb4d903ec6a" />
	</machine>
	<machine name="spellit">
		<description>Spell It</description>
		<year>198?</year>
		<publisher>&lt;unknown&gt;</publisher>
		<rom name="spell it (19xx)(-).cas" size="1337" crc="340bde4b" sha1="f0c466c63bb813f973120183a16448045c3e47f2" />
	</machine>
	<machine name="spirals">
		<description>Math Design - Spirals</description>
		<year>1983</year>
		<publisher>Tandy</publisher>
		<rom name="26-3362 (spirals).cas" size="1677" crc="67493988" sha1="ef33d4176ab90bb991a8b8395347fce112301bfc" />
	</machine>
	<machine name="squares">
		<description>Squares</description>
		<year>1981</year>
		<publisher>Phil Feldman - Tom Rugg</publisher>
		<rom name="squares (1981)(rugg, tom - feldman, phil).cas" size="849" crc="82e1adb1" sha1="ae2ca6ced559fc738e58adc173592769e98fa56e" />
	</machine>
	<machine name="startrek">
		<description>Star Trek</description>
		<year>198?</year>
		<publisher>&lt;unknown&gt;</publisher>
		<rom name="star trek (19xx)(-).cas" size="15506" crc="821715f2" sha1="eedf65a5dc1a1908c264b2a3a54b22bded199430" />
	</machine>
	<machine name="subsrch">
		<description>Sub Search</description>
		<year>198?</year>
		<publisher>Jim Gerrie - Steve Ward</publisher>
		<rom name="sub search (19xx)(ward, steve - gerrie, jim).cas" size="7508" crc="f4d7acfc" sha1="7bee40f3f900050ca1ad964d14c725f2031bab5b" />
	</machine>
	<machine name="supcload">
		<description>Super CLOAD</description>
		<year>1985</year>
		<publisher>Graham Pollock</publisher>
		<rom name="super cload (1985-09)(pollock, graham).cas" size="718" crc="fb2f04c4" sha1="2b1bd3447e43b8d8dce1ede0274fc37558d857c0" />
	</machine>
	<machine name="tables">
		<description>Tables</description>
		<year>1985</year>
		<publisher>Graham Pollock</publisher>
		<rom name="tables (1985-07)(pollock, graham).cas" size="729" crc="3a995c50" sha1="d50da92ddab23b021d780f224fa87d33445c68ca" />
	</machine>
	<machine name="tapeindx">
		<description>Tape Index</description>
		<year>1985</year>
		<publisher>Graham Pollock</publisher>
		<rom name="tape index (1985-09)(pollock, graham).cas" size="780" crc="7ec3d9d4" sha1="93aae1f5db424fca8909c383e31735684c82762a" />
	</machine>
	<machine name="tetris4k">
		<description>Tetris 4K</description>
		<year>198?</year>
		<publisher>Greg Dionne</publisher>
		<rom name="tetris 4k (19xx)(dionne, greg).cas" size="1112" crc="e6bd2d99" sha1="a000fdec7aa2426e5741b0bc2d0921631feff6f0" />
	</machine>
	<machine name="tetris">
		<description>Tetris</description>
		<year>198?</year>
		<publisher>Greg Dionne</publisher>
		<rom name="tetris (19xx)(dionne, greg).cas" size="15938" crc="626766fa" sha1="71cace647c1db3e78ee777f24aed2dd465df3ca6" />
	</machine>
	<machine name="textedit">
		<description>Text Editor</description>
		<year>198?</year>
		<publisher>&lt;unknown&gt;</publisher>
		<rom name="text editor (19xx)(-).cas" size="5631" crc="23ee1dd1" sha1="1d21a59f030edb2eedd8666ea5b16395737be802" />
	</machine>
	<machine name="tune">
		<description>Tune</description>
		<year>198?</year>
		<publisher>&lt;unknown&gt;</publisher>
		<rom name="tune (19xx)(-).cas" size="1501" crc="cd795b1f" sha1="cce42939dbb8003f14c6f3773a42175c287dd987" />
	</machine>
	<machine name="vmc10log">
		<description>Virtual MC-10 Logo</description>
		<year>198?</year>
		<publisher>&lt;unknown&gt;</publisher>
		<rom name="virtual mc-10 logo (19xx)(-).cas" size="461" crc="aa0d6326" sha1="cb13738a73b9271f8890f2cfd986f97f7dac6c48" />
	</machine>
	<machine name="whereami">
		<description>Where Am I</description>
		<year>198?</year>
		<publisher>Gary Furr</publisher>
		<rom name="where am i (19xx)(furr, gary).cas" size="503" crc="5d5607f3" sha1="50f21eda3a5a3ea8e6b1a08752d33d251930f652" />
	</machine>
</datafile>