<?xml version="1.0" encoding="utf-8"?>
<!DOCTYPE datafile PUBLIC "-//Logiqx//DTD ROM Management Datafile//EN" "http://www.logiqx.com/Dats/datafile.dtd">
<datafile>
	<header>
		<name>mephisto_mm1</name>
		<description>Mephisto MM I modules</description>
		<version>0.274</version>
		<author>Pleasuredome</author>
	</header>
	<machine name="hg170">
		<description>Mephisto HG 170 Opening Library</description>
		<year>1983</year>
		<publisher>Hegener + Glaser</publisher>
		<rom name="170" size="16384" crc="eaa77329" sha1="7dbf0b4120731f7092940da18cc87253a3eb3164" />
	</machine>
</datafile>