<?xml version="1.0" encoding="utf-8"?>
<!DOCTYPE datafile PUBLIC "-//Logiqx//DTD ROM Management Datafile//EN" "http://www.logiqx.com/Dats/datafile.dtd">
<datafile>
	<header>
		<name>mm1_flop</name>
		<description>MikroMikko 1 floppies</description>
		<version>0.274</version>
		<author>Pleasuredome</author>
	</header>
	<machine name="boot2">
		<description>Boot2 disk</description>
		<year>????</year>
		<publisher>&lt;unknown&gt;</publisher>
		<rom name="mm1i.imd" size="640867" crc="47af9adc" sha1="3b88d4fc56d73cffb972114c3b18499ba9a4ac24" />
	</machine>
	<machine name="boot">
		<description>Boot disk</description>
		<year>2013</year>
		<publisher>&lt;unknown&gt;</publisher>
		<rom name="boot.dsk" size="655360" crc="788c23a8" sha1="06c8d388a8e19ddfa267537454f3c65e72a80d80" />
	</machine>
	<machine name="formula">
		<description>Formula</description>
		<year>????</year>
		<publisher>Kari Rauta</publisher>
		<rom name="formula.mfi" size="1038275" crc="61568c28" sha1="0d2a95583909113857bea378791c74f7d7c9c3fb" />
	</machine>
	<machine name="games2">
		<description>Games2 disk</description>
		<year>????</year>
		<publisher>&lt;unknown&gt;</publisher>
		<rom name="8.imd" size="640867" crc="121629f5" sha1="b2f5fd77d92a7b2879eaf0b11ba71dd38b9df241" />
	</machine>
	<machine name="games">
		<description>Games disk</description>
		<year>????</year>
		<publisher>&lt;unknown&gt;</publisher>
		<rom name="10.imd" size="596921" crc="c6d44694" sha1="f8b6b0cbc8eb258dd7351c51d419399e0301a89b" />
	</machine>
	<machine name="m4">
		<description>Nokia CP/M 2.2 (M4)</description>
		<year>1981</year>
		<publisher>Nokia Data</publisher>
		<rom name="eo320k.imd" size="70878" crc="702174ea" sha1="082e519eae90d522cb814d1c2cf48d732e81703c" />
		<rom name="gr320k.imd" size="250240" crc="0fd48595" sha1="c50d47e91b9d426417a88a30ec2b9299047dc337" />
		<rom name="kjnn320k.imd" size="126120" crc="4e4645e9" sha1="ef8d4df279bee329b5911b2fbeb88e8625b53ba4" />
	</machine>
	<machine name="m6">
		<description>Nokia CP/M 2.2 (M6)</description>
		<year>1981</year>
		<publisher>Nokia Data</publisher>
		<rom name="eo640k.imd" size="73198" crc="67f30e57" sha1="5118d62fa9918393c4e5eabb8d5d39cd449c82e2" />
		<rom name="kjnn640k.imd" size="128440" crc="29d31322" sha1="e87855076ed0535c5b7b94b9fbacd8298fd93937" />
	</machine>
</datafile>