<?xml version="1.0" encoding="utf-8"?>
<!DOCTYPE datafile PUBLIC "-//Logiqx//DTD ROM Management Datafile//EN" "http://www.logiqx.com/Dats/datafile.dtd">
<datafile>
	<header>
		<name>msx_yamaha_minicart</name>
		<description>MSX Yamaha Mini Cartridges</description>
		<version>0.274</version>
		<author>Pleasuredome</author>
	</header>
	<machine name="fmvp2">
		<description>FM Voicing Program II</description>
		<year>1985</year>
		<publisher>Yamaha</publisher>
		<rom name="yrm502.rom" size="16384" crc="5412d5dc" sha1="30747a56f45389be76362f7fc55d673f1bff8312" />
	</machine>
</datafile>