<?xml version="1.0" encoding="utf-8"?>
<!DOCTYPE datafile PUBLIC "-//Logiqx//DTD ROM Management Datafile//EN" "http://www.logiqx.com/Dats/datafile.dtd">
<datafile>
	<header>
		<name>mtx_cart</name>
		<description>Memotech MTX ROMPAK cartridges</description>
		<version>0.274</version>
		<author>Pleasuredome</author>
	</header>
	<machine name="magrom2">
		<description>MAGROM v2.00</description>
		<year>2017</year>
		<publisher>Martin Allcorn</publisher>
		<rom name="magrom2-b190,280.bin" size="524288" crc="cbc13a32" sha1="476df6e6f5cb934be91136bfc8fcc963f90edc42" />
	</machine>
	<machine name="magrom100">
		<description>MAGROM v1.00</description>
		<year>2014</year>
		<publisher>Martin Allcorn</publisher>
		<rom name="gamerom512v100.bin" size="524288" crc="84cf4bed" sha1="9a8b720ade7fe6b8fb272512e4d0a8e8e2e193db" />
	</machine>
	<machine name="magrom102">
		<description>MAGROM v1.02</description>
		<year>2014</year>
		<publisher>Martin Allcorn</publisher>
		<rom name="gamerom512v102.bin" size="524288" crc="6e1dd84e" sha1="57dbad4c460386afbab4dea270ddef06b4178f2c" />
	</machine>
	<machine name="magrom103">
		<description>MAGROM v1.03(SP)</description>
		<year>2014</year>
		<publisher>Martin Allcorn</publisher>
		<rom name="gamerom512v103.bin" size="524288" crc="3d9ea96d" sha1="85f4fecda24f25549f8d4ab860efd7dacdbb7b17" />
	</machine>
	<machine name="magrom104">
		<description>MAGROM v1.04</description>
		<year>2014</year>
		<publisher>Martin Allcorn</publisher>
		<rom name="gamerom512v104.bin" size="524288" crc="145e5fd0" sha1="4a43ec6c9d9c9b29ff330599e003bfd842e6de06" />
	</machine>
	<machine name="magrom105">
		<description>MAGROM v1.05</description>
		<year>2017</year>
		<publisher>Martin Allcorn</publisher>
		<rom name="gamerom512v105.bin" size="524288" crc="98240ee9" sha1="d119f22373557ba840bfa416d123d3363493d3a9" />
	</machine>
	<machine name="magrom">
		<description>MAGROM v1.05a</description>
		<year>2020</year>
		<publisher>Martin Allcorn</publisher>
		<rom name="gamerom512v105a.bin" size="524288" crc="e3f495c4" sha1="2c0b16baeefb329a1ee8e55b06b72bbfc6a86302" />
	</machine>
	<machine name="node">
		<description>MTX Node Ring</description>
		<year>198?</year>
		<publisher>Memotech</publisher>
		<rom name="node.rom" size="8192" crc="cb05a1b8" sha1="b040e5f062b460d4465050da31be66075dee2844" />
	</machine>
</datafile>