<?xml version="1.0" encoding="utf-8"?>
<!DOCTYPE datafile PUBLIC "-//Logiqx//DTD ROM Management Datafile//EN" "http://www.logiqx.com/Dats/datafile.dtd">
<datafile>
	<header>
		<name>n64dd</name>
		<description>Nintendo 64 DD disks</description>
		<version>0.274</version>
		<author>Pleasuredome</author>
	</header>
	<machine name="dezaemon">
		<description>Dezaemon DD (Prototype Rev 199802xx)</description>
		<year>1998</year>
		<publisher>Athena</publisher>
		<rom name="dezaemon.bin" size="70627520" crc="8648a5e0" sha1="195426bc24501edfdfd36e3f75658b641738b8e3" />
	</machine>
	<machine name="fzerox">
		<description>F-Zero X Expansion Kit</description>
		<year>2000</year>
		<publisher>Nintendo</publisher>
		<rom name="f-zero x expansion kit [nud-efzj-jpn].bin" size="70627520" crc="9ab91e71" sha1="7b39677dad61b2fb91eb2ede756fbd3b49f15afe" />
	</machine>
	<machine name="kdoshin2">
		<description>Kyojin no Doshin - Kaihou Sensen Chibikko Chikko Daishuugou</description>
		<year>2000</year>
		<publisher>Nintendo</publisher>
		<rom name="kyojin no doshin - kaihou sensen chibikko chikko daishuugou [nud-dkkj-jpn].bin" size="70627520" crc="809550ea" sha1="9e570783e6119b3790cffb4b7a5d0e31325959d0" />
	</machine>
	<machine name="kdoshin">
		<description>Kyojin no Doshin 1</description>
		<year>1999</year>
		<publisher>Nintendo</publisher>
		<rom name="kyojin no doshin [nud-dkdj-jpn].bin" size="70627520" crc="7df88308" sha1="204f6594a227e025b018594d7428c6a9e7ba39cb" />
	</machine>
	<machine name="kdoshind">
		<description>Kyojin no Doshin (Store Demo)</description>
		<year>1999?</year>
		<publisher>Nintendo</publisher>
		<rom name="kyojin no doshin demo [nud-dkij-jpn].bin" size="70627520" crc="bf29f471" sha1="c8a2e6d1e72b02cacccc2ef590258632f4903919" />
	</machine>
	<machine name="mariartc">
		<description>Mario Artist - Communication Kit</description>
		<year>2000</year>
		<publisher>Nintendo</publisher>
		<rom name="mario artist - communication kit [nud-dmbj-jpn].bin" size="70627520" crc="5e088759" sha1="b00f0cfd523be8830d03f4f471dfa6ebb0900207" />
	</machine>
	<machine name="mariartg">
		<description>Mario Artist - Polygon Studio</description>
		<year>2000</year>
		<publisher>Nintendo</publisher>
		<rom name="mario artist - polygon studio [nud-dmgj-jpn].bin" size="70627520" crc="71a517c1" sha1="106f05379c56a69e8a20dc8c6eb7e76fc77f6927" />
	</machine>
	<machine name="mariartp">
		<description>Mario Artist - Paint Studio</description>
		<year>1999</year>
		<publisher>Nintendo</publisher>
		<rom name="mario artist - paint studio [nud-dmpj-jpn].bin" size="70627520" crc="3e3f3e21" sha1="6478c4ebe47aaad3da1087de66e2c1a476706855" />
	</machine>
	<machine name="mariartt">
		<description>Mario Artist - Talent Studio</description>
		<year>2000</year>
		<publisher>Nintendo</publisher>
		<rom name="mario artist - talent studio [nud-dmtj-jpn].bin" size="70627520" crc="f8803e76" sha1="e90fd7b98b0275d4c5135fcb22e86b1b46458993" />
	</machine>
	<machine name="progolf">
		<description>Nihon Pro Golf Tour 64</description>
		<year>2000</year>
		<publisher>Seta</publisher>
		<rom name="japan pro golf tour 64 [nud-dpgj-jpn].bin" size="70627520" crc="9190e021" sha1="08c7488d5fad40f7760316884823d686c5cae81f" />
	</machine>
	<machine name="randnet">
		<description>Randnet Browser</description>
		<year>19??</year>
		<publisher>&lt;unknown&gt;</publisher>
		<rom name="randnet browser [nud-drdj-jpn].bin" size="70627520" crc="ae627b23" sha1="2d12312bf394ddba3cba81f604b71fae19e6f518" />
	</machine>
	<machine name="simcity">
		<description>Sim City 64</description>
		<year>2000</year>
		<publisher>Nintendo</publisher>
		<rom name="sim city 64 [nud-dscj-jpn].bin" size="70627520" crc="0b253f8f" sha1="ebac4aaa4737f1fa58453fbb7bfb05b8012c5d3d" />
	</machine>
	<machine name="sm64">
		<description>Super Mario 64</description>
		<year>19??</year>
		<publisher>Nintendo</publisher>
		<rom name="sm64disk.bin" size="70627520" crc="93921e57" sha1="1539ef4055762eab35acc5953911baef160b8c56" />
	</machine>
</datafile>