<?xml version="1.0" encoding="utf-8"?>
<!DOCTYPE datafile PUBLIC "-//Logiqx//DTD ROM Management Datafile//EN" "http://www.logiqx.com/Dats/datafile.dtd">
<datafile>
	<header>
		<name>nes_ade</name>
		<description>Nintendo Entertainment System - Aladdin Deck Enhancer cartridges</description>
		<version>0.274</version>
		<author>Pleasuredome</author>
	</header>
	<machine name="bignfo">
		<description>Big Nose Freaks Out (USA)</description>
		<year>1992</year>
		<publisher>Camerica</publisher>
		<rom name="icros7413bfo.u1" size="262144" crc="ccdcbfc6" sha1="00dfb78ac0e10f46bede9850636e2f3c6a305858" />
	</machine>
	<machine name="dizzyadv">
		<description>Dizzy The Adventurer (USA)</description>
		<year>1991</year>
		<publisher>Camerica</publisher>
		<rom name="dizzy the adventurer daca7d.u1" size="131072" crc="db99d0cb" sha1="5a4ef3b2f5880d3b4609ae4f3381d688b3a02cac" />
	</machine>
	<machine name="fntdizzy">
		<description>The Fantastic Adventures of Dizzy (USA)</description>
		<year>1991</year>
		<publisher>Camerica</publisher>
		<rom name="fantastic adv of dizzy dz7a47.u1" size="262144" crc="f732c8fd" sha1="102bd0c46c5718c979eb1ac387dade6f6eb70ee4" />
	</machine>
	<machine name="linuscc">
		<description>Linus Spacehead's Cosmic Crusade (USA)</description>
		<year>1992</year>
		<publisher>Camerica</publisher>
		<rom name="icros74151-ln.u1" size="262144" crc="9e379698" sha1="52621d0e0782cd94b588b50860a6de3da94f2e63" />
	</machine>
	<machine name="micromac">
		<description>Micro Machines (USA)</description>
		<year>1992</year>
		<publisher>Camerica</publisher>
		<rom name="micro machine mmd27f.u1" size="262144" crc="24ba12dd" sha1="c7fd43041fc139dc8440c95c28a0115dc79e2691" />
	</machine>
	<machine name="quatradv">
		<description>Quattro Adventure (USA)</description>
		<year>1991</year>
		<publisher>Camerica</publisher>
		<rom name="cobic 7406 qa.u1" size="262144" crc="b89888c9" sha1="06990c8573128e5548c5dcd39479fabf67234926" />
	</machine>
	<machine name="quatrspt">
		<description>Quattro Sports (USA)</description>
		<year>1991</year>
		<publisher>Camerica</publisher>
		<rom name="cobic 7408-qs.u1" size="262144" crc="cccaf368" sha1="29599ea4a52b88c06b80aa0bab987e6eb329e707" />
	</machine>
</datafile>