<?xml version="1.0" encoding="utf-8"?>
<!DOCTYPE datafile PUBLIC "-//Logiqx//DTD ROM Management Datafile//EN" "http://www.logiqx.com/Dats/datafile.dtd">
<datafile>
	<header>
		<name>pc98_cd</name>
		<description>NEC PC-9801 CD-ROMs</description>
		<version>0.274</version>
		<author>Pleasuredome</author>
	</header>
	<machine name="akikogld">
		<description>Akiko Gold - The Queen of Adult</description>
		<year>1995</year>
		<publisher>フェアリーテール レッドゾーン (Fairytale Red-Zone)</publisher>
		<rom name="akiko_gold_disk_a.hdm" size="1261568" crc="110cfa6c" sha1="d27aa70f07bd45d751ee14f5841ed60f732e25af" />
	</machine>
	<machine name="angel">
		<description>Angel</description>
		<year>1993</year>
		<publisher>カクテル・ソフト (Cocktail Soft)</publisher>
		<rom name="angel (u-jin presents) (cd save disk).hdm" size="1261568" crc="5a6758a1" sha1="aff63d873bd6ba8e39d0bd80a66eb29690edbe18" />
	</machine>
	<machine name="appaden">
		<description>Appare-den - Fukuryuu no Shou</description>
		<year>1995</year>
		<publisher>TGL</publisher>
		<rom name="appare-den_update_disk.hdm" size="1261568" crc="febbae89" sha1="55d8a639718353fe9f26f9f9d3a804ab14f05c51" />
	</machine>
	<machine name="bfmaria">
		<description>Ballade for Maria</description>
		<year>1995</year>
		<publisher>フェアリーテール (Fairytale)</publisher>
		<rom name="ballade for maria (maria ni sasageru ballade) (cd boot disk).hdm" size="1261568" crc="b477937a" sha1="eefcd765ec25bc9c9d923dd79ca136bb020fc8f2" />
	</machine>
	<machine name="brandnew">
		<description>Brandish Renewal</description>
		<year>1995</year>
		<publisher>日本ファルコム (Nihon Falcom)</publisher>
		<rom name="brandish_renewal_disk2.mfm" size="3594434" crc="411f9f13" sha1="97054b414c002e0b6884746015026e1acb03ddaf" />
	</machine>
	<machine name="branmark">
		<description>Branmarker</description>
		<year>1993</year>
		<publisher>ディー・オー (D.O.)</publisher>
		<rom name="branmarker (cd boot disk).hdm" size="1261568" crc="96260d7a" sha1="686c6fcb4525544ba37c55270c3535173668e3f7" />
	</machine>
	<machine name="chiemi">
		<description>Chiemi &amp; Naomi</description>
		<year>1993</year>
		<publisher>フェアリーテール (Fairytale)</publisher>
		<rom name="chiemi-and-naomi.hdm" size="1261568" crc="7b3706d4" sha1="a63be0d0426e54291586f8d246c4fab58630026d" />
	</machine>
	<machine name="collecd">
		<description>Collector D</description>
		<year>1993</year>
		<publisher>ディー・オー (D.O.)</publisher>
		<rom name="collector_d.hdm" size="1261568" crc="9ddce323" sha1="5631b5b2cd65efbfaf09e14c3ef9ec849ad70f15" />
	</machine>
	<machine name="debut">
		<description>Tanjou - Debut</description>
		<year>1994</year>
		<publisher>データウエスト (Data West)</publisher>
		<rom name="tanjou - debut (cd version) (key disk) [original].hdm" size="1261568" crc="216950bb" sha1="d5ab1830b82de1cf53403871c768aa85b923c74d" />
	</machine>
	<machine name="doom2">
		<description>Doom II</description>
		<year>1995</year>
		<publisher>イマジニア (Imagineer)</publisher>
		<rom name="doom ii (disk p - patch file).hdm" size="1261568" crc="44d368e5" sha1="21c318a5f40402b1a0ae9acfa9d35009c25a2132" />
	</machine>
	<machine name="dorbestg">
		<description>DOR Best Selection Gekan</description>
		<year>1993</year>
		<publisher>ディー・オー (D.O.)</publisher>
		<rom name="dor best selection vol. 2 (gekan) (cd boot disk) [original].hdm" size="1261568" crc="bb48197e" sha1="d388abfeca45b7cd18513be71d6b7583d745c9f6" />
	</machine>
	<machine name="dorbestj">
		<description>DOR Best Selection Joukan</description>
		<year>1993</year>
		<publisher>ディー・オー (D.O.)</publisher>
		<rom name="dor best selection vol. 1 (joukan) (cd boot disk) [original].hdm" size="1261568" crc="42ee3c3c" sha1="d278c712f993ea7944509d9d6b583544c6cd8983" />
	</machine>
	<machine name="elmknigt">
		<description>Elm Knight - A Living Body Armor</description>
		<year>1993</year>
		<publisher>マイクロキャビン (Micro Cabin)</publisher>
		<rom name="elm knight - a living body armor (cd boot disk) [original].nfd" size="1542672" crc="8c78cba1" sha1="ae3dfe73781246a2451fdd6ee04ad48e73c0dd9e" />
	</machine>
	<machine name="emit1">
		<description>Emit Vol. 1 - Toki no Maigo</description>
		<year>1994</year>
		<publisher>光栄 (Koei)</publisher>
		<rom name="emit1.hdm" size="1261568" crc="fb267721" sha1="38c5ef1bb24d9249d35ac877898f35c3ade5964e" />
	</machine>
	<machine name="emit2">
		<description>Emit Vol. 2 - Inochigake no Tabi</description>
		<year>1995</year>
		<publisher>光栄 (Koei)</publisher>
		<rom name="emit2.hdm" size="1261568" crc="5efad009" sha1="1c28db3b732a255e97a30cbe67a864ec911976f0" />
	</machine>
	<machine name="emit3">
		<description>Emit Vol. 3 - Watashi ni Sayonara o</description>
		<year>1995</year>
		<publisher>光栄 (Koei)</publisher>
		<rom name="emit3.hdm" size="1261568" crc="a9661250" sha1="2f9923c0f959fd7a2af384e2cb7ac291f5747eb3" />
	</machine>
	<machine name="etemible">
		<description>Etemible - Tenjou Mukyuu</description>
		<year>1995</year>
		<publisher>グローディア (Glodia)</publisher>
		<rom name="etemible_system_disk.hdm" size="1261568" crc="5c7f0709" sha1="6d433a7c5b54e5e52dc6a9c165ee0d572b56d42d" status="baddump" />
	</machine>
	<machine name="f117a">
		<description>F-117A Nighthawk - Stealth Fighter 2.0</description>
		<year>1995</year>
		<publisher>スペクトラムホロバイトジャパン (Spectrum HoloByte Japan)</publisher>
		<rom name="f117a_cd_install_boot_disk.hdm" size="1261568" crc="bed6ec5c" sha1="2b59b5ab4e8e384501db820d1d68412b59d32b28" />
	</machine>
	<machine name="funnybee">
		<description>Uchuu Kaitou Funny Bee</description>
		<year>1994</year>
		<publisher>アリスソフト (AliceSoft)</publisher>
		<rom name="uchuu kaitou funny bee (boot disk).hdm" size="1261568" crc="4bcc3120" sha1="f721efe9534554a1a9e4e2201b8f7c4102987b29" />
	</machine>
	<machine name="guardrec">
		<description>Guardian Recall - Shugojuu Shoukan</description>
		<year>1996</year>
		<publisher>アグミックス (Agumix)</publisher>
		<rom name="guardian recall - shugojuu shoukan (install disk).hdm" size="1261568" crc="75e7b6c4" sha1="5e763e760e96ffe7fba796ec1e52db04970412ff" />
	</machine>
	<machine name="inhearth">
		<description>Inherit the Earth - Arashi no Orb</description>
		<year>1995</year>
		<publisher>スタークラフト (Starcraft)</publisher>
		<rom name="inherit.hdm" size="1261568" crc="c7315ec7" sha1="d41c552cb523f95187e38a12334ce865664ac61b" />
	</machine>
	<machine name="jinmon">
		<description>Jinmon Yuugi</description>
		<year>1995</year>
		<publisher>フェアリーテール (Fairytale)</publisher>
		<rom name="jinmon yuugi (cd boot disk).hdm" size="1261568" crc="61d5fdb9" sha1="47caf5d5562e67df53e614fd17fd74dfd3ff0f09" />
	</machine>
	<machine name="kanako">
		<description>Kanako</description>
		<year>1996</year>
		<publisher>フェアリーテール (Fairytale)</publisher>
		<rom name="kanako_disk_a.hdm" size="1261568" crc="7f8f4bc8" sha1="15a66cf6e85b70ade329c0be1c7fc0866abf5708" />
	</machine>
	<machine name="kyrandia2">
		<description>Kyrandia II - The Hand of Fate</description>
		<year>1995</year>
		<publisher>スタークラフト (Starcraft)</publisher>
		<rom name="kyrandia ii pc-9821.hdm" size="1261568" crc="67ad11ea" sha1="c1f9f4ab622cd04d8954b921750acda1650ffac5" status="baddump" />
	</machine>
	<machine name="kyrandia">
		<description>The Legend of Kyrandia</description>
		<year>1993</year>
		<publisher>スタークラフト (Starcraft)</publisher>
		<rom name="the legend of kyrandia (cd install disk).hdm" size="1261568" crc="005afba9" sha1="b60c579d34363f947bfb187401aa53eafe4d299a" />
	</machine>
	<machine name="lesserm">
		<description>Lesser Mern - Special Director's Edition</description>
		<year>1992</year>
		<publisher>パンサーソフトウェア (Panther Software)</publisher>
		<rom name="lesser mern special director's edition (boot disk).hdm" size="1261568" crc="c1fcf6ba" sha1="715daad023ce610432191b7d45fcd35250bd061c" />
		<rom name="lesser mern special director's edition (install disk).hdm" size="1261568" crc="54de4fde" sha1="bf1a9816e8e1f7f1b6dae873ccd91fff9296b1bd" />
	</machine>
	<machine name="lipsadv3">
		<description>Lip 3 - Lipstick Adventure 3</description>
		<year>1993</year>
		<publisher>フェアリーテール (Fairytale)</publisher>
		<rom name="lip3_disk_a.hdm" size="1261568" crc="4a24ddcb" sha1="a51f7bf887728cbc47f0b71b41190a3510433d7a" />
	</machine>
	<machine name="lodoss2">
		<description>Record of Lodoss War II - Goshiki no Maryuu</description>
		<year>1994</year>
		<publisher>ハミングバード (HummingBird)</publisher>
		<rom name="record_of_lodoss_war_2.hdm" size="1261568" crc="4b65f375" sha1="d00436addaaf3e51936866691d227f3c8d281a0d" />
	</machine>
	<machine name="lodoss">
		<description>Lodoss Tou Senki CD - Haiiro no Majo</description>
		<year>1993</year>
		<publisher>ハミングバード (HummingBird)</publisher>
		<rom name="lodoss tosenki cd install disk.fdi" size="1265664" crc="27498b96" sha1="d5142465ab5b82868b6aad5e9b724f8a51b05b43" />
	</machine>
	<machine name="manpsy">
		<description>Manji PSYyuuki</description>
		<year>1995</year>
		<publisher>ピー・エス・ディー (PSD)</publisher>
		<rom name="manji_psyyuuki.mfm" size="3528431" crc="68a252ff" sha1="dd5e5c81fbb9b3a22604a17a191c72555f07603a" />
	</machine>
	<machine name="mmagic4">
		<description>Might and Magic - Clouds of Xeen</description>
		<year>1993</year>
		<publisher>スタークラフト (Starcraft)</publisher>
		<rom name="might and magic - clouds of xeen (japan).hdm" size="1261568" crc="e7738b2e" sha1="1c58c1ee565f777e931bd301cc535eb27a4b70e6" />
	</machine>
	<machine name="msdet1">
		<description>Ms. Detective File #1 - Iwami Ginzan Satsujin Jiken</description>
		<year>1993</year>
		<publisher>データウエスト (Data West)</publisher>
		<rom name="msd#1(canbe).fdi" size="1265664" crc="a79ac902" sha1="b87b9f194967f5b8920084a284ebc8aea5add970" />
	</machine>
	<machine name="msdet2">
		<description>Ms. Detective File #2 - Sugata-naki Irainin</description>
		<year>1993</year>
		<publisher>データウエスト (Data West)</publisher>
		<rom name="ms. detective #2 - sugatanaki iraisha (cd boot disk).hdm" size="1261568" crc="7d8c3c93" sha1="f9f683f9f24b97c974e1b6d3ba92e9c84369c474" />
	</machine>
	<machine name="necronom">
		<description>Necronomicon</description>
		<year>1994</year>
		<publisher>フェアリーテール (Fairytale)</publisher>
		<rom name="necronomicon (cd boot disk) [original].hdm" size="1261568" crc="6ac8e7fd" sha1="f422b45c5f56f7d3a5f3007b210d46fb33ffaa7b" />
	</machine>
	<machine name="os2warp3">
		<description>OS/2 Warp V3 - Nihongo-ban</description>
		<year>1995</year>
		<publisher>NEC / IBM</publisher>
		<rom name="disk 1 [fd].hdm" size="1261568" crc="7f61ff57" sha1="cad9ab86ae7e5d5c6ab92a374efc71034f443604" />
		<rom name="installation disk [fd].hdm" size="1261568" crc="afac2fa0" sha1="10fe461659220379a0daad875e6e1c3f9e70f60e" />
	</machine>
	<machine name="pnauts">
		<description>Policenauts</description>
		<year>1994</year>
		<publisher>コナミ (Konami)</publisher>
		<rom name="policenauts (japan) (system disk).fdi" size="1265664" crc="ef3e4428" sha1="246b674a48903ff7e3fe90292b1236d75a8d6c23" />
	</machine>
	<machine name="psydet1">
		<description>Psychic Detective Series Vol. 1 - Invitation - Kage kara no Shoutaijou</description>
		<year>1993</year>
		<publisher>データウエスト (Data West)</publisher>
		<rom name="psychic detective series vol. 1 - invitation (cd boot disk) [original].hdm" size="1261568" crc="03ba40f0" sha1="befb2ce9bd31f2eaeb347717241d7b885da881da" />
	</machine>
	<machine name="psydet2">
		<description>Psychic Detective Series Vol. 2 - Memories</description>
		<year>1994</year>
		<publisher>データウエスト (Data West)</publisher>
		<rom name="psychic detective series vol. 2 - memories (cd boot disk) [original].hdm" size="1261568" crc="d2c6630e" sha1="b0fa0742748ea5441cc05bf89c642424dd120e88" />
	</machine>
	<machine name="psydet3">
		<description>Psychic Detective Series Vol. 3 - Aya</description>
		<year>1994</year>
		<publisher>データウエスト (Data West)</publisher>
		<rom name="psychic detective series vol. 3 - aya (cd boot disk) [original].hdm" size="1261568" crc="89378fcf" sha1="a0d879ce1d1f983aa66eb8c86716d3aa060b91a0" />
	</machine>
	<machine name="sangoku5">
		<description>Sangokushi V</description>
		<year>1995</year>
		<publisher>光栄 (Koei)</publisher>
		<rom name="sangokushi_v_startup_disk.hdm" size="1261568" crc="a4286d4b" sha1="c7e25ec9699ee679dab678ff5d49804ea6c83305" />
	</machine>
	<machine name="sensangl">
		<description>Sensual Angels</description>
		<year>1994</year>
		<publisher>JHV</publisher>
		<rom name="sensual angels (cd boot disk) [original].hdm" size="1261568" crc="bec41290" sha1="58a8701c158470f66da3e03179fd53a9b70d17cf" />
	</machine>
	<machine name="shamhat">
		<description>Shamhat - The Holy Circlet</description>
		<year>1994</year>
		<publisher>データウエスト (Data West)</publisher>
		<rom name="shamhat the holy circlet (1994)(datewest) master boot disk.fdi" size="1265664" crc="589a7c5d" sha1="732598c8ac8d07e928fa15a111cdc88ba9bcbab1" />
	</machine>
	<machine name="silentsr">
		<description>The Silent Service - Chinmoku no Kantai</description>
		<year>1993</year>
		<publisher>ジーエーエム　(GAM)</publisher>
		<rom name="silent_service.hdm" size="1261568" crc="f0ed606a" sha1="2852329d81afa0adccd362f539dc949e6dc208c0" />
	</machine>
	<machine name="vircall2">
		<description>Virtuacall 2</description>
		<year>1996</year>
		<publisher>フェアリーテール (Fairytale)</publisher>
		<rom name="virtuacall 2 (cd boot disk) [original].hdm" size="1261568" crc="8212a907" sha1="b9332c1dca6e7d75be4aff6eaff4a03e2d7733b9" />
	</machine>
	<machine name="vircall">
		<description>Virtuacall</description>
		<year>1995</year>
		<publisher>フェアリーテール (Fairytale)</publisher>
		<rom name="virtuacall_disk_a.hdm" size="1261568" crc="ff512460" sha1="30b1796781f23aba0c2a77b08e87bb93ab62ea3b" />
	</machine>
	<machine name="xa12c8ss">
		<description>PC-9821Xa12C8 System Software</description>
		<year>1995</year>
		<publisher>NEC</publisher>
		<rom name="pc-9821xa12c8 system software (demonstration program).hdm" size="1261568" crc="f98985f7" sha1="39e260b78807cd99b2abd0f02abffb13a30aec0f" />
		<rom name="pc-9821xa12c8 system software (pci setup disk).hdm" size="1261568" crc="227f2047" sha1="cffce55224793a66bfbf80910c80dece7aec4430" />
		<rom name="pc-9821xa12c8 system software (system install disk #1).hdm" size="1261568" crc="b728dcae" sha1="d9277990e7739da403e5fb653c6d1966ef0b4044" />
		<rom name="pc-9821xa12c8 system software (system install disk #2).hdm" size="1261568" crc="093085db" sha1="c67652c0dc24b6a9ba699ffbbd7c463151f998fc" />
	</machine>
	<machine name="xgirl">
		<description>X Girl</description>
		<year>1996</year>
		<publisher>フェアリーテール (Fairytale)</publisher>
		<rom name="xgirl_disk_a.hdm" size="1261568" crc="91f931c6" sha1="08bcd3ab241cc15509ca4587bc7031f7c74cb03d" />
	</machine>
</datafile>