<?xml version="1.0" encoding="utf-8"?>
<!DOCTYPE datafile PUBLIC "-//Logiqx//DTD ROM Management Datafile//EN" "http://www.logiqx.com/Dats/datafile.dtd">
<datafile>
	<header>
		<name>pce</name>
		<description>NEC PC Engine HuCards</description>
		<version>0.274</version>
		<author>Pleasuredome</author>
	</header>
	<machine name="21emon">
		<description>21 Emon - Mezase Hotel ou!!</description>
		<year>1994</year>
		<publisher>NEC Home Electronics</publisher>
		<rom name="21 emon - mezase hotel ou (japan).pce" size="524288" crc="73614660" sha1="de80a0d266916799ee5666815d9fd11602bdbdec" />
	</machine>
	<machine name="1943kai">
		<description>1943 Kai</description>
		<year>1991</year>
		<publisher>Naxat</publisher>
		<rom name="1943 kai (japan).pce" size="524288" crc="fde08d6d" sha1="3ac86354155ca01859c53e2f2287a715cd3fca13" />
	</machine>
	<machine name="aburner2">
		<description>After Burner II</description>
		<year>1990</year>
		<publisher>NEC Avenue</publisher>
		<rom name="after burner ii (japan).pce" size="524288" crc="ca72a828" sha1="50b9d22fe5179aee5cb95022472714ef8483841f" />
	</machine>
	<machine name="acardpro">
		<description>Arcade Card Pro</description>
		<year>1994</year>
		<publisher>NEC</publisher>
		<rom name="[cd] super cd-rom system (japan) (v3.0).pce" size="262144" crc="6d9a73ef" sha1="79f5ff55dd10187c7fd7b8daab0b3ffbd1f56a2c" status="baddump" />
	</machine>
	<machine name="acrush">
		<description>Alien Crush</description>
		<year>1988</year>
		<publisher>Naxat</publisher>
		<rom name="alien crush (japan).pce" size="262144" crc="60edf4e1" sha1="a1e6ad82b66a82c25e0a9e25fb8be370f49c8c2d" />
	</machine>
	<machine name="advislnd">
		<description>Adventure Island</description>
		<year>1991</year>
		<publisher>Hudson</publisher>
		<rom name="adventure island (japan).pce" size="262144" crc="8e71d4f3" sha1="01ad5bbd7316740409e01917c19494cb26173ff5" />
	</machine>
	<machine name="aeroblst">
		<description>Aero Blasters</description>
		<year>1990</year>
		<publisher>Hudson</publisher>
		<rom name="aero blasters (japan).pce" size="524288" crc="25be2b81" sha1="748ec92246140565d95f6fb727de6167227b85d3" />
	</machine>
	<machine name="alice">
		<description>Fushigi no Yume no Alice</description>
		<year>1990</year>
		<publisher>Face</publisher>
		<rom name="fushigi no yume no alice (japan).pce" size="393216" crc="12c4e6fd" sha1="c266b05dd367b2973399b8daff7c4dc33bebedd9" />
	</machine>
	<machine name="ankoku">
		<description>Ankoku Densetsu</description>
		<year>1990</year>
		<publisher>Victor Interactive Software</publisher>
		<rom name="ankoku densetsu (japan).pce" size="262144" crc="cacc06fb" sha1="b6ae249f0a4954df6e53c21ba81646ecbc7c2945" />
	</machine>
	<machine name="aoiblink">
		<description>Aoi Blink</description>
		<year>1990</year>
		<publisher>Hudson</publisher>
		<rom name="aoi blink (japan).pce" size="393216" crc="08a09b9a" sha1="367aa348fca42a2aa1ce28bb88800d2fb0cd0ed7" />
	</machine>
	<machine name="appgateb">
		<description>Appare! Gateball</description>
		<year>1988</year>
		<publisher>Hudson</publisher>
		<rom name="appare gateball (japan).pce" size="262144" crc="2b54cba2" sha1="5efee117bb8fd24ccbc8ed68ae5d36cea960f37e" />
	</machine>
	<machine name="armedf">
		<description>Armed Formation F</description>
		<year>1990</year>
		<publisher>Pack-In-Video</publisher>
		<rom name="armed formation f (japan).pce" size="262144" crc="20ef87fd" sha1="a326c9cece6f14b82629c4c79b34df819b022dce" />
	</machine>
	<machine name="arttool">
		<description>Artist Tool</description>
		<year>1990</year>
		<publisher>NEC Home Electronics</publisher>
		<rom name="artist tool (japan).pce" size="262144" crc="5e4fa713" sha1="691ac36ccfcade010e34e2d1dedbcc9af6ed5cd4" />
	</machine>
	<machine name="atomrobo">
		<description>Atomic Robo-kid Special</description>
		<year>1990</year>
		<publisher>UPL</publisher>
		<rom name="atomic robo-kid special (japan).pce" size="524288" crc="dd175efd" sha1="1ea46287855ef25e4614a3f37a7037baa5a49545" />
	</machine>
	<machine name="avpoker">
		<description>AV Poker</description>
		<year>1992</year>
		<publisher>Games Express</publisher>
		<rom name="av poker (japan).pce" size="524288" crc="b866d282" sha1="9d71b3dca401ea02595917ce5a3dbe8fb6edb7bb" />
	</machine>
	<machine name="baibai">
		<description>Tsuru Teruhito no Jissen Kabushiki Bai Bai Game</description>
		<year>1989</year>
		<publisher>Intec</publisher>
		<rom name="tsuru teruhito no jissen kabushiki bai bai game (japan).pce" size="262144" crc="f70112e5" sha1="b07b7365f07607b5d528cd82bdcfeab40fb1afc4" />
	</machine>
	<machine name="ballistx">
		<description>Ballistix</description>
		<year>1991</year>
		<publisher>Coconuts Japan</publisher>
		<rom name="ballistix (japan).pce" size="262144" crc="8acfc8aa" sha1="e687abeb0f94e85fafa52e92b0beb82542f0c368" />
	</machine>
	<machine name="baribari">
		<description>Bari Bari Densetsu</description>
		<year>1989</year>
		<publisher>Taito</publisher>
		<rom name="bari bari densetsu (japan).pce" size="393216" crc="c267e25d" sha1="d063cf1b378a4741e4eb01e9de99d6f618b077da" />
	</machine>
	<machine name="barunba">
		<description>Barunba</description>
		<year>1990</year>
		<publisher>Namcot</publisher>
		<rom name="barunba (japan).pce" size="524288" crc="4a3df3ca" sha1="5f110864af252462e144aa01a7a6ecb88d2a4eb1" />
	</machine>
	<machine name="batloder">
		<description>Battle Lode Runner</description>
		<year>1993</year>
		<publisher>Hudson</publisher>
		<rom name="battle lode runner (japan).pce" size="262144" crc="59e44f45" sha1="0907d3a3503bd7dc2cae0d1b88c1f3f5be56fa22" />
	</machine>
	<machine name="batman">
		<description>Batman</description>
		<year>1990</year>
		<publisher>Sunsoft</publisher>
		<rom name="batman (japan).pce" size="393216" crc="106bb7b2" sha1="87e93e23c0c3ef960e9a226fc10a5fc9625d43a7" />
	</machine>
	<machine name="beball">
		<description>Be Ball</description>
		<year>1990</year>
		<publisher>Hudson</publisher>
		<rom name="be ball (japan).pce" size="262144" crc="261f1013" sha1="55d8815a4a432e587fc7483b63b73114fe40e710" />
	</machine>
	<machine name="benkei1">
		<description>Benkei Gaiden (alt)</description>
		<year>1989</year>
		<publisher>Sunsoft</publisher>
		<rom name="benkei gaiden (japan) [a].pce" size="393216" crc="c9626a43" sha1="0be41c774e7ee75b84efdc2b05a7a45ec0201503" />
	</machine>
	<machine name="benkei">
		<description>Benkei Gaiden</description>
		<year>1989</year>
		<publisher>Sunsoft</publisher>
		<rom name="benkei gaiden (japan).pce" size="393216" crc="e1a73797" sha1="4bc46592f3707a7c3e514abc23e640e3194879ad" />
	</machine>
	<machine name="bikkuri1">
		<description>Bikkuriman World (alt)</description>
		<year>1987</year>
		<publisher>Hudson</publisher>
		<rom name="bikkuriman world (japan) [a].pce" size="262144" crc="34893891" sha1="b063dc0057ab7cd00a6a46f080ea5af776948043" />
	</machine>
	<machine name="bikkuri">
		<description>Bikkuriman World</description>
		<year>1987</year>
		<publisher>Hudson</publisher>
		<rom name="bikkuriman world (japan).pce" size="262144" crc="2841fd1e" sha1="5c09536bbd46337bd563818f637afe2a609bb08b" />
	</machine>
	<machine name="blodia">
		<description>Blodia</description>
		<year>1990</year>
		<publisher>Hudson</publisher>
		<rom name="blodia (japan).pce" size="131072" crc="958bcd09" sha1="bcb3070f617059c9d0d781ece2aee9ae74951f6a" />
	</machine>
	<machine name="blodwolf">
		<description>Narazumono Sentai Butai - Bloody Wolf</description>
		<year>1989</year>
		<publisher>Data East</publisher>
		<rom name="narazumono sentai butai - bloody wolf (japan).pce" size="524288" crc="b01f70c2" sha1="5c897decf660a41e4136f364a085e634d1fdc9a0" />
	</machine>
	<machine name="bodycon2">
		<description>Body Conquest II</description>
		<year>1993</year>
		<publisher>Games Express</publisher>
		<rom name="body conquest ii (japan).pce" size="524288" crc="ffd92458" sha1="72edaf529c41f7c81d1e1fc7dc27bae8e598da9b" />
	</machine>
	<machine name="bombman">
		<description>Bomberman</description>
		<year>1990</year>
		<publisher>Hudson</publisher>
		<rom name="bomberman (japan).pce" size="262144" crc="9abb4d1f" sha1="738bbced47d87cd438d7972eba58c08f5c031a74" />
	</machine>
	<machine name="bombmn93s">
		<description>Bomberman '93 (Special Version)</description>
		<year>1992</year>
		<publisher>Hudson</publisher>
		<rom name="bomberman '93 (special version) (japan).pce" size="524288" crc="02309aa0" sha1="79af6d5987267238cf8f729af79e25349cb0bf03" />
	</machine>
	<machine name="bombmn93">
		<description>Bomberman '93</description>
		<year>1992</year>
		<publisher>Hudson</publisher>
		<rom name="bomberman '93 (japan).pce" size="524288" crc="b300c5d0" sha1="64131aeb6753bffde2910d641c73b56108874320" />
	</machine>
	<machine name="bombmn94">
		<description>Bomberman '94</description>
		<year>1993</year>
		<publisher>Hudson</publisher>
		<rom name="bomberman '94 (japan).pce" size="1048576" crc="05362516" sha1="9085b474199531259b4ebbc05a279ae96cb7c5bd" />
	</machine>
	<machine name="bombmnub">
		<description>Bomberman - Users Battle</description>
		<year>19??</year>
		<publisher>Hudson</publisher>
		<rom name="bomberman - users battle (japan).pce" size="262144" crc="1489fa51" sha1="96ba02050843cacb149859128a8f3313bff44358" />
	</machine>
	<machine name="bravoman">
		<description>Chouzetsu Rinjin - Bravoman</description>
		<year>1990</year>
		<publisher>Namcot</publisher>
		<rom name="chouzetsu rinjin - bravoman (japan).pce" size="524288" crc="0df57c90" sha1="9abb7d96a4dba96a26f7073ea06cb8b2deb24a43" />
	</machine>
	<machine name="breakin">
		<description>Break In</description>
		<year>1989</year>
		<publisher>Naxat</publisher>
		<rom name="break in (japan).pce" size="262144" crc="c9d7426a" sha1="2a409cbe09529c6995954b3985168882bad80aa4" />
	</machine>
	<machine name="bubblegm">
		<description>Bubblegum Crash! - Knight Sabers 2034</description>
		<year>1991</year>
		<publisher>Naxat</publisher>
		<rom name="bubblegum crash - knight sabers 2034 (japan).pce" size="524288" crc="0d766139" sha1="03d0638f27d35b28b7e5e7db16f823de0726c2c5" />
	</machine>
	<machine name="bullfght">
		<description>Bull Fight - Ring no Haja</description>
		<year>1989</year>
		<publisher>Cream</publisher>
		<rom name="bull fight - ring no haja (japan).pce" size="393216" crc="5c4d1991" sha1="6cd94e6209da2939752ab6b1c2d46e5b48c8e0cb" />
	</machine>
	<machine name="burnangl">
		<description>Burning Angels</description>
		<year>1990</year>
		<publisher>Naxat</publisher>
		<rom name="burning angels (japan).pce" size="393216" crc="d233c05a" sha1="d34f38058ac1d8276e145a47fc4fdc1310f49a60" />
	</machine>
	<machine name="cadash">
		<description>Cadash</description>
		<year>1991</year>
		<publisher>Taito</publisher>
		<rom name="cadash (japan).pce" size="393216" crc="8dc0d85f" sha1="3755cb2b883bc106e58019e1cd82708a63394f35" />
	</machine>
	<machine name="cdsys">
		<description>CD-ROM System Card (v2.1)</description>
		<year>19??</year>
		<publisher>Hudson</publisher>
		<rom name="[cd] cd-rom system (japan) (v2.1).pce" size="262144" crc="283b74e0" sha1="88da02e2503f7c32810f5d93a34849d470742b6d" />
	</machine>
	<machine name="cdsysa">
		<description>CD-ROM System Card (v2.0)</description>
		<year>19??</year>
		<publisher>Hudson</publisher>
		<rom name="[cd] cd-rom system (japan) (v2.0).pce" size="262144" crc="52520bc6" sha1="f92ea593c8a935f58f8e1c3b2fc730951ec4fa71" />
	</machine>
	<machine name="cdsysb">
		<description>CD-ROM System Card (v1.0)</description>
		<year>19??</year>
		<publisher>Hudson</publisher>
		<rom name="[cd] cd-rom system (japan) (v1.0).pce" size="262144" crc="3f9f95a4" sha1="a39a66da7de6ba94ab84d04eef7afeec7d4ee66a" />
	</machine>
	<machine name="champwrs">
		<description>Champion Wrestler</description>
		<year>1990</year>
		<publisher>Taito</publisher>
		<rom name="champion wrestler (japan).pce" size="393216" crc="9edc0aea" sha1="c865834d69b765bfb9f7730d98dfc167c360e964" />
	</machine>
	<machine name="chasehq">
		<description>Taito Chase H.Q.</description>
		<year>1990</year>
		<publisher>Taito</publisher>
		<rom name="taito chase h.q. (japan).pce" size="393216" crc="6f4fd790" sha1="f4cd413a1f87027194b7cadfbaaa714c137e877f" />
	</machine>
	<machine name="chibim">
		<description>Chibi Maruko Chan - Quiz de Piihyara</description>
		<year>1992</year>
		<publisher>Namcot</publisher>
		<rom name="chibi maruko chan - quiz de piihyara (japan).pce" size="524288" crc="951ed380" sha1="de35c38944c42f2c14581e3ea003c1168b609aa6" />
	</machine>
	<machine name="chikuden1">
		<description>Chikudenya Toubei - Kubikiri Yakata Yori (alt)</description>
		<year>1990</year>
		<publisher>Naxat</publisher>
		<rom name="chikudenya toubei - kubikiri yakata yori (japan) [a].pce" size="524288" crc="84098884" sha1="d35065ea90324765742cfbd1b72aa56acc585f98" />
	</machine>
	<machine name="chikuden">
		<description>Chikudenya Toubei - Kubikiri Yakata Yori</description>
		<year>1990</year>
		<publisher>Naxat</publisher>
		<rom name="chikudenya toubei - kubikiri yakata yori (japan).pce" size="524288" crc="cab21b2e" sha1="75805bfd024c105bf450d5367953d0f9d4517eef" />
	</machine>
	<machine name="chukatai">
		<description>Gokuraku! Chuka Taisen</description>
		<year>1992</year>
		<publisher>Taito</publisher>
		<rom name="gokuraku chuuka taisen (japan).pce" size="393216" crc="e749a22c" sha1="b58e94e3e0c778e678c5d08c708ac4e37bedbbe3" />
	</machine>
	<machine name="circusld">
		<description>Circus Lido</description>
		<year>1991</year>
		<publisher>Yuni Post</publisher>
		<rom name="circus lido (japan).pce" size="262144" crc="c3212c24" sha1="b7a4157ad47d1f89ede201b56d5cd57650bcf18e" />
	</machine>
	<machine name="cityhunt">
		<description>City Hunter</description>
		<year>1990</year>
		<publisher>Sunsoft</publisher>
		<rom name="city hunter (japan).pce" size="393216" crc="f91b055f" sha1="8265cb33901609ec1cf156b8e0c7fc3884bc1acd" />
	</machine>
	<machine name="columns">
		<description>Columns</description>
		<year>1991</year>
		<publisher>Nihon Telenet</publisher>
		<rom name="columns (japan).pce" size="131072" crc="99f7a572" sha1="238f9ee6cc80b31c5c93a4f43281e690200bdea3" />
	</machine>
	<machine name="coryoon1">
		<description>Coryoon - Child of Dragon (alt)</description>
		<year>1991</year>
		<publisher>Naxat</publisher>
		<rom name="coryoon - child of dragon (japan) [a].pce" size="524288" crc="d5389889" sha1="9c840b7452b6ec87db24cc75180ebb1c970bd3e8" />
	</machine>
	<machine name="coryoon">
		<description>Coryoon - Child of Dragon</description>
		<year>1991</year>
		<publisher>Naxat</publisher>
		<rom name="coryoon - child of dragon (japan).pce" size="524288" crc="b4d29e3b" sha1="709595f04defcc55181f7502a0065e4c22d5fb19" />
	</machine>
	<machine name="cyberdod">
		<description>Cyber Dodge</description>
		<year>1992</year>
		<publisher>Tonkin House</publisher>
		<rom name="cyber dodge (japan).pce" size="524288" crc="b5326b16" sha1="fd6e6ed4f8124a6db42dcddd34d08beacbb6dd52" />
	</machine>
	<machine name="cyberx">
		<description>Busou Keiji - Cyber Cross</description>
		<year>1989</year>
		<publisher>Face</publisher>
		<rom name="busou keiji - cyber cross (japan).pce" size="393216" crc="d0c250ca" sha1="902deeca17b897091d6f581d1d5db916ba0cb0f7" />
	</machine>
	<machine name="cybrcore">
		<description>Cyber Core</description>
		<year>1990</year>
		<publisher>IGS</publisher>
		<rom name="cyber core (japan).pce" size="393216" crc="a98d276a" sha1="75bbd695e55a01a423a6c2404335d75f5bb65437" />
	</machine>
	<machine name="cyknight">
		<description>Cyber Knight</description>
		<year>1990</year>
		<publisher>Tonkin House</publisher>
		<rom name="cyber knight (japan).pce" size="524288" crc="a594fac0" sha1="3a860735700dcf7b5dfd83e63b2a50c715abccb5" />
	</machine>
	<machine name="daisenpu">
		<description>Dai Senpu</description>
		<year>1990</year>
		<publisher>NEC Avenue</publisher>
		<rom name="dai senpu (japan).pce" size="524288" crc="9107bcc8" sha1="81f8c8f01530bb3d22e2dd463202d0e26e7faf24" />
	</machine>
	<machine name="dariusa">
		<description>Darius Alpha</description>
		<year>1990</year>
		<publisher>NEC Avenue</publisher>
		<rom name="darius alpha (japan).pce" size="393216" crc="b0ba689f" sha1="f59c538fa632f687c356af70659fb07b37933f78" />
	</machine>
	<machine name="dariusp">
		<description>Darius Plus</description>
		<year>1990</year>
		<publisher>NEC Avenue</publisher>
		<rom name="darius plus (japan).pce" size="786432" crc="bebfe042" sha1="a362c06e4466b2b3dc7a682f892988189117ef62" />
	</machine>
	<machine name="ddanpei">
		<description>Honoo no Toukyuuji - Dodge Danpei</description>
		<year>1992</year>
		<publisher>Hudson</publisher>
		<rom name="honoo no toukyuuji dodge danpei (japan).pce" size="524288" crc="b01ee703" sha1="76f8a7bb0c4854576a38a0b87fa923625ce1bc3e" />
	</machine>
	<machine name="ddungw">
		<description>Double Dungeons - W</description>
		<year>1989</year>
		<publisher>NCS</publisher>
		<rom name="double dungeons - w (japan).pce" size="262144" crc="86087b39" sha1="a5a032283f24a4e487715ffb36b3fc4615656b37" />
	</machine>
	<machine name="deadmoon">
		<description>Dead Moon - Tsuki Sekai no Akumu</description>
		<year>1990</year>
		<publisher>T.S.S.</publisher>
		<rom name="dead moon (japan).pce" size="524288" crc="56739bc7" sha1="d86ba171b459c286243306407311d85d013a2833" />
	</machine>
	<machine name="deepblue">
		<description>Deep Blue - Kaitei Shinwa</description>
		<year>1989</year>
		<publisher>Pack-In-Video</publisher>
		<rom name="deep blue - kaitei shinwa (japan).pce" size="262144" crc="053a0f83" sha1="f9cb1e26b4274759890844c36d8fd8e9cd1a195c" />
	</machine>
	<machine name="devlcrsh">
		<description>Devil Crash - Naxat Pinball</description>
		<year>1990</year>
		<publisher>Naxat</publisher>
		<rom name="devil crash - naxat pinball (japan).pce" size="393216" crc="4ec81a80" sha1="808638c33e110285d0d9415bc046b94a84b02c6a" />
	</machine>
	<machine name="diehard">
		<description>Die Hard</description>
		<year>1990</year>
		<publisher>Pack-In-Video</publisher>
		<rom name="die hard (japan).pce" size="524288" crc="1b5b1cb1" sha1="96aeca126bb6ac0ca0df5ee260a8a1ee25f44d6d" />
	</machine>
	<machine name="digichmp">
		<description>Digital Champ</description>
		<year>1989</year>
		<publisher>Naxat</publisher>
		<rom name="digital champ (japan).pce" size="262144" crc="17ba3032" sha1="e0af39b67be8c5086795b3dca95f469624aca428" />
	</machine>
	<machine name="donaturl">
		<description>Daichi Kun Crisis - Do Natural</description>
		<year>1989</year>
		<publisher>Salio</publisher>
		<rom name="daichi kun crisis - do natural (japan).pce" size="393216" crc="61a2935f" sha1="5bbf5e6bd3d2cda38c3a6ef8189a159aaf709a98" />
	</machine>
	<machine name="dondoko">
		<description>Don Doko Don!</description>
		<year>1990</year>
		<publisher>Taito</publisher>
		<rom name="don doko don (japan).pce" size="393216" crc="f42aa73e" sha1="a32d06bf7951607059d0eb789d74009b865b6764" />
	</machine>
	<machine name="dorams">
		<description>Doraemon - Meikyuu Dai Sakusen</description>
		<year>1989</year>
		<publisher>Hudson</publisher>
		<rom name="doraemon - meikyuu dai sakusen (japan).pce" size="262144" crc="dc760a07" sha1="81769dc4e2e669f6ae98872d22c52ac290530a28" />
	</machine>
	<machine name="dorandn">
		<description>Doraemon - Nobita no Dorabian Night</description>
		<year>1991</year>
		<publisher>Hudson</publisher>
		<rom name="doraemon - nobita no dorabian night (japan).pce" size="524288" crc="013a747f" sha1="feea7cb74d4e256eb75ab46fcfc40c21743d5487" />
	</machine>
	<machine name="download1">
		<description>Download (alt)</description>
		<year>1990</year>
		<publisher>NEC Avenue</publisher>
		<rom name="download (japan) [a].pce" size="524288" crc="4e0de488" sha1="ee4a7f7dda0b22aaf043eaa4820759ddc20dff37" />
	</machine>
	<machine name="download">
		<description>Download</description>
		<year>1990</year>
		<publisher>NEC Avenue</publisher>
		<rom name="download (japan).pce" size="524288" crc="85101c20" sha1="847bd22cccdf929def8fc348b973faee2688e648" />
	</machine>
	<machine name="dragnegg">
		<description>Dragon Egg!</description>
		<year>1991</year>
		<publisher>Masaya</publisher>
		<rom name="dragon egg (japan).pce" size="524288" crc="442405d5" sha1="56c69f24b542fea72cc753ddf0e4bb23974adbdf" />
	</machine>
	<machine name="droprock1">
		<description>Drop Rock Hora Hora (alt)</description>
		<year>1990</year>
		<publisher>Data East</publisher>
		<rom name="drop rock hora hora (japan) [a].pce" size="262144" crc="8e81fcac" sha1="0ccbc76f4861b7ff4d5615a3a8149d0055c38a00" />
	</machine>
	<machine name="droprock">
		<description>Drop Rock Hora Hora</description>
		<year>1990</year>
		<publisher>Data East</publisher>
		<rom name="drop rock hora hora (japan).pce" size="262144" crc="67ec5ec4" sha1="b1b28d6dac76c3e3547f0a5a695110fd506643e0" />
	</machine>
	<machine name="druaga">
		<description>The Tower of Druaga</description>
		<year>1992</year>
		<publisher>Namcot</publisher>
		<rom name="tower of druaga, the (japan).pce" size="524288" crc="72e00bc4" sha1="1d34d947d9dfd4d7a3e1a0dda789645cd8c4ac29" />
	</machine>
	<machine name="dsaber1">
		<description>Dragon Saber - After Story of Dragon Spirit (alt)</description>
		<year>1991</year>
		<publisher>Namcot</publisher>
		<rom name="dragon saber - after story of dragon spirit (japan) [a].pce" size="524288" crc="c89ce75a" sha1="a2f17e33a36d6e67052ad4a1c3343e2e6624eb85" />
	</machine>
	<machine name="dsaber">
		<description>Dragon Saber - After Story of Dragon Spirit</description>
		<year>1991</year>
		<publisher>Namcot</publisher>
		<rom name="dragon saber - after story of dragon spirit (japan).pce" size="524288" crc="3219849c" sha1="6d94cd3e27dbe1694229f7f006dc821be4764aa2" />
	</machine>
	<machine name="dspirit">
		<description>Dragon Spirit</description>
		<year>1988</year>
		<publisher>Namcot</publisher>
		<rom name="dragon spirit (japan).pce" size="262144" crc="01a76935" sha1="09b037fde801b71d1ff343c40ff5a58372b9a514" />
	</machine>
	<machine name="dungexpl">
		<description>Dungeon Explorer</description>
		<year>1989</year>
		<publisher>Hudson</publisher>
		<rom name="dungeon explorer (japan).pce" size="393216" crc="1b1a80a2" sha1="77caece9655a0e14330884673ffb41ff2bb625c4" />
	</machine>
	<machine name="energy">
		<description>Energy</description>
		<year>1989</year>
		<publisher>NCS</publisher>
		<rom name="energy (japan).pce" size="262144" crc="ca68ff21" sha1="8a43ac4f92cf6715e95b607c75e5c9e43b1c7575" />
	</machine>
	<machine name="etercity">
		<description>Toshi Tensou Keikaku - Eternal City</description>
		<year>1991</year>
		<publisher>Naxat</publisher>
		<rom name="toshi tensou keikaku - eternal city (japan).pce" size="393216" crc="b18d102d" sha1="61e9102c02f87af87bd2e0b75093c01e12cf4801" />
	</machine>
	<machine name="f1circ91">
		<description>F1 Circus '91 - World Championship</description>
		<year>1991</year>
		<publisher>Nihon Bussan</publisher>
		<rom name="f1 circus '91 - world championship (japan).pce" size="524288" crc="d7cfd70f" sha1="e424bb52a3739c7c4723a81d16a091ae2dba49eb" />
	</machine>
	<machine name="f1circ92">
		<description>F1 Circus '92 - The Speed of Sound</description>
		<year>1992</year>
		<publisher>Nihon Bussan</publisher>
		<rom name="f1 circus '92 - the speed of sound (japan).pce" size="786432" crc="b268f2a2" sha1="c2ccd2110ae6a9d6cd64cce26b0264868d684933" />
	</machine>
	<machine name="f1circus1">
		<description>F1 Circus (alt)</description>
		<year>1990</year>
		<publisher>Nihon Bussan</publisher>
		<rom name="f1 circus (japan) [a].pce" size="524288" crc="79705779" sha1="6eeb1a6db725c9e96d1a4b24a8d3a944b12813e1" />
	</machine>
	<machine name="f1circus">
		<description>F1 Circus</description>
		<year>1990</year>
		<publisher>Nihon Bussan</publisher>
		<rom name="f1 circus (japan).pce" size="524288" crc="e14dee08" sha1="9a83f109f785fe75d58661645c95ff25a0699571" />
	</machine>
	<machine name="f1dream">
		<description>F-1 Dream</description>
		<year>1989</year>
		<publisher>NEC</publisher>
		<rom name="f-1 dream (japan).pce" size="262144" crc="d50ff730" sha1="3e1b0829cc44cd254bbfdbcc29a4045d53d32639" />
	</machine>
	<machine name="f1pilot">
		<description>F-1 Pilot - You're King of Kings</description>
		<year>1989</year>
		<publisher>Pack-In-Video</publisher>
		<rom name="f-1 pilot - you're king of kings (japan).pce" size="393216" crc="09048174" sha1="ba89f45d9b2ebd331da570f9e03ab0c8ae2cc835" />
	</machine>
	<machine name="f1tb">
		<description>F1 Triple Battle</description>
		<year>1989</year>
		<publisher>Human</publisher>
		<rom name="f1 triple battle (japan).pce" size="393216" crc="13bf0409" sha1="0a219b433529b3214f42734c2a144d238cb3c99c" />
	</machine>
	<machine name="fantzone">
		<description>Fantasy Zone</description>
		<year>1988</year>
		<publisher>NEC</publisher>
		<rom name="fantasy zone (japan).pce" size="262144" crc="72cb0f9d" sha1="9dfc979fdf65d6425504aff68dc80e83c69e7b40" />
	</machine>
	<machine name="fightrun">
		<description>Fighting Run</description>
		<year>1991</year>
		<publisher>Nihon Bussan</publisher>
		<rom name="fighting run (japan).pce" size="524288" crc="1828d2e5" sha1="fdd2962412b401cd2d72a85ddb516071468bd9ff" />
	</machine>
	<machine name="finallap">
		<description>Final Lap Twin</description>
		<year>1989</year>
		<publisher>Namcot</publisher>
		<rom name="final lap twin (japan).pce" size="393216" crc="c8c084e3" sha1="ad695b7d1fb8bac7d9e13045bf229dba98d56a71" />
	</machine>
	<machine name="finalmt">
		<description>Final Match Tennis</description>
		<year>1991</year>
		<publisher>Human</publisher>
		<rom name="final match tennis (japan).pce" size="262144" crc="560d2305" sha1="e3a97b468d0a6c94effde70bf331dc4b3d90b166" />
	</machine>
	<machine name="finalsol">
		<description>Final Soldier</description>
		<year>1991</year>
		<publisher>Hudson</publisher>
		<rom name="final soldier (japan).pce" size="524288" crc="af2dd2af" sha1="ce89c6ea5d9eb36a642742ecad9c35c16b761c49" />
	</machine>
	<machine name="finalsols">
		<description>Final Soldier (Special Version)</description>
		<year>19??</year>
		<publisher>Hudson</publisher>
		<rom name="final soldier (special version) (japan).pce" size="524288" crc="02a578c5" sha1="ba15992964c84d4c5998f5622ae78ad843cda5f0" />
	</machine>
	<machine name="finlblst">
		<description>Final Blaster</description>
		<year>1990</year>
		<publisher>Namcot</publisher>
		<rom name="final blaster (japan).pce" size="393216" crc="c90971ba" sha1="4a013fde3938ceaacf38fcc4f56828d1292142d0" />
	</machine>
	<machine name="fireprow">
		<description>Fire Pro Wrestling - Combination Tag</description>
		<year>1989</year>
		<publisher>Human</publisher>
		<rom name="fire pro wrestling - combination tag (japan).pce" size="393216" crc="90ed6575" sha1="d149ca397c5a45367c32fb78210e6febf734d837" />
	</machine>
	<machine name="fireprw2">
		<description>Fire Pro Wrestling 2 - 2nd Bout</description>
		<year>1991</year>
		<publisher>Human</publisher>
		<rom name="fire pro wrestling 2 - 2nd bout (japan).pce" size="524288" crc="e88987bb" sha1="24977d50f4e8af3fff9e5775128d9c04585ab533" />
	</machine>
	<machine name="fireprw3">
		<description>Fire Pro Wrestling 3 - Legend Bout</description>
		<year>1992</year>
		<publisher>Human</publisher>
		<rom name="fire pro wrestling 3 - legend bout (japan).pce" size="1048576" crc="534e8808" sha1="77a3a3a69ef847f4b84c1b510934fe73db9fa442" />
	</machine>
	<machine name="fsoccer">
		<description>Formation Soccer - On J. League</description>
		<year>1994</year>
		<publisher>Human</publisher>
		<rom name="formation soccer - on j. league (japan).pce" size="524288" crc="7146027c" sha1="301d3e8aaa4c7f3f1c37838e3677d97e51319540" />
	</machine>
	<machine name="fsoccr90">
		<description>Formation Soccer - Human Cup '90</description>
		<year>1990</year>
		<publisher>Human</publisher>
		<rom name="formation soccer - human cup '90 (japan).pce" size="262144" crc="85a1e7b6" sha1="d53db608475ca26ff81837dc43b40726bd0440a5" />
	</machine>
	<machine name="gaiamons">
		<description>Gaia no Monshou</description>
		<year>1988</year>
		<publisher>NCS</publisher>
		<rom name="gaia no monshou (japan).pce" size="262144" crc="6fd6827c" sha1="597174ebf0c39e95635cd15a8f6ad52634a05a18" />
	</machine>
	<machine name="gaiflame">
		<description>Gai Flame</description>
		<year>1990</year>
		<publisher>NCS</publisher>
		<rom name="gai flame (japan).pce" size="393216" crc="95f90dec" sha1="e86749fff3a09e48056ca66ce4bae3ba1adc8e18" />
	</machine>
	<machine name="galaga88">
		<description>Galaga '88</description>
		<year>1988</year>
		<publisher>Namcot</publisher>
		<rom name="galaga '88 (japan).pce" size="262144" crc="1a8393c6" sha1="246079bbf7c8aca0ca66a381986785a39f39ed06" />
	</machine>
	<machine name="ganbgolf">
		<description>Ganbare! Golf Boys</description>
		<year>1989</year>
		<publisher>NCS</publisher>
		<rom name="ganbare golf boys (japan).pce" size="262144" crc="27a4d11a" sha1="69794e5af0d2ec1a5bf6122c64fd5bc43092ae04" />
	</machine>
	<machine name="gecd">
		<description>Games Express CD Card</description>
		<year>19??</year>
		<publisher>Games Express</publisher>
		<rom name="[cd] games express cd card (japan).pce" size="32768" crc="51a12d90" sha1="014881a959e045e00f4db8f52955200865d40280" />
	</machine>
	<machine name="gekisboy">
		<description>Gekisha Boy</description>
		<year>1992</year>
		<publisher>Irem</publisher>
		<rom name="gekisha boy (japan).pce" size="524288" crc="e8702d51" sha1="ee2665acb440d8b01da0d14feb51d4e0bb50c400" />
	</machine>
	<machine name="genjitsu">
		<description>Genji Tsuushin Agedama</description>
		<year>1991</year>
		<publisher>NEC Home Electronics</publisher>
		<rom name="genji tsuushin agedama (japan).pce" size="524288" crc="ad450dfc" sha1="25c35dae21e032fe8cd38d6e54a3330434e02adc" />
	</machine>
	<machine name="genpei">
		<description>Genpei Toumaden</description>
		<year>1990</year>
		<publisher>Namcot</publisher>
		<rom name="genpei toumaden (japan).pce" size="524288" crc="b926c682" sha1="c9ac518e9541c204d532fd531aaad5cd06763986" />
	</machine>
	<machine name="genpemak">
		<description>Genpei Toumaden ni no Maki</description>
		<year>1992</year>
		<publisher>Namcot</publisher>
		<rom name="genpei toumaden ni no maki (japan).pce" size="524288" crc="8793758c" sha1="fc712391b09c3ff2d6c894260f4b4c10b77219af" />
	</machine>
	<machine name="gomola">
		<description>Gomola Speed</description>
		<year>1990</year>
		<publisher>UPL</publisher>
		<rom name="gomola speed (japan).pce" size="393216" crc="4bd38f17" sha1="fe4b08fb0cd9d0a53726c2709db3e31fbeae1213" />
	</machine>
	<machine name="gradius">
		<description>Gradius</description>
		<year>1991</year>
		<publisher>Konami</publisher>
		<rom name="gradius (japan).pce" size="262144" crc="0517da65" sha1="338f62b6d57f30b1850c32f5ae0d8c26c761974b" />
	</machine>
	<machine name="gunhed">
		<description>GunHed</description>
		<year>1989</year>
		<publisher>Hudson</publisher>
		<rom name="gunhed (japan).pce" size="393216" crc="a17d4d7e" sha1="0107d93ff5d10325092d45e6bfd21e8130efeed7" />
	</machine>
	<machine name="gunhedht">
		<description>GunHed - Hudson GunHed Taikai</description>
		<year>1989</year>
		<publisher>Hudson</publisher>
		<rom name="gunhed - hudson gunhed taikai (japan).pce" size="262144" crc="57f183ae" sha1="f21597e7d04506c515b156acea7fdb4c70a5c1c8" />
	</machine>
	<machine name="hanataka">
		<description>Hana Taaka Daka!?</description>
		<year>1991</year>
		<publisher>Taito</publisher>
		<rom name="hana taaka daka (japan).pce" size="524288" crc="ba4d0dd4" sha1="664ccd11372b04739e388fb921ac507eb71986cd" />
	</machine>
	<machine name="haniirod">
		<description>Hanii on the Road</description>
		<year>1990</year>
		<publisher>Face</publisher>
		<rom name="hanii on the road (japan).pce" size="393216" crc="9897fa86" sha1="67e7fd05e40c08a7e353501e1940ef1ec5ae8b05" />
	</machine>
	<machine name="haniisky">
		<description>Hanii in the Sky</description>
		<year>1989</year>
		<publisher>Face</publisher>
		<rom name="hanii in the sky (japan).pce" size="262144" crc="bf3e2cc7" sha1="49b1c5d889002bf52be65114d7f0646493500170" />
	</machine>
	<machine name="hatris">
		<description>Hatris</description>
		<year>1991</year>
		<publisher>Tengen</publisher>
		<rom name="hatris (japan).pce" size="131072" crc="44e7df53" sha1="1e2475ae58f1e612591aca44d742cc6558d75e15" />
	</machine>
	<machine name="hitice">
		<description>Hit the Ice - VHL - The Official Video Hockey League</description>
		<year>1991</year>
		<publisher>Taito</publisher>
		<rom name="hit the ice - vhl the official video hockey league (japan).pce" size="393216" crc="7acb60c8" sha1="1452d2161d1da401f05c36a0a50492a6df9dc010" />
	</machine>
	<machine name="hvyunit">
		<description>Heavy Unit</description>
		<year>1989</year>
		<publisher>Taito</publisher>
		<rom name="heavy unit (japan).pce" size="393216" crc="eb923de5" sha1="d55b3f1bf4f26e37be745e8bfade4384912eb647" />
	</machine>
	<machine name="idolhana">
		<description>Idol Hanafuda Fan Club</description>
		<year>1991</year>
		<publisher>Game Express</publisher>
		<rom name="idol hanafuda fan club (japan).pce" size="524288" crc="9ec6fc6c" sha1="55ccdf9f02339f02a2f62c61a10180ea8a24817d" />
	</machine>
	<machine name="imagefgt">
		<description>Image Fight</description>
		<year>1990</year>
		<publisher>Irem</publisher>
		<rom name="image fight (japan).pce" size="524288" crc="a80c565f" sha1="4f2256e49cc71613a6b35d224be706ee95df17b9" />
	</machine>
	<machine name="jchan">
		<description>Jackie Chan</description>
		<year>1991</year>
		<publisher>Hudson</publisher>
		<rom name="jackie chan (japan).pce" size="524288" crc="c6fa6373" sha1="44c9ce3b37ca9c5edfe840f78485048e2bd1bf41" />
	</machine>
	<machine name="jigomegu">
		<description>Jigoku Meguri</description>
		<year>1990</year>
		<publisher>Taito</publisher>
		<rom name="jigoku meguri (japan).pce" size="393216" crc="cc7d3eeb" sha1="1ac58fcd36ba6f757a927d1bfcf28added00111b" />
	</machine>
	<machine name="jinmu1">
		<description>Jinmu Denshou (alt)</description>
		<year>1989</year>
		<publisher>Big Club</publisher>
		<rom name="jinmu denshou (japan) [a].pce" size="524288" crc="84240ef9" sha1="735ba5d77f49288e360b2908d989efbdc8b7adf4" />
	</machine>
	<machine name="jinmu">
		<description>Jinmu Denshou</description>
		<year>1989</year>
		<publisher>Big Club</publisher>
		<rom name="jinmu denshou (japan).pce" size="524288" crc="c150637a" sha1="e38d6d83120301a7befa7f496f1a93768060032d" />
	</machine>
	<machine name="jleag11">
		<description>J. League Greatest Eleven</description>
		<year>1993</year>
		<publisher>Nihon Bussan</publisher>
		<rom name="j. league greatest eleven (japan).pce" size="524288" crc="0ad97b04" sha1="092ac9337c5b63f2ace2141e976444501dda0e6e" />
	</machine>
	<machine name="juuouki1">
		<description>Juuouki (alt)</description>
		<year>1989</year>
		<publisher>NEC</publisher>
		<rom name="juuouki (japan) [a].pce" size="524288" crc="6a628982" sha1="20a413b8c5ae86502fc21f55096b89b2d7350dc2" />
	</machine>
	<machine name="juuouki">
		<description>Juuouki</description>
		<year>1989</year>
		<publisher>NEC</publisher>
		<rom name="juuouki (japan).pce" size="524288" crc="c8c7d63e" sha1="8b274906e2488fa3a6be467c5bd8a2ac150d5801" />
	</machine>
	<machine name="katochan">
		<description>Kato Chan &amp; Ken Chan</description>
		<year>1987</year>
		<publisher>Hudson</publisher>
		<rom name="kato chan &amp; ken chan (japan).pce" size="262144" crc="6069c5e7" sha1="1381c15587891083f7cde3b1224fcc6df45bc914" />
	</machine>
	<machine name="kattobi">
		<description>Kattobi! Takuhai Kun</description>
		<year>1990</year>
		<publisher>Tonkin House</publisher>
		<rom name="kattobi takuhai kun (japan).pce" size="393216" crc="4f2844b0" sha1="00e33d4f55c4dbe0ac493053bfebc9d6dbd469ea" />
	</machine>
	<machine name="kickball">
		<description>Kickball</description>
		<year>1990</year>
		<publisher>Masaya</publisher>
		<rom name="kickball (japan).pce" size="393216" crc="7e3c367b" sha1="f2e59db46aa6bd70f0eec64566e113b53d56eb58" />
	</machine>
	<machine name="kikikai">
		<description>Kiki KaiKai</description>
		<year>1990</year>
		<publisher>Taito</publisher>
		<rom name="kiki kaikai (japan).pce" size="393216" crc="c0cb5add" sha1="8dc4fce4beca91f51f123acf8f1cc659ed58d312" />
	</machine>
	<machine name="kingcasn">
		<description>King of Casino</description>
		<year>1990</year>
		<publisher>Victor Interactive Software</publisher>
		<rom name="king of casino (japan).pce" size="262144" crc="bf52788e" sha1="2f635986a785f7b00954236e3ec5fece6fedec23" />
	</machine>
	<machine name="klax">
		<description>Klax</description>
		<year>1990</year>
		<publisher>Tengen</publisher>
		<rom name="klax (japan).pce" size="262144" crc="c74ffbc9" sha1="cf952c23dfd771bfba50df645ba27782d3c44c16" />
	</machine>
	<machine name="knightrs">
		<description>Knight Rider Special</description>
		<year>1989</year>
		<publisher>Pack-In-Video</publisher>
		<rom name="knight rider special (japan).pce" size="262144" crc="c614116c" sha1="d2dbbd8b55b80d41e32a3907fcdafa985b60abe4" />
	</machine>
	<machine name="ktiger">
		<description>Kyuukyoku Tiger</description>
		<year>1989</year>
		<publisher>Taito</publisher>
		<rom name="kyuukyoku tiger (japan).pce" size="262144" crc="09509315" sha1="e062b7e1fe9fe04f9c29df38165e3a4eb867fe2d" />
	</machine>
	<machine name="kungfu">
		<description>The Kung Fu</description>
		<year>1987</year>
		<publisher>Hudson</publisher>
		<rom name="kung fu, the (japan).pce" size="262144" crc="b552c906" sha1="dabdb21bef771282461f7bfee390a622217159ac" />
	</machine>
	<machine name="kyukyom2">
		<description>Kyuukyoku Mahjong II</description>
		<year>1993</year>
		<publisher>Game Express</publisher>
		<rom name="kyuukyoku mahjong ii (japan).pce" size="524288" crc="e5b6b3e5" sha1="1c3dfe795b84969e5c5acdece652f228fad6b163" />
	</machine>
	<machine name="kyukyomj">
		<description>Kyuukyoku Mahjong - Idol Graphics</description>
		<year>1992</year>
		<publisher>Game Express</publisher>
		<rom name="kyuukyoku mahjong - idol graphics (japan).pce" size="524288" crc="02dde03e" sha1="7fd4d9e028bd589b9315f81b1d27049b7541212b" />
	</machine>
	<machine name="ladyswrd1">
		<description>Lady Sword (alt)</description>
		<year>19??</year>
		<publisher>Game Express</publisher>
		<rom name="lady sword (japan) [a].pce" size="1048576" crc="eb833d15" sha1="1badb6f4f4d23ebf7caf11cc8c93403111ad9f82" />
	</machine>
	<machine name="ladyswrd">
		<description>Lady Sword</description>
		<year>19??</year>
		<publisher>Game Express</publisher>
		<rom name="lady sword (japan).pce" size="1048576" crc="c6f764ec" sha1="7384d0d863da43c64d704f4f36ce55502e3b6159" />
	</machine>
	<machine name="ldrun">
		<description>Lode Runner - Lost Labyrinth</description>
		<year>1990</year>
		<publisher>Pack-In-Video</publisher>
		<rom name="lode runner - lost labyrinth (japan).pce" size="262144" crc="e6ee1468" sha1="7d019ff2e86b3af48b4c969c8339a124b7c803b6" />
	</machine>
	<machine name="loht">
		<description>Legend of Hero Tonma</description>
		<year>1991</year>
		<publisher>Irem</publisher>
		<rom name="legend of hero tonma (japan).pce" size="524288" crc="c28b0d8a" sha1="352e91337db64bc7edd788e4ccb9c240c7040898" />
	</machine>
	<machine name="lostsunh">
		<description>Bouken Danshaku Don - The Lost Sunheart</description>
		<year>1992</year>
		<publisher>IMax</publisher>
		<rom name="bouken danshaku don - the lost sunheart (japan).pce" size="524288" crc="8f4d9f94" sha1="a0ae06b1ced94a2dea20b8c62ad64dcf701e1a25" />
	</machine>
	<machine name="magchase">
		<description>Magical Chase</description>
		<year>1991</year>
		<publisher>Palsoft</publisher>
		<rom name="magical chase (japan).pce" size="524288" crc="dd0ebf8c" sha1="9e15320bea2fe067ad46a34f602905b9f8962d27" />
	</machine>
	<machine name="makaihak">
		<description>Makai Hakken Den Shada</description>
		<year>1989</year>
		<publisher>Data East</publisher>
		<rom name="makai hakken den shada (japan).pce" size="262144" crc="be62eef5" sha1="3ca3057045a9f116aea655f6965e882991e021f7" />
	</machine>
	<machine name="makaipri">
		<description>Makai Prince Dorabocchan</description>
		<year>1990</year>
		<publisher>Naxat</publisher>
		<rom name="makai prince dorabocchan (japan).pce" size="393216" crc="b101b333" sha1="66cf002a82828596ed4dbd8a7b998526a624c7c5" />
	</machine>
	<machine name="makyoden">
		<description>Makyou Densetsu</description>
		<year>1988</year>
		<publisher>Victor Interactive Software</publisher>
		<rom name="makyou densetsu (japan).pce" size="262144" crc="d4c5af46" sha1="7e1b1f52222663e9e98973fdb3cf67879122b617" />
	</machine>
	<machine name="maniacpw">
		<description>Maniac Pro Wres - Asu e no Tatakai</description>
		<year>1990</year>
		<publisher>Hudson</publisher>
		<rom name="maniac puroresu - asu e no tatakai (japan).pce" size="524288" crc="99f2865c" sha1="d02b38ec1b516f1324dab3499523a306f574f957" />
	</machine>
	<machine name="marchen">
		<description>Märchen Maze</description>
		<year>1990</year>
		<publisher>Namcot</publisher>
		<rom name="maerchen maze (japan).pce" size="262144" crc="a15a1f37" sha1="04175b93e52653fa61111210538a5582ba152180" />
	</machine>
	<machine name="mesopot">
		<description>Mesopotamia</description>
		<year>1991</year>
		<publisher>Atlus</publisher>
		<rom name="mesopotamia (japan).pce" size="524288" crc="e87190f1" sha1="70186b4d823a48aae09ed7e2bc8e16edfcaf4335" />
	</machine>
	<machine name="metlstok">
		<description>Metal Stoker</description>
		<year>1991</year>
		<publisher>Face</publisher>
		<rom name="metal stoker (japan).pce" size="524288" crc="25a02bee" sha1="06ae3e73fe8a83aac0159995e6db1c087799a9c5" />
	</machine>
	<machine name="mikkoku">
		<description>Maison Ikkoku</description>
		<year>1989</year>
		<publisher>Micro Cabin</publisher>
		<rom name="maison ikkoku (japan).pce" size="262144" crc="5c78fee1" sha1="ce73c12393c6ce61401a9bf94a733b4dbc17ed78" />
	</machine>
	<machine name="mizubaku">
		<description>Mizubaku Dai Bouken</description>
		<year>1992</year>
		<publisher>Taito</publisher>
		<rom name="mizubaku dai bouken (japan).pce" size="524288" crc="b2ef558d" sha1="6e99a1982b6e2b0b9fb82f1d30270620917e1b92" />
	</machine>
	<machine name="mjgakmld1">
		<description>Mahjong Gakuen Mild - Touma Soushirou Toujou (alt)</description>
		<year>1990</year>
		<publisher>Face</publisher>
		<rom name="mahjong gakuen mild - touma soushirou toujou (japan) [a].pce" size="524288" crc="3e4d432a" sha1="0c613a18559f7c11ff50b181ee2e68a8fe0bb587" />
	</machine>
	<machine name="mjgakmld">
		<description>Mahjong Gakuen Mild - Touma Soushirou Toujou</description>
		<year>1990</year>
		<publisher>Face</publisher>
		<rom name="mahjong gakuen mild - touma soushirou toujou (japan).pce" size="524288" crc="f4148600" sha1="66d9a1b80cdbf88d7f8be4c2c37901e9df4195dc" />
	</machine>
	<machine name="mjgakuen">
		<description>Mahjong Gakuen - Touma Soushirou Toujou</description>
		<year>1990</year>
		<publisher>Face</publisher>
		<rom name="mahjong gakuen - touma soushirou toujou (japan).pce" size="524288" crc="f5b90d55" sha1="ce7f528302d77fd2c1cfa1a22cdfd4e399b57c87" />
	</machine>
	<machine name="mjgokusp">
		<description>Mahjong Gokuu Special</description>
		<year>1990</year>
		<publisher>Sunsoft</publisher>
		<rom name="mahjong gokuu special (japan).pce" size="393216" crc="f8861456" sha1="8cd848c675c50f72589170f973b5eab869173a03" />
	</machine>
	<machine name="mjkaiser">
		<description>Mahjong Haou Den - Kaiser's Quest</description>
		<year>1992</year>
		<publisher>UPL</publisher>
		<rom name="mahjong haou den - kaiser's quest (japan).pce" size="524288" crc="df10c895" sha1="e539de46a672e7ec3eecca58adb924d622a78c98" />
	</machine>
	<machine name="mjwars">
		<description>Mahjong Shikyaku Retsuden - Mahjong Wars</description>
		<year>1990</year>
		<publisher>Nihon Bussan</publisher>
		<rom name="mahjong shikyaku retsuden - mahjong wars (japan).pce" size="262144" crc="6c34aaea" sha1="75dd345155ffc062553eb3fe6cac3596e1ab8edd" />
	</machine>
	<machine name="mnstprow">
		<description>Monster Pro Wres</description>
		<year>1991</year>
		<publisher>ASK</publisher>
		<rom name="monster puroresu (japan).pce" size="524288" crc="f2e46d25" sha1="b782344fad0efd1bcf6d3863e5f3ac9de45eee39" />
	</machine>
	<machine name="momo2">
		<description>Momotarou Densetsu II</description>
		<year>1990</year>
		<publisher>Hudson</publisher>
		<rom name="momotarou densetsu ii (japan).pce" size="786432" crc="d9e1549a" sha1="bc891a5703895551c8b8618b176065918317dee9" />
	</machine>
	<machine name="momogdn">
		<description>Momotarou Densetsu Gaiden Dai 1 Shuu</description>
		<year>1992</year>
		<publisher>Hudson</publisher>
		<rom name="momotarou densetsu gaiden dai 1 shuu (japan).pce" size="524288" crc="f860455c" sha1="da89f567e5b96469073a53095a25cb8971260dc6" />
	</machine>
	<machine name="momoktsg">
		<description>Momotarou Katsugeki</description>
		<year>1990</year>
		<publisher>Hudson</publisher>
		<rom name="momotarou katsugeki (japan).pce" size="524288" crc="345f43e9" sha1="b63aa8ae29b4d06dea7f5b795c4192285fc3c43b" />
	</machine>
	<machine name="momotrbo">
		<description>Momotarou Densetsu Turbo</description>
		<year>1990</year>
		<publisher>Hudson</publisher>
		<rom name="momotarou densetsu turbo (japan).pce" size="393216" crc="625221a6" sha1="e6c5bd57f34d3c6b07818e351086cf63cd338f26" />
	</machine>
	<machine name="moritash">
		<description>Morita Shougi PC</description>
		<year>1991</year>
		<publisher>NEC Avenue</publisher>
		<rom name="morita shougi pc (japan).pce" size="524288" crc="2546efe0" sha1="77490668bd4beea8e46e1f2676095d8d6ef1c3cd" />
	</machine>
	<machine name="motoroad">
		<description>Moto Roader</description>
		<year>1989</year>
		<publisher>NCS</publisher>
		<rom name="moto roader (japan).pce" size="262144" crc="428f36cd" sha1="9737bd5a9d4f28544ad1cb25592e428bea98aa27" />
	</machine>
	<machine name="motorod2">
		<description>Moto Roader II</description>
		<year>1991</year>
		<publisher>Masaya</publisher>
		<rom name="moto roader ii (japan).pce" size="393216" crc="0b7f6e5f" sha1="101f6e3c90b314496b73ee9feab9a98f8d9b7821" />
	</machine>
	<machine name="mrheli1">
		<description>Mr. Heli no Daibouken (alt)</description>
		<year>1989</year>
		<publisher>Irem</publisher>
		<rom name="mr. heli no daibouken (japan) [a].pce" size="524288" crc="ac0cd796" sha1="fbbda31dc3a240b348d2f9ef34eff70f2adcc191" />
	</machine>
	<machine name="mrheli">
		<description>Mr. Heli no Daibouken</description>
		<year>1989</year>
		<publisher>Irem</publisher>
		<rom name="mr. heli no daibouken (japan).pce" size="524288" crc="2cb92290" sha1="df6346583d7169ffdec03925c9b15d3e4f066079" />
	</machine>
	<machine name="naxopen">
		<description>Naxat Open</description>
		<year>1989</year>
		<publisher>Naxat</publisher>
		<rom name="naxat open (japan).pce" size="393216" crc="60ecae22" sha1="65eb861b8f63a131ad9de611ae5f432b02c1a283" />
	</machine>
	<machine name="naxstad">
		<description>Naxat Stadium</description>
		<year>1990</year>
		<publisher>Naxat</publisher>
		<rom name="naxat stadium (japan).pce" size="524288" crc="20a7d128" sha1="203338d5535457df7504b0fc0cc61e2940ef2127" />
	</machine>
	<machine name="nazomasq">
		<description>Nazo no Masquerade</description>
		<year>1990</year>
		<publisher>Masaya</publisher>
		<rom name="nazo no mascarade (japan).pce" size="393216" crc="0441d85a" sha1="a449aee2f786f981539315565fe1cf4daab6eef9" />
	</machine>
	<machine name="necromcr">
		<description>Necromancer</description>
		<year>1988</year>
		<publisher>Hudson</publisher>
		<rom name="necromancer (japan).pce" size="262144" crc="53109ae6" sha1="49b4122ea576a7c1c8d1ae2c5bf627e550367246" />
	</machine>
	<machine name="necros">
		<description>Necros no Yousai</description>
		<year>1990</year>
		<publisher>ASK</publisher>
		<rom name="necros no yousai (japan).pce" size="524288" crc="fb0fdcfe" sha1="151336738bc339bb46c8bc9c59f1066f7ed28f8b" />
	</machine>
	<machine name="nectaris">
		<description>Nectaris</description>
		<year>1990</year>
		<publisher>Hudson</publisher>
		<rom name="nectaris (japan).pce" size="393216" crc="0243453b" sha1="e87e25f73908161a8c7b4cb1f20708cb5f8aab3b" />
	</machine>
	<machine name="nekdodge">
		<description>Nekketsu Koukou Dodgeball Bu - PC Bangai Hen</description>
		<year>1990</year>
		<publisher>Naxat</publisher>
		<rom name="nekketsu koukou dodgeball bu - pc bangai hen (japan).pce" size="262144" crc="65fdb863" sha1="582121ade819254da31fd8867c30e60195589a9a" />
	</machine>
	<machine name="neksoccr">
		<description>Nekketsu Koukou Dodgeball Bu - Soccer PC Hen</description>
		<year>1992</year>
		<publisher>Naxat</publisher>
		<rom name="nekketsu koukou dodgeball bu - soccer pc hen (japan).pce" size="524288" crc="f2285c6d" sha1="208296977d5f9d3c811ed6b10bc0e982a772ff48" />
	</machine>
	<machine name="neutopi2">
		<description>Neutopia II</description>
		<year>1991</year>
		<publisher>Hudson</publisher>
		<rom name="neutopia ii (japan).pce" size="786432" crc="2b94aedc" sha1="d0ac1550b271eaa1d475d2e3829b4b2df0ac9f16" />
	</machine>
	<machine name="neutopia">
		<description>Neutopia</description>
		<year>1989</year>
		<publisher>Hudson</publisher>
		<rom name="neutopia (japan).pce" size="393216" crc="9c49ef11" sha1="338e0fa3da1df9cc2f3ac30faa67467c74b6cb07" />
	</machine>
	<machine name="nhktaidr">
		<description>NHK Taiga Drama - Taiheiki</description>
		<year>1992</year>
		<publisher>NHK Enterprise</publisher>
		<rom name="nhk taiga drama - taiheiki (japan).pce" size="524288" crc="a32430d5" sha1="b7f407dc377a32f8b0d22dd3444405bc2e674741" />
	</machine>
	<machine name="nicklaus">
		<description>Jack Nicklaus' Greatest 18 Holes of Major Championship Golf</description>
		<year>1989</year>
		<publisher>Victor Interactive Software</publisher>
		<rom name="jack nicklaus' greatest 18 holes of major championship golf (japan).pce" size="262144" crc="ea751e82" sha1="3806f0509288f76393a35f395c34a4e9e979e51f" />
	</machine>
	<machine name="nikopun">
		<description>Niko Niko, Pun</description>
		<year>1991</year>
		<publisher>NHK Enterprise</publisher>
		<rom name="niko niko pun (japan).pce" size="524288" crc="82def9ee" sha1="75226e0baa8df8179e40c3e5c398a42650506a12" />
	</machine>
	<machine name="ninjawar">
		<description>The Ninja Warriors</description>
		<year>1989</year>
		<publisher>Taito</publisher>
		<rom name="ninja warriors, the (japan).pce" size="393216" crc="96e0cd9d" sha1="27f30fa4eb12856bd21279e96d1764bba531432f" />
	</machine>
	<machine name="nryukend">
		<description>Ninja Ryukenden</description>
		<year>1992</year>
		<publisher>Hudson</publisher>
		<rom name="ninja ryuuken den (japan).pce" size="524288" crc="67573bac" sha1="7f6a088424f849fc80f883d19533c031305d9616" />
	</machine>
	<machine name="oboccha">
		<description>Obocchama-kun</description>
		<year>1991</year>
		<publisher>Namcot</publisher>
		<rom name="obocchama kun (japan).pce" size="524288" crc="4d3b0bc9" sha1="f505c31aab43ac6fd4d88fd14ae03a9c418e7357" />
	</machine>
	<machine name="offtwall">
		<description>Off The Wall (prototype)</description>
		<year>1992</year>
		<publisher>Tengen</publisher>
		<rom name="off the wall [proto 1].pce" size="524288" crc="8621ae02" sha1="eaf6083667104b427c2dc928a3aeae6edfc0005b" />
	</machine>
	<machine name="opwolf">
		<description>Operation Wolf</description>
		<year>1990</year>
		<publisher>NEC Avenue</publisher>
		<rom name="operation wolf (japan).pce" size="524288" crc="ff898f87" sha1="da2a28e2961fa295c4b8f55bd5a6ce6f1c58beb7" />
	</machine>
	<machine name="ordyne">
		<description>Ordyne</description>
		<year>1989</year>
		<publisher>Namcot</publisher>
		<rom name="ordyne (japan).pce" size="524288" crc="8c565cb6" sha1="6b1e419c77f72d3588b52343989727b5a069df3a" />
	</machine>
	<machine name="outlive">
		<description>Out Live</description>
		<year>1989</year>
		<publisher>Sunsoft</publisher>
		<rom name="out live (japan).pce" size="262144" crc="5cdb3f5b" sha1="985222734388586a6b8530846fc9e4701c1ccd0b" />
	</machine>
	<machine name="outrun">
		<description>Out Run</description>
		<year>1990</year>
		<publisher>NEC Avenue</publisher>
		<rom name="out run (japan).pce" size="524288" crc="e203f223" sha1="4db6d354171a6e5f81d17d11e1aca7278a1fa95e" />
	</machine>
	<machine name="override">
		<description>Override</description>
		<year>1991</year>
		<publisher>Data East</publisher>
		<rom name="override (japan).pce" size="262144" crc="b74ec562" sha1="9da08c896e02b67257521b948c2fa5bc55724c0d" />
	</machine>
	<machine name="p47">
		<description>P-47 - The Freedom Fighter</description>
		<year>1989</year>
		<publisher>Aicom</publisher>
		<rom name="p-47 - the freedom fighter (japan).pce" size="262144" crc="7632db90" sha1="54face25e1bdd6c1b842b957bcce272797ba7f1c" />
	</machine>
	<machine name="pachikun">
		<description>Pachio Kun - Juuban Shoubu</description>
		<year>1992</year>
		<publisher>Coconuts Japan</publisher>
		<rom name="pachio kun - juuban shoubu (japan).pce" size="524288" crc="4148fd7c" sha1="67749fc1c067c16000223fd3b7555fd85c9f9ebd" />
	</machine>
	<machine name="pacland">
		<description>Pac-land</description>
		<year>1989</year>
		<publisher>Namcot</publisher>
		<rom name="pac-land (japan).pce" size="262144" crc="14fad3ba" sha1="fc0166da82ed3cf4a4e06fc6c73fd3184ba8bb3b" />
	</machine>
	<machine name="paranoia">
		<description>Paranoia</description>
		<year>1990</year>
		<publisher>Naxat</publisher>
		<rom name="paranoia (japan).pce" size="262144" crc="9893e0e6" sha1="b3097e7f163e4a067cf32f290e59657a8b5e271b" />
	</machine>
	<machine name="parasol">
		<description>Parasol Stars - The Story of Bubble Bobble III</description>
		<year>1991</year>
		<publisher>Taito</publisher>
		<rom name="parasol stars - the story of bubble bobble iii (japan).pce" size="393216" crc="51e86451" sha1="94a4c4b16435b043b0b985af446d8767602f5041" />
	</machine>
	<machine name="parodius">
		<description>Parodius Da! - Shinwa kara Owarai e</description>
		<year>1992</year>
		<publisher>Konami</publisher>
		<rom name="parodius da - shinwa kara owarai he (japan).pce" size="1048576" crc="647718f9" sha1="5110dcc06efd1daaeb98305378d818519da88d28" />
	</machine>
	<machine name="pcdenj">
		<description>PC Denjin - Punkic Cyborgs</description>
		<year>1992</year>
		<publisher>Hudson</publisher>
		<rom name="pc denjin - punkic cyborgs (japan).pce" size="524288" crc="740491c2" sha1="7713236070c2d5252faa651b6a8b7726cadb9bf4" />
	</machine>
	<machine name="pcdenja">
		<description>PC Denjin - Punkic Cyborgs (alt)</description>
		<year>1992</year>
		<publisher>Hudson</publisher>
		<rom name="pc denjin - punkic cyborgs (japan) [a].pce" size="524288" crc="8fb4f228" sha1="f3fb61cf86a87c0f99ef05926cd835c2fe305c45" />
	</machine>
	<machine name="pcgenj2">
		<description>PC Genjin 2 - Pithecanthropus Computerurus</description>
		<year>1991</year>
		<publisher>Hudson</publisher>
		<rom name="pc genjin 2 - pithecanthropus computerurus (japan).pce" size="524288" crc="3028f7ca" sha1="ef2b10e9bd35428bff3d67b9f77dd3ff50d91f2e" />
	</machine>
	<machine name="pcgenj3t">
		<description>PC Genjin 3 - Pithecanthropus Computerurus (Taikenban)</description>
		<year>1993</year>
		<publisher>Hudson</publisher>
		<rom name="pc genjin 3 - pithecanthropus computerurus (taikenban) (japan).pce" size="786432" crc="6f6ed301" sha1="55515655a818c0f2e1aa3b76b87022f125b915db" />
	</machine>
	<machine name="pcgenj3">
		<description>PC Genjin 3 - Pithecanthropus Computerurus</description>
		<year>1993</year>
		<publisher>Hudson</publisher>
		<rom name="pc genjin 3 - pithecanthropus computerurus (japan).pce" size="1048576" crc="a170b60e" sha1="201aaeafccc9247cf25fd6661c5798aabcc7b329" />
	</machine>
	<machine name="pcgenj">
		<description>PC Genjin - Pithecanthropus Computerurus</description>
		<year>1989</year>
		<publisher>Hudson</publisher>
		<rom name="pc genjin - pithecanthropus computerurus (japan).pce" size="393216" crc="2cb5cd55" sha1="40fab9ea76d94d5569a977b1eb5a1dfb54978485" />
	</machine>
	<machine name="pcgenja">
		<description>PC Genjin - Pithecanthropus Computerurus (alt)</description>
		<year>1989</year>
		<publisher>Hudson</publisher>
		<rom name="pc genjin - pithecanthropus computerurus (japan) [a].pce" size="393216" crc="67b35e6e" sha1="2c36256e77e74d5528366d35f0a55c45bc37d5a5" />
	</machine>
	<machine name="pcpachi">
		<description>PC Pachi-slot</description>
		<year>1992</year>
		<publisher>Game Express</publisher>
		<rom name="pc pachi-slot (japan).pce" size="524288" crc="0aa88f33" sha1="6d0c8ffc7071d5a25ed6f3ee1325fe021ead6f89" />
	</machine>
	<machine name="pdrift1">
		<description>Power Drift (alt)</description>
		<year>1990</year>
		<publisher>Asmik</publisher>
		<rom name="power drift (japan) [a].pce" size="524288" crc="99e6d988" sha1="d5277a014b98d93abd29b35eafdf1a8ee28a1ff8" />
	</machine>
	<machine name="pdrift">
		<description>Power Drift</description>
		<year>1990</year>
		<publisher>Asmik</publisher>
		<rom name="power drift (japan).pce" size="524288" crc="25e0f6e9" sha1="1ffe1111a570b0cca256a356965fd6cdf7bcf2e9" />
	</machine>
	<machine name="pgolf">
		<description>Power Golf</description>
		<year>1989</year>
		<publisher>Hudson</publisher>
		<rom name="power golf (japan).pce" size="393216" crc="ea324f07" sha1="ff0a18094daecd56091f04f76b35551c303520b9" />
	</machine>
	<machine name="pleag2">
		<description>Power League II</description>
		<year>1989</year>
		<publisher>Hudson</publisher>
		<rom name="power league ii (japan).pce" size="393216" crc="c5fdfa89" sha1="2d176bd9efcf1576646e8889768ef8c6662ee216" />
	</machine>
	<machine name="pleag3">
		<description>Power League III</description>
		<year>1990</year>
		<publisher>Hudson</publisher>
		<rom name="power league iii (japan).pce" size="393216" crc="8aa4b220" sha1="e6526db07c2de857ccf9b997e18ccfab73087133" />
	</machine>
	<machine name="pleag4">
		<description>Power League IV</description>
		<year>1991</year>
		<publisher>Hudson</publisher>
		<rom name="power league iv (japan).pce" size="524288" crc="30cc3563" sha1="a21825a19bef0a4d7847f72b4a00acd74a53ebb8" />
	</machine>
	<machine name="pleag5">
		<description>Power League V</description>
		<year>1992</year>
		<publisher>Hudson</publisher>
		<rom name="power league v (japan).pce" size="786432" crc="8b61e029" sha1="6e94fa53d715d7c7ee26d49ea9a6b70005894e03" />
	</machine>
	<machine name="pleag93">
		<description>Power League '93</description>
		<year>1993</year>
		<publisher>Hudson</publisher>
		<rom name="power league '93 (japan).pce" size="786432" crc="7d3e6f33" sha1="0e710ee789206baceec43df7f24a8e80bdbc7154" />
	</machine>
	<machine name="pleagas">
		<description>Power League (All Star Version)</description>
		<year>19??</year>
		<publisher>Hudson</publisher>
		<rom name="power league (all star version) (japan).pce" size="262144" crc="04a85769" sha1="3b66b7273e7b04cdb16d6e333e764f9462dd8f26" />
	</machine>
	<machine name="pleague">
		<description>Power League</description>
		<year>1988</year>
		<publisher>Hudson</publisher>
		<rom name="power league (japan).pce" size="262144" crc="69180984" sha1="4e50a6c422b4d8c8ea0cce64e5acca7bf13adaf6" />
	</machine>
	<machine name="populous1">
		<description>Populous (alt)</description>
		<year>1991</year>
		<publisher>Hudson</publisher>
		<rom name="populous (japan) [a].pce" size="524288" crc="0a9ade99" sha1="8e021703241c20ebd2a40ee55788c3a5fc4b8592" />
	</machine>
	<machine name="populous">
		<description>Populous</description>
		<year>1991</year>
		<publisher>Hudson</publisher>
		<rom name="populous (japan).pce" size="524288" crc="083c956a" sha1="4912ccc31bdd45ef9483ea345bbe4c4ff2d70779" />
	</machine>
	<machine name="power11">
		<description>Power Eleven</description>
		<year>1991</year>
		<publisher>Hudson</publisher>
		<rom name="power eleven (japan).pce" size="393216" crc="3e647d8b" sha1="f132948117d3135ec8d5d74eaac8d965e6676fb4" />
	</machine>
	<machine name="powergat">
		<description>Power Gate</description>
		<year>1991</year>
		<publisher>Pack-In-Video</publisher>
		<rom name="power gate (japan).pce" size="262144" crc="be8b6e3b" sha1="ba5b53a1561a2ecf6bd6aec18a9db34c211c05ea" />
	</machine>
	<machine name="proyak89">
		<description>Kore ga Pro Yakyuu '89</description>
		<year>1989</year>
		<publisher>Intec</publisher>
		<rom name="kore ga pro yakyuu '89 (japan).pce" size="262144" crc="44f60137" sha1="4f506b4aac531bfdec9a7b7736efa2656be06f62" />
	</machine>
	<machine name="proyak90">
		<description>Kore ga Pro Yakyuu '90</description>
		<year>1990</year>
		<publisher>Intec</publisher>
		<rom name="kore ga pro yakyuu '90 (japan).pce" size="262144" crc="1772b229" sha1="a55d38119e533c035077e49947fce7c0b9f10882" />
	</machine>
	<machine name="proyak91">
		<description>Pro Yakyuu World Stadium '91</description>
		<year>1991</year>
		<publisher>Namcot</publisher>
		<rom name="pro yakyuu world stadium '91 (japan).pce" size="262144" crc="66b167a9" sha1="6b76e9cc10a812c15631450b617ea3719fdcdc16" />
	</machine>
	<machine name="proyak">
		<description>Pro Yakyuu World Stadium</description>
		<year>1988</year>
		<publisher>Namcot</publisher>
		<rom name="pro yakyuu world stadium (japan).pce" size="262144" crc="34e089a9" sha1="0309ba1acc4955e582457fd3fcc4ea8e0abf1264" />
	</machine>
	<machine name="psports">
		<description>Power Sports</description>
		<year>1992</year>
		<publisher>Hudson</publisher>
		<rom name="power sports (japan).pce" size="524288" crc="29eec024" sha1="dfb30bc069e97c72f051fc0ab237607187d4a52e" />
	</machine>
	<machine name="psychas">
		<description>Psycho Chaser</description>
		<year>1990</year>
		<publisher>Naxat</publisher>
		<rom name="psycho chaser (japan).pce" size="262144" crc="03883ee8" sha1="753fc6f1aa16770c87cc12967a43e951a7b1ec83" />
	</machine>
	<machine name="ptennis">
		<description>Power Tennis</description>
		<year>1993</year>
		<publisher>Hudson</publisher>
		<rom name="power tennis (japan).pce" size="524288" crc="8def5aa1" sha1="eef562022a9399586dd4278d7877e408c19b47dd" />
	</machine>
	<machine name="ptennwc">
		<description>Pro Tennis World Court</description>
		<year>1988</year>
		<publisher>Namcot</publisher>
		<rom name="pro tennis world court (japan).pce" size="262144" crc="11a36745" sha1="1330fe108135e63acf8ff8938b38ca7b2b5f6af0" />
	</machine>
	<machine name="puzzlboy">
		<description>Puzzle Boy</description>
		<year>1991</year>
		<publisher>Nihon Telenet</publisher>
		<rom name="puzzle boy (japan).pce" size="262144" crc="faa6e187" sha1="f3d87e780683cd1873287069f4758581bb848935" />
	</machine>
	<machine name="puzznic">
		<description>Puzznic</description>
		<year>1990</year>
		<publisher>Taito</publisher>
		<rom name="puzznic (japan).pce" size="262144" crc="965c95b3" sha1="3906d644f5901e6d2e732cbd0a6dd0d38a29486b" />
	</machine>
	<machine name="quizts">
		<description>Quiz Toukou Shashin</description>
		<year>19??</year>
		<publisher>Game Express</publisher>
		<rom name="quiz toukou shashin (japan).pce" size="1048576" crc="f2e6856d" sha1="6b5d8e4b007de8a9b59d6a87802874f515cd1ae0" />
	</machine>
	<machine name="rabiolep">
		<description>Rabio Lepus Special</description>
		<year>1990</year>
		<publisher>Video System</publisher>
		<rom name="rabio lepus special (japan).pce" size="393216" crc="d8373de6" sha1="ebd12a22e2d139a904b8aff535787abc128ad61a" />
	</machine>
	<machine name="racindam">
		<description>Racing Damashii</description>
		<year>1991</year>
		<publisher>Irem</publisher>
		<rom name="racing damashii (japan).pce" size="524288" crc="3e79734c" sha1="8e558b47599a36d78d319e0dcd2e5136564df074" />
	</machine>
	<machine name="raiden">
		<description>Raiden</description>
		<year>1991</year>
		<publisher>Hudson</publisher>
		<rom name="raiden (japan).pce" size="786432" crc="850829f2" sha1="cef25446294884053442a4214434d7d97319ddca" />
	</machine>
	<machine name="rastan2">
		<description>Rastan Saga II</description>
		<year>1990</year>
		<publisher>Taito</publisher>
		<rom name="rastan saga ii (japan).pce" size="393216" crc="00c38e69" sha1="cf06ba4d1bd31ebd69f0415ae52848f752ec8f6b" />
	</machine>
	<machine name="rockon">
		<description>Rock-on</description>
		<year>1989</year>
		<publisher>Big Club</publisher>
		<rom name="rock-on (japan).pce" size="393216" crc="2fd65312" sha1="19a7744bc8355076f481446978f49175dbd132b9" />
	</machine>
	<machine name="rtypep1">
		<description>R-Type Part-1</description>
		<year>1988</year>
		<publisher>Hudson</publisher>
		<rom name="r-type part-1 (japan).pce" size="262144" crc="cec3d28a" sha1="1170c63839fb94c754d07c4f6f49ad2de6666668" />
	</machine>
	<machine name="rtypep2a">
		<description>R-Type Part-2</description>
		<year>1988</year>
		<publisher>Hudson</publisher>
		<rom name="r-type part-2 (japan).pce" size="262144" crc="f207ecae" sha1="7667dce9f6a09f8197efe0718e476b48579760d6" />
	</machine>
	<machine name="rtypep2">
		<description>R-Type Part-2 (v1.1)</description>
		<year>1988</year>
		<publisher>Hudson</publisher>
		<rom name="r-type part-2 (japan) (v1.1).pce" size="262144" crc="417b961d" sha1="198eb4e62a1a0e591c1505ef188e74eff8415e0a" />
	</machine>
	<machine name="ryukyu">
		<description>Ryuukyuu</description>
		<year>1990</year>
		<publisher>Face</publisher>
		<rom name="ryukyu (japan).pce" size="262144" crc="91e6896f" sha1="2c9451619acb491eff2ed20bffe389b9261ba651" />
	</machine>
	<machine name="sadaki7">
		<description>Sadakichi 7 Series - Hideyoshi no Ougon</description>
		<year>1988</year>
		<publisher>Hudson</publisher>
		<rom name="sadakichi 7 series - hideyoshi no ougon (japan).pce" size="262144" crc="f999356f" sha1="a629408efcc607a5385d81a8fe15f77e6a721ddd" />
	</machine>
	<machine name="saigonin">
		<description>Saigo no Nindou - Ninja Spirit</description>
		<year>1990</year>
		<publisher>Irem</publisher>
		<rom name="saigo no nindou - ninja spirit (japan).pce" size="524288" crc="0590a156" sha1="14fc48758d658413f952a0b4f9465137164bdacc" />
	</machine>
	<machine name="salamand">
		<description>Salamander</description>
		<year>1991</year>
		<publisher>Konami</publisher>
		<rom name="salamander (japan).pce" size="262144" crc="faecce20" sha1="a24e3a4ff36ec9fffd5ea1f4c6b526f61f842584" />
	</machine>
	<machine name="scdsys">
		<description>CD-ROM² Super System Card (v3.0)</description>
		<year>19??</year>
		<publisher>Hudson</publisher>
		<rom name="[cd] super cd-rom system (japan) (v3.0).pce" size="262144" crc="6d9a73ef" sha1="79f5ff55dd10187c7fd7b8daab0b3ffbd1f56a2c" />
	</machine>
	<machine name="sci">
		<description>Special Criminal Investigation</description>
		<year>1991</year>
		<publisher>Taito</publisher>
		<rom name="special criminal investigation (japan).pce" size="524288" crc="09a0bfcc" sha1="8d18aea811d752d24cc00f20d2c6ced67df1efa9" />
	</machine>
	<machine name="sdragon">
		<description>Tenseiryuu - Saint Dragon</description>
		<year>1990</year>
		<publisher>Irem</publisher>
		<rom name="tenseiryuu - saint dragon (japan).pce" size="393216" crc="2e278ccb" sha1="a9637a5efeb555426a44ae1cc86ed25a9520759d" />
	</machine>
	<machine name="sekigaha">
		<description>Sekigahara</description>
		<year>1990</year>
		<publisher>Tonkin House</publisher>
		<rom name="sekigahara (japan).pce" size="524288" crc="2e955051" sha1="aefa660f6ff5845664b455e0c75e212733d45c06" />
	</machine>
	<machine name="sengokmj">
		<description>Sengoku Mahjong</description>
		<year>1988</year>
		<publisher>Hudson</publisher>
		<rom name="sengoku mahjong (japan).pce" size="262144" crc="90e6bf49" sha1="b0be49af6275179ff0d5a44acbcdd4c6f2c55a07" />
	</machine>
	<machine name="sf2ce">
		<description>Street Fighter II' - Champion Edition</description>
		<year>1993</year>
		<publisher>NEC Home Electronics</publisher>
		<rom name="street fighter ii' - champion edition (japan).pce" size="2621440" crc="d15cb6bb" sha1="e757ecdf857803cb46cdf37ecf4596f6eaccdd76" />
	</machine>
	<machine name="shanghai">
		<description>Shanghai</description>
		<year>1987</year>
		<publisher>Hudson</publisher>
		<rom name="shanghai (japan).pce" size="131072" crc="6923d736" sha1="11311390c11f4b72f5e07d2527039a7560405501" />
	</machine>
	<machine name="sharrier">
		<description>Space Harrier</description>
		<year>1988</year>
		<publisher>NEC</publisher>
		<rom name="space harrier (japan).pce" size="524288" crc="64580427" sha1="b59ccab8f7e73d4a9b29ccd8befb78cbcd491fa4" />
	</machine>
	<machine name="shingen1">
		<description>Takeda Shingen (alt)</description>
		<year>1989</year>
		<publisher>Aicom</publisher>
		<rom name="takeda shingen (japan) [a].pce" size="262144" crc="df7af71c" sha1="1d662df0936971e21b702633a8c75844753911c9" />
	</machine>
	<machine name="shingen">
		<description>Takeda Shingen</description>
		<year>1989</year>
		<publisher>Aicom</publisher>
		<rom name="takeda shingen (japan).pce" size="262144" crc="f022be13" sha1="902202b2990b1737db3ab4d7db801715d54eb814" />
	</machine>
	<machine name="shinobi">
		<description>Shinobi</description>
		<year>1989</year>
		<publisher>Asmik</publisher>
		<rom name="shinobi (japan).pce" size="393216" crc="bc655cf3" sha1="c219f8477dc2b34b53c25a419332595835d1f5ec" />
	</machine>
	<machine name="shiryo">
		<description>Shiryou Sensen</description>
		<year>1989</year>
		<publisher>Victor Interactive Software</publisher>
		<rom name="shiryou sensen (japan).pce" size="262144" crc="469a0fdf" sha1="8e2510d9930d0e7d0a13bcc9d5ded32f6eed8617" />
	</machine>
	<machine name="shogisi">
		<description>Shougi Shodan Icchokusen</description>
		<year>1990</year>
		<publisher>Home Data</publisher>
		<rom name="shougi shodan icchokusen (japan).pce" size="262144" crc="23ec8970" sha1="af992d6c74266366c4dacdde258f91cb0056d3b9" />
	</machine>
	<machine name="shogism">
		<description>Shougi Shoshinsha Muyou</description>
		<year>1991</year>
		<publisher>Home Data</publisher>
		<rom name="shougi shoshinsha muyou (japan).pce" size="262144" crc="457f2bc4" sha1="cfeaf0af946b6f168a919687528264db7f448f3c" />
	</machine>
	<machine name="shubibi2">
		<description>Kaizou Choujin Shubibinman 2 - Aratanaru Teki</description>
		<year>1991</year>
		<publisher>Masaya</publisher>
		<rom name="kaizou choujin shubibinman 2 - aratanaru teki (japan).pce" size="524288" crc="109ba474" sha1="9c6fc53a92adead994d9b44afa92f34eebee05bb" />
	</machine>
	<machine name="shubibi">
		<description>Kaizou Choujin Shubibinman</description>
		<year>1989</year>
		<publisher>NCS</publisher>
		<rom name="kaizou choujin shubibinman (japan).pce" size="262144" crc="a9084d6e" sha1="4db72b3a934e6255135ebc0533f900e1d5d828c8" />
	</machine>
	<machine name="sidearms">
		<description>Side Arms - Hyper Dyne</description>
		<year>1989</year>
		<publisher>NEC</publisher>
		<rom name="sidearms - hyper dyne (japan).pce" size="262144" crc="e5e7b8b7" sha1="b732b3485bd8841d3571221170b04b7f699e9109" />
	</machine>
	<machine name="silentd">
		<description>Silent Debuggers</description>
		<year>1991</year>
		<publisher>Data East</publisher>
		<rom name="silent debuggers (japan).pce" size="524288" crc="616ea179" sha1="9101f738a37c9fcbc69308449cdfb94c928f64c6" />
	</machine>
	<machine name="sindibad">
		<description>Sindibad Chitei no Dai Makyuu</description>
		<year>1990</year>
		<publisher>IGS</publisher>
		<rom name="sindibad chitei no dai makyuu (japan).pce" size="393216" crc="b5c4eebd" sha1="6d99d2e3acac7399afbeeb1acf108ff96703cc47" />
	</machine>
	<machine name="skweek">
		<description>Skweek</description>
		<year>1991</year>
		<publisher>Victor Interactive Software</publisher>
		<rom name="skweek (japan).pce" size="262144" crc="4d539c9f" sha1="3436b48a9c748269f6ae65e40c9115a27321d440" />
	</machine>
	<machine name="smcrush">
		<description>Super Metal Crusher</description>
		<year>1991</year>
		<publisher>Pack-In-Video</publisher>
		<rom name="super metal crusher (japan).pce" size="262144" crc="56488b36" sha1="6050eb365dcc42b90e8ddacf44685d72744ab4f0" />
	</machine>
	<machine name="smomo2">
		<description>Super Momotarou Dentetsu II</description>
		<year>1991</year>
		<publisher>Hudson</publisher>
		<rom name="super momotarou dentetsu ii (japan).pce" size="786432" crc="2bc023fc" sha1="a9e874453d18738d63523ace2419b7cd95a381a7" />
	</machine>
	<machine name="smomo">
		<description>Super Momotarou Dentetsu</description>
		<year>1989</year>
		<publisher>Hudson</publisher>
		<rom name="super momotarou dentetsu (japan).pce" size="393216" crc="3eb5304a" sha1="353a1ff7997df5d7be6ee03f1157fd746939ed61" />
	</machine>
	<machine name="sokoban">
		<description>Sokoban World</description>
		<year>1990</year>
		<publisher>Media Rings Corporation</publisher>
		<rom name="soukoban world (japan).pce" size="131072" crc="fb37ddc4" sha1="89899202fe2a7607f9e5f2ab1b29280f3d7d5aef" />
	</machine>
	<machine name="soldblad">
		<description>Soldier Blade</description>
		<year>1992</year>
		<publisher>Hudson</publisher>
		<rom name="soldier blade (japan).pce" size="524288" crc="8420b12b" sha1="bb6259ecfee3cc28ddbf1b1c1416f281ecccbe31" />
	</machine>
	<machine name="soldblas">
		<description>Soldier Blade Special - Caravan Stage</description>
		<year>19??</year>
		<publisher>Hudson</publisher>
		<rom name="soldier blade special - caravan stage (japan).pce" size="524288" crc="f39f38ed" sha1="328a85924778d742cc5b191ac60d79a7ed9b0620" />
	</machine>
	<machine name="sonson2">
		<description>Son Son II</description>
		<year>1989</year>
		<publisher>NEC</publisher>
		<rom name="son son ii (japan).pce" size="262144" crc="d7921df2" sha1="51aa9b47aa5f68102989885a1b92bb6b563ffe3a" />
	</machine>
	<machine name="spaceinv">
		<description>Space Invaders - Fukkatsu no Hi</description>
		<year>1990</year>
		<publisher>Taito</publisher>
		<rom name="space invaders - fukkatsu no hi (japan).pce" size="262144" crc="99496db3" sha1="cf6a4ef91b3eebe81bb6af55ed9ef6dd816d1765" />
	</machine>
	<machine name="spinpair">
		<description>Spin Pair</description>
		<year>1990</year>
		<publisher>Media Rings Corporation</publisher>
		<rom name="spin pair (japan).pce" size="262144" crc="1c6ff459" sha1="a903a3e3a55b1fd9064efa668bcea53055c12682" />
	</machine>
	<machine name="spirwave">
		<description>Spiral Wave</description>
		<year>1991</year>
		<publisher>Media Rings Corporation</publisher>
		<rom name="spiral wave (japan).pce" size="524288" crc="a5290dd0" sha1="83ad9abe6469fa1a298e5cc059914ac0e92be209" />
	</machine>
	<machine name="splatth">
		<description>Splatterhouse</description>
		<year>1990</year>
		<publisher>Namcot</publisher>
		<rom name="splatterhouse (japan).pce" size="524288" crc="6b319457" sha1="b0bdbb7729d775496581dc3141c4447614aaac46" />
	</machine>
	<machine name="sssoldr">
		<description>Super Star Soldier</description>
		<year>1990</year>
		<publisher>Hudson</publisher>
		<rom name="super star soldier (japan).pce" size="524288" crc="5d0e3105" sha1="4220516a17bc32a3f68ed51ef2af63e496e79f7d" />
	</machine>
	<machine name="stratego">
		<description>Stratego</description>
		<year>1992</year>
		<publisher>Victor Interactive Software</publisher>
		<rom name="stratego (japan).pce" size="262144" crc="727f4656" sha1="cb67d9cf50cbef0e3b455409bc0a4f81ec57da99" />
	</machine>
	<machine name="stripf2">
		<description>Strip Fighter II</description>
		<year>19??</year>
		<publisher>Game Express</publisher>
		<rom name="strip fighter ii (japan).pce" size="1048576" crc="d6fc51ce" sha1="8dd63c3c499261af9ea43fcdd23066b0140e3ea1" />
	</machine>
	<machine name="susano">
		<description>Susanoo Densetsu</description>
		<year>1989</year>
		<publisher>Hudson</publisher>
		<rom name="susanoo densetsu (japan).pce" size="524288" crc="cf73d8fc" sha1="43853c5622992dfdc6844376f61b8998e44e2eaf" />
	</machine>
	<machine name="svolley">
		<description>Super Volleyball</description>
		<year>1990</year>
		<publisher>Video System</publisher>
		<rom name="super volleyball (japan).pce" size="262144" crc="ce2e4f9f" sha1="46dd4acebe25de38f28e56cf149b24b42f3aef31" />
	</machine>
	<machine name="takameib">
		<description>Takahashi Meijin no Shin Boukenjima</description>
		<year>1992</year>
		<publisher>Hudson</publisher>
		<rom name="takahashi meijin no shin boukenjima (japan).pce" size="524288" crc="e415ea19" sha1="ab179fc81694676f57d0ce2e0834c875f36271b0" />
	</machine>
	<machine name="tatsujin">
		<description>Tatsujin</description>
		<year>1992</year>
		<publisher>Taito</publisher>
		<rom name="tatsujin (japan).pce" size="524288" crc="a6088275" sha1="dda768075fbf8c0624e2c1f217b1092513b1c942" />
	</machine>
	<machine name="tatsujinp">
		<description>Tatsujin (prototype)</description>
		<year>1992</year>
		<publisher>Taito</publisher>
		<rom name="tatsujin (japan) (proto).pce" size="524288" crc="c1b26659" sha1="c36fb68b7fda1e4e1d021f6ae00522c9832bd225" />
	</machine>
	<machine name="tatsunok">
		<description>Tatsu No Ko Fighter</description>
		<year>1989</year>
		<publisher>Tonkin House</publisher>
		<rom name="tatsunoko fighter (japan).pce" size="262144" crc="eeb6dd43" sha1="f0de077362365d8216eeba0f89cec9cae4cdc132" />
	</machine>
	<machine name="tblade">
		<description>Thunder Blade</description>
		<year>1990</year>
		<publisher>NEC Avenue</publisher>
		<rom name="thunder blade (japan).pce" size="524288" crc="ddc3e809" sha1="553f8026dd68e85cd17855adbf920b3971acfdc4" />
	</machine>
	<machine name="tennokoe">
		<description>Tennokoe Bank</description>
		<year>1991</year>
		<publisher>Hudson</publisher>
		<rom name="tennokoe bank (japan).pce" size="131072" crc="3b3808bd" sha1="8ade1c698e0cb96ce3ed01986c7e5268aa5a1451" />
	</machine>
	<machine name="terracr2">
		<description>Terra Cresta II - Mandoraa no Gyakushuu</description>
		<year>1992</year>
		<publisher>Nihon Bussan</publisher>
		<rom name="terra cresta ii - mandoraa no gyakushuu (japan).pce" size="524288" crc="1b2d0077" sha1="c58d3ea8df6cb518349d431d6b3d6fd2c14898ec" />
	</machine>
	<machine name="timcrus2">
		<description>Time Cruise II</description>
		<year>1991</year>
		<publisher>Face</publisher>
		<rom name="time cruise ii (japan).pce" size="524288" crc="cfec1d6a" sha1="84bf83124a77ff67aaa0ea3f34ad9edbb755454d" />
	</machine>
	<machine name="titan">
		<description>Titan</description>
		<year>1991</year>
		<publisher>Naxat</publisher>
		<rom name="titan (japan).pce" size="262144" crc="d20f382f" sha1="7d12a65453c8d3d539104904a9a1eb9e429f9ab4" />
	</machine>
	<machine name="tnzs">
		<description>The New Zealand Story</description>
		<year>1990</year>
		<publisher>Taito</publisher>
		<rom name="new zealand story, the (japan).pce" size="393216" crc="8e4d75a8" sha1="cda9acea9cae4899af35b6c49b9ed449c240af16" />
	</machine>
	<machine name="toiletk">
		<description>Toilet Kids</description>
		<year>1992</year>
		<publisher>Media Rings Corporation</publisher>
		<rom name="toilet kids (japan).pce" size="524288" crc="53b7784b" sha1="1148ec489899928592212ceac61c83cbc67751cb" />
	</machine>
	<machine name="toramich">
		<description>Tora e no Michi</description>
		<year>1990</year>
		<publisher>Victor Entertainment</publisher>
		<rom name="tora e no michi (japan).pce" size="393216" crc="82ae3b16" sha1="ea66f8c1be62e853b72f93a3a1e3b597356ae62f" />
	</machine>
	<machine name="toyshopb">
		<description>Toy Shop Boys</description>
		<year>1990</year>
		<publisher>Victor</publisher>
		<rom name="toy shop boys (japan).pce" size="262144" crc="97c5ee9a" sha1="d552223399ff54c3664a5a06fc620ffb717cea57" />
	</machine>
	<machine name="tricky">
		<description>Tricky</description>
		<year>1991</year>
		<publisher>IGS</publisher>
		<rom name="tricky (japan).pce" size="262144" crc="3aea2f8f" sha1="009e0ea4203bab968cea3cd9428c633ce2c5c26e" />
	</machine>
	<machine name="tsuppari">
		<description>Tsuppari Oozumou - Heisei Ban</description>
		<year>1993</year>
		<publisher>Naxat</publisher>
		<rom name="tsuppari oozumou - heisei ban (japan).pce" size="262144" crc="61a6e210" sha1="24df2dfec320b5dd04cf3d01cc586954bd33f72d" />
	</machine>
	<machine name="tvbasket">
		<description>TV Sports Basketball</description>
		<year>1993</year>
		<publisher>Victor Interactive Software</publisher>
		<rom name="tv sports basketball (japan).pce" size="524288" crc="10b60601" sha1="a4b8766db8acc6e8f76772b278609f80e55af67f" />
	</machine>
	<machine name="tvfootbl">
		<description>TV Sports Football</description>
		<year>1991</year>
		<publisher>Victor Interactive Software</publisher>
		<rom name="tv sports football (japan).pce" size="393216" crc="968d908a" sha1="2ba8e2da6e2aa26722cdc5f1646163444b2bb98f" />
	</machine>
	<machine name="tvhockey">
		<description>TV Sports Hockey</description>
		<year>1993</year>
		<publisher>Victor Interactive Software</publisher>
		<rom name="tv sports hockey (japan).pce" size="393216" crc="e7529890" sha1="7ef8bc6e42c4bf023802a659c7856670dae02449" />
	</machine>
	<machine name="twinbee">
		<description>Detana!! Twinbee</description>
		<year>1992</year>
		<publisher>Konami</publisher>
		<rom name="detana twinbee (japan).pce" size="524288" crc="5cf59d80" sha1="e1d07a2f71c695b53755bade6fe81e46e4c4828c" />
	</machine>
	<machine name="usaprobs">
		<description>USA Pro Basketball</description>
		<year>1989</year>
		<publisher>Aicom</publisher>
		<rom name="usa pro basketball (japan).pce" size="262144" crc="1cad4b7f" sha1="62f3e0c56d22c015bea15fe04cd16fae380fefcd" />
	</machine>
	<machine name="valkyrie">
		<description>Walkuere no Densetsu</description>
		<year>1990</year>
		<publisher>Namcot</publisher>
		<rom name="walkuere no densetsu (japan).pce" size="524288" crc="a3303978" sha1="2054898ae28f962d2e20cdaca62e8b88e932f304" />
	</machine>
	<machine name="veigues">
		<description>Veigues - Tactical Gladiator</description>
		<year>1990</year>
		<publisher>Victor Entertainment</publisher>
		<rom name="veigues - tactical gladiator (japan).pce" size="393216" crc="04188c5c" sha1="da66c085ecbb317cb160cb192142a3d2c044f26f" />
	</machine>
	<machine name="victoryr">
		<description>Victory Run</description>
		<year>1987</year>
		<publisher>Hudson</publisher>
		<rom name="victory run (japan).pce" size="262144" crc="03e28cff" sha1="68044c5fb23f27697ff88657a22ef60ff6d61396" />
	</machine>
	<machine name="vigilant">
		<description>Vigilante</description>
		<year>1989</year>
		<publisher>Irem</publisher>
		<rom name="vigilante (japan).pce" size="393216" crc="e4124fe0" sha1="a43ddb6b9d70c7597788abd363b5df719b70bc46" />
	</machine>
	<machine name="violents">
		<description>Violent Soldier</description>
		<year>1990</year>
		<publisher>IGS</publisher>
		<rom name="violent soldier (japan).pce" size="393216" crc="1bc36b36" sha1="76581fe7acb707b1e5bab2ac27cd27e3ed06078a" />
	</machine>
	<machine name="volfied">
		<description>Volfied</description>
		<year>1989</year>
		<publisher>Taito</publisher>
		<rom name="volfied (japan).pce" size="393216" crc="ad226f30" sha1="0ecee557815b93fc37f2f5675c2c01c77ef8569e" />
	</machine>
	<machine name="waiwaimj">
		<description>Wai Wai Mahjong - Yukaina Janyuu Tachi</description>
		<year>1989</year>
		<publisher>Video System</publisher>
		<rom name="wai wai mahjong - yukaina janyuu tachi (japan).pce" size="262144" crc="a2a0776e" sha1="8f478a023a97b0979232f1e296bbf0a6c0b2ef8b" />
	</machine>
	<machine name="wallaby">
		<description>Wallaby!! - Usagi no Kuni no Kangaroo Race</description>
		<year>1990</year>
		<publisher>Masaya</publisher>
		<rom name="wallaby - usagi no kuni no kangaroo race (japan).pce" size="393216" crc="0112d0c7" sha1="03ad5a8b2bb65eabebe73c1e2ca1e1846cc172bf" />
	</machine>
	<machine name="wataru">
		<description>Mashin Eiyuuden Wataru</description>
		<year>1988</year>
		<publisher>Hudson</publisher>
		<rom name="majin eiyuu den wataru (japan).pce" size="262144" crc="2f8935aa" sha1="59db3e9d69cf34f76b6cb599d6c4fe6999162532" />
	</machine>
	<machine name="wbeach">
		<description>World Beach Volley</description>
		<year>1990</year>
		<publisher>IGS</publisher>
		<rom name="world beach volley (japan).pce" size="262144" crc="be850530" sha1="8aa42b9024820e7e503e9b9e8ac05e424643ef81" />
	</machine>
	<machine name="wcircuit">
		<description>World Circuit</description>
		<year>1991</year>
		<publisher>Namcot</publisher>
		<rom name="world circuit (japan).pce" size="262144" crc="b3eeea2e" sha1="18909a1215da66f6d16eab4251b574b86d2b748e" />
	</machine>
	<machine name="winshot">
		<description>Winning Shot</description>
		<year>1989</year>
		<publisher>Data East</publisher>
		<rom name="winning shot (japan).pce" size="262144" crc="9b5ebc58" sha1="039ff38e6221b4b7722144e85dc7c84873d7efe6" />
	</machine>
	<machine name="wjockey">
		<description>World Jockey</description>
		<year>1991</year>
		<publisher>Namcot</publisher>
		<rom name="world jockey (japan).pce" size="262144" crc="a9ab2954" sha1="9fdeb0c34ea8b8d2a09aeb476435ef9d92e75573" />
	</machine>
	<machine name="wonderm">
		<description>Wonder Momo</description>
		<year>1989</year>
		<publisher>Namcot</publisher>
		<rom name="wonder momo (japan).pce" size="262144" crc="59d07314" sha1="5af6050a0a549e73f05a2d06fd2f55a93027be5f" />
	</machine>
	<machine name="wring">
		<description>W-ring - The Double Rings</description>
		<year>1990</year>
		<publisher>Naxat</publisher>
		<rom name="w-ring - the double rings (japan).pce" size="393216" crc="be990010" sha1="95d0a95ce9f08da3f096cfdc654ba5dfeb794add" />
	</machine>
	<machine name="xevious">
		<description>Xevious - Fardraut Densetsu</description>
		<year>1990</year>
		<publisher>Namcot</publisher>
		<rom name="xevious - fardraut densetsu (japan).pce" size="262144" crc="f8f85eec" sha1="13da0500ace1957d0748b11dfaae68e40e71230e" />
	</machine>
	<machine name="xserd">
		<description>Hisou Kihei - Xserd</description>
		<year>1990</year>
		<publisher>Masaya</publisher>
		<rom name="hisou kihei - xserd (japan).pce" size="393216" crc="1cab1ee6" sha1="769acdd5a5642d17429a27d817d549c121687b01" />
	</machine>
	<machine name="xwiber">
		<description>Cross Wiber - Cyber Combat Police</description>
		<year>1990</year>
		<publisher>Face</publisher>
		<rom name="cross wiber - cyber combat police (japan).pce" size="524288" crc="2df97bd0" sha1="9eed16c7df8e00faf9758cd5987fb06dbdf99cef" />
	</machine>
	<machine name="youkaid">
		<description>Youkai Douchuuki</description>
		<year>1988</year>
		<publisher>Namcot</publisher>
		<rom name="youkai douchuuki (japan).pce" size="262144" crc="80c3f824" sha1="a258201c6258c8e108c7ce80a39c456ef9116260" />
	</machine>
	<machine name="yuyu">
		<description>Yuu Yuu Jinsei - Victory Life</description>
		<year>1988</year>
		<publisher>Hudson</publisher>
		<rom name="yuu yuu jinsei - victory life (japan).pce" size="262144" crc="c0905ca9" sha1="c59f0d5248373bc00ea19a9e4f08e461c27e5fea" />
	</machine>
	<machine name="zero4c">
		<description>Zero 4 Champ (v1.5)</description>
		<year>1991</year>
		<publisher>Media Rings Corporation</publisher>
		<rom name="zero 4 champ (japan) (v1.5).pce" size="524288" crc="b77f2e2f" sha1="2b664760931cc6011d31cae310410dab7cba2067" />
	</machine>
	<machine name="zero4ca">
		<description>Zero 4 Champ</description>
		<year>1991</year>
		<publisher>Media Rings Corporation</publisher>
		<rom name="zero 4 champ (japan).pce" size="524288" crc="ee156721" sha1="79d9878e285e426b9ca58e15249a1bc98186d4e9" />
	</machine>
	<machine name="zipang">
		<description>Zipang</description>
		<year>1990</year>
		<publisher>Pack-In-Video</publisher>
		<rom name="zipang (japan).pce" size="262144" crc="67aab7a1" sha1="7b6214df81a978ab8d73e437510f5230e83403bd" />
	</machine>
</datafile>