<?xml version="1.0" encoding="utf-8"?>
<!DOCTYPE datafile PUBLIC "-//Logiqx//DTD ROM Management Datafile//EN" "http://www.logiqx.com/Dats/datafile.dtd">
<datafile>
	<header>
		<name>pcw16</name>
		<description>Amstrad PCW16 disk images</description>
		<version>0.274</version>
		<author>Pleasuredome</author>
	</header>
	<machine name="cpm22dd">
		<description>CP/M 2.2 Program Disk (720K)</description>
		<year>1999</year>
		<publisher>John Elliott</publisher>
		<rom name="cpm 2.2 program disk 720.dsk" size="737280" crc="683b9cd9" sha1="3d2beb02d1ae2e11cb1af5238a496532ecdbd624" />
	</machine>
	<machine name="cpm22hd">
		<description>CP/M 2.2 Program Disk (1.44M)</description>
		<year>1999</year>
		<publisher>John Elliott</publisher>
		<rom name="cpm 2.2 program disk 1440.dsk" size="1474560" crc="8466fddb" sha1="30d8350df60d5ec68c97372b471573ece185a18f" />
	</machine>
	<machine name="cpm22sod">
		<description>CP/M 2.2 Start-of-day Disk</description>
		<year>1999</year>
		<publisher>John Elliott</publisher>
		<rom name="cpm 2.2 start-of-day.dsk" size="737280" crc="c46ab250" sha1="b948c48334955637630ef54400b9db815e33c8a4" />
	</machine>
	<machine name="cpm31sod">
		<description>CP/M 3.1 Start-of-day Disk</description>
		<year>1999</year>
		<publisher>John Elliott</publisher>
		<rom name="cpm 3.1 start-of-day.dsk" size="737280" crc="369938b5" sha1="8eb48ac28786cde266e02469995f4bc30db9696a" />
	</machine>
	<machine name="osrd112">
		<description>OS Rescue Disk 1.12</description>
		<year>1997</year>
		<publisher>Amstrad</publisher>
		<rom name="os rescue disk 1.12.dsk" size="1474560" crc="bb8fb2d8" sha1="623ec354522d87b038d383e0b2a622375efc0f15" />
	</machine>
</datafile>