<?xml version="1.0" encoding="utf-8"?>
<!DOCTYPE datafile PUBLIC "-//Logiqx//DTD ROM Management Datafile//EN" "http://www.logiqx.com/Dats/datafile.dtd">
<datafile>
	<header>
		<name>pixter_cart</name>
		<description>Mattel Pixter cartridges</description>
		<version>0.274</version>
		<author>Pleasuredome</author>
	</header>
	<machine name="alphafo">
		<description>Alphabet Forest</description>
		<year>2004</year>
		<publisher>Fisher-Price</publisher>
		<rom name="cs2.bin" size="4194304" crc="0cde5364" sha1="05fa5f439204e5205fdf561d081714a626bc29b5" />
	</machine>
	<machine name="clifford">
		<description>Clifford - The Big Red Dog</description>
		<year>2004</year>
		<publisher>Fisher-Price</publisher>
		<rom name="cs2.bin" size="4194304" crc="c4819349" sha1="65e8120ef7b3fc3c5aefe7e009d4864bafaee90a" />
	</machine>
	<machine name="cyberch">
		<description>Cyberchase</description>
		<year>200?</year>
		<publisher>Fisher-Price</publisher>
		<rom name="cs2.bin" size="4194304" crc="e23ff6f3" sha1="38873874c8dd50d22789fe8fc0219daca0eda0cc" />
	</machine>
	<machine name="mazespg">
		<description>Mazes, Puzzles &amp; Games</description>
		<year>2004</year>
		<publisher>Fisher-Price</publisher>
		<rom name="cs2.bin" size="2097152" crc="679d06c1" sha1="a65458d041e01d99fecf9f69527e9316c843a8ef" />
	</machine>
	<machine name="spongema">
		<description>SpongeBob SquarePants - Math Adventure</description>
		<year>2004</year>
		<publisher>Fisher-Price</publisher>
		<rom name="cs2.bin" size="4194304" crc="e5f06785" sha1="b02ece2e79eabfedb8928ce41f08a6767f05f8a3" />
	</machine>
</datafile>