<?xml version="1.0" encoding="utf-8"?>
<!DOCTYPE datafile PUBLIC "-//Logiqx//DTD ROM Management Datafile//EN" "http://www.logiqx.com/Dats/datafile.dtd">
<datafile>
	<header>
		<name>plus4_cass</name>
		<description>Commodore Plus/4 / C16 / C116 cassettes</description>
		<version>0.274</version>
		<author>Pleasuredome</author>
	</header>
	<machine name="dtstar">
		<description>Daley Thompson's Star Events</description>
		<year>1985</year>
		<publisher>Ocean</publisher>
		<rom name="dt_star_events_side1.tap" size="620778" crc="db63b2e2" sha1="400b61350103278e162a01978594313be6a0bc1d" />
		<rom name="dt_star_events_side2.tap" size="662707" crc="2acbadbc" sha1="739753b12e98628707a11039fb344009504bed2c" />
	</machine>
</datafile>