<?xml version="1.0" encoding="utf-8"?>
<!DOCTYPE datafile PUBLIC "-//Logiqx//DTD ROM Management Datafile//EN" "http://www.logiqx.com/Dats/datafile.dtd">
<datafile>
	<header>
		<name>pv1000</name>
		<description>Casio PV-1000 cartridges</description>
		<version>0.274</version>
		<author>Pleasuredome</author>
	</header>
	<machine name="aerial">
		<description>Aerial</description>
		<year>2022</year>
		<publisher>Inufuto</publisher>
		<rom name="aerial.rom" size="16384" crc="9d3ddb26" sha1="00630321eef6237501ce099655f3a09cc651d516" />
	</machine>
	<machine name="amidar">
		<description>Amidar</description>
		<year>1982</year>
		<publisher>Casio</publisher>
		<rom name="amidar.bin" size="8192" crc="c82628cc" sha1="00322d4025fef19728194442f9e06a4cccd01933" />
	</machine>
	<machine name="antiair">
		<description>AntiAir</description>
		<year>2024</year>
		<publisher>Inufuto</publisher>
		<rom name="antiair.rom" size="16384" crc="1478db1a" sha1="b0c640776dcdb79db8a7cc8b2387a443182e1036" />
	</machine>
	<machine name="ascend">
		<description>Ascend</description>
		<year>2022</year>
		<publisher>Inufuto</publisher>
		<rom name="ascend.rom" size="16384" crc="f9f52261" sha1="8e126055e89de1da6c89a81948d78e50444de395" />
	</machine>
	<machine name="battlot">
		<description>Battlot</description>
		<year>2022</year>
		<publisher>Inufuto</publisher>
		<rom name="battlot.rom" size="16384" crc="48c78955" sha1="674a054f657d99705285cc6fd81fe5c0fe507273" />
	</machine>
	<machine name="bootskell">
		<description>Bootskell</description>
		<year>2022</year>
		<publisher>Inufuto</publisher>
		<rom name="bootskell.rom" size="16384" crc="8e3222fe" sha1="454d4d8a6c7c7f5d670474e4780d82d2f8f43dee" />
	</machine>
	<machine name="cacorm">
		<description>Cacorm</description>
		<year>2022</year>
		<publisher>Inufuto</publisher>
		<rom name="cacorm.rom" size="16384" crc="adfdaf22" sha1="6e4f2c3087fed744f3995ce09c7ed95fce9ef08d" />
	</machine>
	<machine name="cavit">
		<description>Cavit</description>
		<year>2022</year>
		<publisher>Inufuto</publisher>
		<rom name="cavit.rom" size="16384" crc="e393d6db" sha1="36bc381207f145d5cf7ee4d86d80ee5b0149ca15" />
	</machine>
	<machine name="cracky">
		<description>Cracky</description>
		<year>2023</year>
		<publisher>Inufuto</publisher>
		<rom name="cracky.rom" size="16384" crc="8abdb1f5" sha1="9d2a95467705675503d0a671b3145548fb79a8f0" />
	</machine>
	<machine name="digdug">
		<description>Dig Dug</description>
		<year>1982</year>
		<publisher>Casio</publisher>
		<rom name="digdug.bin" size="16384" crc="a94f02fa" sha1="502a163c1ae88eccc7e9782261d86d4090cb41e1" />
	</machine>
	<machine name="dirtychm">
		<description>Dirty Chameleon</description>
		<year>198?</year>
		<publisher>Casio</publisher>
		<rom name="dirtychm.bin" size="8192" crc="8e7fb358" sha1="63e94cc01410aefd59b465105e701330dc13c398" />
	</machine>
	<machine name="excitemj">
		<description>Excite Mahjong</description>
		<year>1982</year>
		<publisher>Casio</publisher>
		<rom name="excitemj.bin" size="16384" crc="0d2f829c" sha1="6cc9e5d234bc1b483108ae4dc79d644802a64ef0" />
	</machine>
	<machine name="fightbug">
		<description>Fighting Bug</description>
		<year>1982</year>
		<publisher>Casio</publisher>
		<rom name="fightbug.bin" size="8192" crc="84986255" sha1="7202641a387da90323d149e2f327a5c828856556" />
	</machine>
	<machine name="guntus">
		<description>Guntus</description>
		<year>2022</year>
		<publisher>Inufuto</publisher>
		<rom name="guntus.rom" size="16384" crc="8cfe7310" sha1="e95cd6f7b7925f9b0dba33d3c58058052287071a" />
	</machine>
	<machine name="hopman">
		<description>Hopman</description>
		<year>2023</year>
		<publisher>Inufuto</publisher>
		<rom name="hopman.rom" size="16384" crc="6f72e9ff" sha1="2a07dbdfdfb614b646f2a3457c3ab6d7230d7b90" />
	</machine>
	<machine name="lift">
		<description>Lift</description>
		<year>2022</year>
		<publisher>Inufuto</publisher>
		<rom name="lift.rom" size="16384" crc="59a507c5" sha1="655f33cacbb4e927f5816b73faea4662e233b972" />
	</machine>
	<machine name="mazy">
		<description>Mazy</description>
		<year>2022</year>
		<publisher>Inufuto</publisher>
		<rom name="mazy.rom" size="16384" crc="a7aea98b" sha1="dd43677f67af8c6da80421b21461274d21c7af58" />
	</machine>
	<machine name="naugtboy">
		<description>Naughty Boy</description>
		<year>198?</year>
		<publisher>Casio</publisher>
		<rom name="naugtboy.bin" size="8192" crc="43a13e99" sha1="a72e8606b8b6c8d10050d6d7b1ff87455b623004" />
	</machine>
	<machine name="neuras">
		<description>Neuras</description>
		<year>2022</year>
		<publisher>Inufuto</publisher>
		<rom name="neuras.rom" size="16384" crc="208817d1" sha1="f69e6ac9f7cf0be9c490a79f97a047982364f341" />
	</machine>
	<machine name="osotos">
		<description>Osotos</description>
		<year>2024</year>
		<publisher>Inufuto</publisher>
		<rom name="osotos.rom" size="16384" crc="629ba7e5" sha1="fe263973a09c6c158446ded4dd91e45e201bfa41" />
	</machine>
	<machine name="pachiufo">
		<description>Pachinko - UFO</description>
		<year>1982</year>
		<publisher>Casio</publisher>
		<rom name="pchnkufo.bin" size="16384" crc="9ee981ab" sha1="d6ca45430a34ce0090ba882ade5a2268a862d4f4" />
	</machine>
	<machine name="pooyan">
		<description>Pooyan</description>
		<year>1982</year>
		<publisher>Casio</publisher>
		<rom name="pooyan.bin" size="8192" crc="bd6edc48" sha1="606b7d603da23e70012b361d7ffb53ea026f88f5" />
	</machine>
	<machine name="ruptus">
		<description>Ruptus</description>
		<year>2022</year>
		<publisher>Inufuto</publisher>
		<rom name="ruptus.rom" size="16384" crc="f616befc" sha1="a581c771470d3feec70d42d2ad4d41cc475b2f50" />
	</machine>
	<machine name="scobra">
		<description>Super Cobra</description>
		<year>1981</year>
		<publisher>Casio</publisher>
		<rom name="scobra.bin" size="8192" crc="cdffc2cd" sha1="9e748050ccb0fa948b06346d241dfcd11868e8e2" />
	</machine>
	<machine name="spcpanic">
		<description>Space Panic</description>
		<year>1981?</year>
		<publisher>Casio</publisher>
		<rom name="11-space_panic.bin" size="8192" crc="23547111" sha1="b16dbea89ba9f934a08c274d8bb6cce06da13193" />
	</machine>
	<machine name="turpin">
		<description>Turpin</description>
		<year>1981?</year>
		<publisher>Casio</publisher>
		<rom name="07-turpin.bin" size="8192" crc="a3aef98d" sha1="1f49371b0ebf4fe6c5fb606fd9744f3bb15a619b" />
	</machine>
	<machine name="tutankhm">
		<description>Tutankham</description>
		<year>1982</year>
		<publisher>Casio</publisher>
		<rom name="tutnkham.bin" size="8192" crc="a0b606d8" sha1="56efa2ab7c4a6db7b44714e46c5bf2ba71983ee8" />
	</machine>
	<machine name="warpwarp">
		<description>Warp &amp; Warp</description>
		<year>1981</year>
		<publisher>Casio</publisher>
		<rom name="warpwarp.bin" size="8192" crc="2a0d4ad9" sha1="f9ffca3a1d85b116dd92f118f9ea940bf2449db5" />
	</machine>
	<machine name="yewdow">
		<description>Yewdow</description>
		<year>2023</year>
		<publisher>Inufuto</publisher>
		<rom name="yewdow.rom" size="16384" crc="a9c8b257" sha1="3b27fbb288c866ddffd7045cf50fb9a8b078a06e" />
	</machine>
</datafile>