<?xml version="1.0" encoding="utf-8"?>
<!DOCTYPE datafile PUBLIC "-//Logiqx//DTD ROM Management Datafile//EN" "http://www.logiqx.com/Dats/datafile.dtd">
<datafile>
	<header>
		<name>radio86_cart</name>
		<description>Radio-86RK cartridges</description>
		<version>0.274</version>
		<author>Pleasuredome</author>
	</header>
	<machine name="romdisk">
		<description>ROMDISK</description>
		<year>19??</year>
		<publisher>&lt;unknown&gt;</publisher>
		<rom name="romdisk.bin" size="32768" crc="6b16fc04" sha1="8c09322ae184f4d900f1032d20b5cf3eb2f1a24b" />
	</machine>
</datafile>