<?xml version="1.0" encoding="utf-8"?>
<!DOCTYPE datafile PUBLIC "-//Logiqx//DTD ROM Management Datafile//EN" "http://www.logiqx.com/Dats/datafile.dtd">
<datafile>
	<header>
		<name>mvs_quik</name>
		<description>MultiMVS quickload</description>
		<version>0.245.22</version>
		<author>Pleasuredome</author>
	</header>
	<machine name="eightman">
		<description>Eight Man</description>
		<year>1991</year>
		<publisher>SNK</publisher>
		<rom name="eightman.7z" size="2591953" crc="d1209720" sha1="42339b27dc6b23ee135c5ea66f9a974c72dca5e2" />
	</machine>
</datafile>