<?xml version="1.0" encoding="utf-8"?>
<!DOCTYPE datafile PUBLIC "-//Logiqx//DTD ROM Management Datafile//EN" "http://www.logiqx.com/Dats/datafile.dtd">
<datafile>
	<header>
		<name>abc806_flop</name>
		<description>Luxor ABC 806 diskettes</description>
		<version>0.274</version>
		<author>Pleasuredome</author>
	</header>
	<machine name="colorful">
		<description>Colorful Animals</description>
		<year>2018</year>
		<publisher>Genesis Project</publisher>
		<rom name="colorful_animals.img" size="163840" crc="ba6ba9a1" sha1="36f9a0b814b222eb5664a87f3b52c0268dfd18c1" />
	</machine>
	<machine name="cpm30">
		<description>CP/M Plus v3.0 (v0.9)</description>
		<year>198?</year>
		<publisher>&lt;unknown&gt;</publisher>
		<rom name="cpm30_12\cpmplus3.td0" size="502129" crc="8274028c" sha1="004366ef05c8bd617433ff63df72086096ded1ce" />
		<rom name="cpm30.td0" size="297216" crc="ccf77a0c" sha1="2563cc8c93c101f616f39620b3d7759a5062f97b" status="baddump" />
	</machine>
	<machine name="graf806">
		<description>Graf806</description>
		<year>198?</year>
		<publisher>&lt;unknown&gt;</publisher>
		<rom name="graf806.td0" size="199707" crc="96e86f58" sha1="187bb2528b7cbccc9dcf96c2824b4f9cff394064" />
	</machine>
	<machine name="it100">
		<description>IT100</description>
		<year>1985</year>
		<publisher>DIAB</publisher>
		<rom name="vg100\vg100_abc.img" size="655360" crc="8eb22c63" sha1="fc3ab80cc92527861ef38622031c13d6f558336b" />
		<rom name="it100_vg100.img" size="655360" crc="aec9b42d" sha1="6798c6eca6a3cc7f44a568201878823e0883fef2" />
	</machine>
	<machine name="massyh">
		<description>Massy H</description>
		<year>198?</year>
		<publisher>Promedia Konsult</publisher>
		<rom name="disk002.img" size="1025024" crc="4147db20" sha1="46120043f9678d0b5473805fe18ce1eda969cb0a" />
		<rom name="disk003.img" size="1025024" crc="f1955516" sha1="d1fac8ec9d21d650a89b5bda2d52ce57b854b1d6" />
	</machine>
	<machine name="ord3">
		<description>Ord III v2.0</description>
		<year>198?</year>
		<publisher>unknown</publisher>
		<rom name="ordiii.img" size="655360" crc="b99cc50a" sha1="b7c7eb940c74aa89d5c154283e41ad50f9250b83" />
	</machine>
	<machine name="smallc">
		<description>Small C v2.03</description>
		<year>1988</year>
		<publisher>Stefan Gartz</publisher>
		<rom name="small_c_800.img" size="655360" crc="d7b80178" sha1="e9646fd10cc5a2759a691b1cf4fc22016c70a14f" />
	</machine>
	<machine name="tpascal">
		<description>Turbo Pascal</description>
		<year>198?</year>
		<publisher>unknown</publisher>
		<rom name="cpm_3.0.img" size="655360" crc="18895645" sha1="7f2bfc6299ce468fd678a66a1b5ef1ed4714b7f2" />
	</machine>
	<machine name="turbo">
		<description>Turbo</description>
		<year>198?</year>
		<publisher>unknown</publisher>
		<rom name="cpm_turbo.img" size="655360" crc="0813569d" sha1="4c30813fb28e817257277ebd1c555622bfc840c4" />
	</machine>
</datafile>