<?xml version="1.0" encoding="utf-8"?>
<!DOCTYPE datafile PUBLIC "-//Logiqx//DTD ROM Management Datafile//EN" "http://www.logiqx.com/Dats/datafile.dtd">
<datafile>
	<header>
		<name>abc838_flop</name>
		<description>Luxor ABC 838 diskettes</description>
		<version>0.274</version>
		<author>Pleasuredome</author>
	</header>
	<machine name="apotek">
		<description>Artikeldiskett apotekväla</description>
		<year>198?</year>
		<publisher>unknown</publisher>
		<rom name="disk004.img" size="1025024" crc="a4bab713" sha1="710bb937b2864e8c57c5825aed894034df71f17e" />
	</machine>
	<machine name="skolbas">
		<description>Skolbas</description>
		<year>198?</year>
		<publisher>unknown</publisher>
		<rom name="disk001.img" size="1025024" crc="e4362c24" sha1="54b91f3a2414da8d7319f4e34af6033a5684971f" />
	</machine>
	<machine name="sys800_8">
		<description>Systemskiva ABC800 v1.0</description>
		<year>198?</year>
		<publisher>Luxor</publisher>
		<rom name="68_29111-81.img" size="1025024" crc="12c55446" sha1="3a22e44b330db1402c1526c5783216dbdbd01a36" />
	</machine>
	<machine name="ufd63_8">
		<description>Systemskiva för UFD-DOS v6.3</description>
		<year>198?</year>
		<publisher>Luxor</publisher>
		<rom name="68_29251-81.img" size="1025024" crc="0e135afd" sha1="3fcb04839e53468b8ff02b03128cdca979b0ab28" />
	</machine>
</datafile>