<?xml version="1.0" encoding="utf-8"?>
<!DOCTYPE datafile PUBLIC "-//Logiqx//DTD ROM Management Datafile//EN" "http://www.logiqx.com/Dats/datafile.dtd">
<datafile>
	<header>
		<name>advantage</name>
		<description>NorthStar Advantage diskettes</description>
		<version>0.274</version>
		<author>Pleasuredome</author>
	</header>
	<machine name="cp80tpas">
		<description>N/S Advantage CP/M 80 / Turbo Pascal v1.0</description>
		<year>198?</year>
		<publisher>&lt;unknown&gt;</publisher>
		<rom name="cp80tpas.nsi" size="358400" crc="348900ed" sha1="e172c90b2aab61ec976feccae4dba6cc66d014af" />
	</machine>
	<machine name="cpmbasic">
		<description>North Star CP/M + Mbasic</description>
		<year>198?</year>
		<publisher>&lt;unknown&gt;</publisher>
		<rom name="cpmbasic.nsi" size="179200" crc="bc6acd16" sha1="784d100d1694d0351ea475902247682c011c8041" />
	</machine>
	<machine name="dbaseii">
		<description>dBaseII</description>
		<year>198?</year>
		<publisher>&lt;unknown&gt;</publisher>
		<rom name="dbaseii.nsi" size="358400" crc="a52c4004" sha1="28662002b47d21c8f7d526d2a6a6c08f9dde195c" />
	</machine>
	<machine name="demodiag">
		<description>Advantage Demonstration/Diagnostic Diskette 2.1.0 AQH</description>
		<year>1981</year>
		<publisher>North Star Computers</publisher>
		<rom name="demodiag.nsi" size="358400" crc="8843bb6e" sha1="5f272565cdc67da4f2574d8fc32a3b1566960818" />
	</machine>
	<machine name="dosgbasi">
		<description>North Star GBASIC NSDOS / Baud 300</description>
		<year>198?</year>
		<publisher>&lt;unknown&gt;</publisher>
		<rom name="dosgbasi.nsi" size="358400" crc="7e54582e" sha1="d21e51a1781e77298dd90868b0efbe73a6f6e438" />
	</machine>
	<machine name="fml80">
		<description>Fortran F80 / Assembler M80 / Linker L80</description>
		<year>198?</year>
		<publisher>&lt;unknown&gt;</publisher>
		<rom name="fml80.nsi" size="358400" crc="b76b47ea" sha1="d59213eaecc7dcdbb7fcd4e644dd0d905acc4ec1" />
	</machine>
	<machine name="gdos100">
		<description>NorthStar Graphics Operating System 1.0.0</description>
		<year>198?</year>
		<publisher>&lt;unknown&gt;</publisher>
		<rom name="gdos100.nsi" size="179200" crc="3cd1df54" sha1="0d387dd6024bbca795d0773706f775a247d6cbb2" />
	</machine>
	<machine name="gdos210">
		<description>NorthStar Graphics Operating System 2.1.0</description>
		<year>198?</year>
		<publisher>&lt;unknown&gt;</publisher>
		<rom name="gdos210.nsi" size="179200" crc="73bcb65a" sha1="d205b6b00416bae521f87316ab0d6b39d6cbaeb7" />
	</machine>
	<machine name="nscs10">
		<description>North Star Computer Society #10</description>
		<year>198?</year>
		<publisher>&lt;unknown&gt;</publisher>
		<rom name="nscs10.nsi" size="358400" crc="796a82f3" sha1="faaa7a854c312ace72b3b1b4f2af2a1bd871c099" />
	</machine>
	<machine name="nscs37">
		<description>North Star Computer Society #37</description>
		<year>198?</year>
		<publisher>&lt;unknown&gt;</publisher>
		<rom name="nscs37.nsi" size="358400" crc="3a66f097" sha1="54afa781adb4e3d31432ce21f2c1b30316118e78" />
	</machine>
	<machine name="nscs48">
		<description>North Star Computer Society #48</description>
		<year>198?</year>
		<publisher>&lt;unknown&gt;</publisher>
		<rom name="nscs48.nsi" size="358400" crc="f4f03324" sha1="d859d2c3f345b194180bf094aa1b8ed869aa6d92" />
	</machine>
	<machine name="nscs58">
		<description>North Star Computer Society #58</description>
		<year>198?</year>
		<publisher>&lt;unknown&gt;</publisher>
		<rom name="nscs58.nsi" size="358400" crc="4413e1aa" sha1="6a3978dc3cce8b3ba216ab817c6c3fe33b133776" />
	</machine>
	<machine name="nscs61">
		<description>North Star Computer Society #61</description>
		<year>198?</year>
		<publisher>&lt;unknown&gt;</publisher>
		<rom name="nscs61.nsi" size="358400" crc="69575594" sha1="6de69283d69a7945fc22ef0e071ae94c14814732" />
	</machine>
	<machine name="smallc">
		<description>Small C compiler</description>
		<year>198?</year>
		<publisher>&lt;unknown&gt;</publisher>
		<rom name="smallc.nsi" size="179200" crc="a34ade83" sha1="e957e2ecbaeebbcfd0adb491f867b506ef5232cd" />
	</machine>
	<machine name="wordstar">
		<description>WordStar</description>
		<year>198?</year>
		<publisher>&lt;unknown&gt;</publisher>
		<rom name="wordstar.nsi" size="358400" crc="369823ce" sha1="4d2b591f314453637835610296f33be5e31b293c" />
	</machine>
</datafile>