<?xml version="1.0" encoding="utf-8"?>
<!DOCTYPE datafile PUBLIC "-//Logiqx//DTD ROM Management Datafile//EN" "http://www.logiqx.com/Dats/datafile.dtd">
<datafile>
	<header>
		<name>altos8600</name>
		<description>Altos 8600 floppies</description>
		<version>0.274</version>
		<author>Pleasuredome</author>
	</header>
	<machine name="diag">
		<description>Altos Diagnostic Executive</description>
		<year>1982</year>
		<publisher>Altos Computer Systems</publisher>
		<rom name="cdc114dg.imd" size="272766" crc="665efeeb" sha1="a9184447c46dfa11b961928f55c92f7ea1559b41" />
	</machine>
	<machine name="xenix22b">
		<description>Xenix v2.2b</description>
		<year>1982</year>
		<publisher>Altos Computer Systems</publisher>
		<rom name="x22root.imd" size="350249" crc="8212bdaf" sha1="f156519c6ef434d517ce320c36c85869c8726248" />
	</machine>
</datafile>