<?xml version="1.0" encoding="utf-8"?>
<!DOCTYPE datafile PUBLIC "-//Logiqx//DTD ROM Management Datafile//EN" "http://www.logiqx.com/Dats/datafile.dtd">
<datafile>
	<header>
		<name>apexc_cyl</name>
		<description>APEXC Cylinder images</description>
		<version>0.274</version>
		<author>Pleasuredome</author>
	</header>
	<machine name="hello1">
		<description>Hello World 1</description>
		<year>2001</year>
		<publisher>Raphael Nabet</publisher>
		<rom name="helloworld1.apc" size="448" crc="6ae5de89" sha1="80ae963a5a4018e8f726a2bdbfdaf7d7252980da" />
	</machine>
	<machine name="hello2">
		<description>Hello World 2</description>
		<year>2001</year>
		<publisher>Raphael Nabet</publisher>
		<rom name="helloworld2.apc" size="448" crc="3cea42e3" sha1="60d40af565d21a0c7b1a3557e99efa2b6f5b4e8e" />
	</machine>
	<machine name="hello3">
		<description>Hello World 3</description>
		<year>2001</year>
		<publisher>Raphael Nabet</publisher>
		<rom name="helloworld3.apc" size="4096" crc="389ad9d6" sha1="fb5eac01dfb0e372d3dced082f68a318bf14a6e5" />
	</machine>
</datafile>