<?xml version="1.0" encoding="utf-8"?>
<!DOCTYPE datafile PUBLIC "-//Logiqx//DTD ROM Management Datafile//EN" "http://www.logiqx.com/Dats/datafile.dtd">
<datafile>
	<header>
		<name>apogee</name>
		<description>Apogee BK-01 cassettes</description>
		<version>0.274</version>
		<author>Pleasuredome</author>
	</header>
	<machine name="badroad">
		<description>BADROAD</description>
		<year>19??</year>
		<publisher>&lt;unknown&gt;</publisher>
		<rom name="badroad.rka" size="4105" crc="7126d777" sha1="1c3f93c76bec063e5ca05a6b30e85837e2501b6c" />
	</machine>
	<machine name="basgraph">
		<description>BASGRAPH</description>
		<year>19??</year>
		<publisher>&lt;unknown&gt;</publisher>
		<rom name="basgraph.rka" size="11828" crc="af1ba121" sha1="27c56d0b01d53d34028399932e851638a8b411aa" />
	</machine>
	<machine name="basmicr">
		<description>BASMICR</description>
		<year>19??</year>
		<publisher>&lt;unknown&gt;</publisher>
		<rom name="basmicr.rka" size="8200" crc="b989b2f8" sha1="9be29bb4255453cb1cb6da05ffe737cc13f18c2c" />
	</machine>
	<machine name="basmsx">
		<description>BASMSX</description>
		<year>19??</year>
		<publisher>&lt;unknown&gt;</publisher>
		<rom name="basmsx.rka" size="17786" crc="e949e6e2" sha1="363e873fc9f55791028551f418ff6f2972cd0a4f" />
	</machine>
	<machine name="basrk">
		<description>BASRK</description>
		<year>19??</year>
		<publisher>&lt;unknown&gt;</publisher>
		<rom name="basrk.rka" size="7689" crc="b29f5db1" sha1="1e009b87fa1c352425bc63b9204ccb530940c98d" />
	</machine>
	<machine name="battlesh">
		<description>BATTLESH</description>
		<year>19??</year>
		<publisher>&lt;unknown&gt;</publisher>
		<rom name="battlesh.rka" size="3361" crc="967781b6" sha1="e3ba8383e096b4f1c54ddc169024a584de2acbad" />
	</machine>
	<machine name="bdashall">
		<description>BDASHALL</description>
		<year>19??</year>
		<publisher>&lt;unknown&gt;</publisher>
		<rom name="bdashall.rka" size="23001" crc="a2420cb3" sha1="7a557eb2037861edde18895ca0b9402bf7be6e76" />
	</machine>
	<machine name="bdashfrm">
		<description>BDASHFRM</description>
		<year>19??</year>
		<publisher>&lt;unknown&gt;</publisher>
		<rom name="bdashfrm.rka" size="15497" crc="3dd7b313" sha1="c137ae1c18558b5bf5b380ce4be6426547e78c76" />
	</machine>
	<machine name="bdashsmr">
		<description>BDASHSMR</description>
		<year>19??</year>
		<publisher>&lt;unknown&gt;</publisher>
		<rom name="bdashsmr.rka" size="15497" crc="0760b44c" sha1="0b0fd32267d59f6e51eccc95c628c4c46682a475" />
	</machine>
	<machine name="bldrdash">
		<description>BLDRDASH</description>
		<year>19??</year>
		<publisher>&lt;unknown&gt;</publisher>
		<rom name="bldrdash.rka" size="16393" crc="0407c111" sha1="7aa3f00f24571d993d0aa8cb9335b25eec5929db" />
	</machine>
	<machine name="bombard">
		<description>BOMBARD</description>
		<year>19??</year>
		<publisher>&lt;unknown&gt;</publisher>
		<rom name="bombard.rka" size="4617" crc="84d17a6a" sha1="4ccf63f7411a162841473301cd3f6f04f6c4c66b" />
	</machine>
	<machine name="box">
		<description>BOX</description>
		<year>19??</year>
		<publisher>&lt;unknown&gt;</publisher>
		<rom name="box.rka" size="4105" crc="a0486df5" sha1="452f93b72b3df614b7c83cb1a0c721df7e3f60bf" />
	</machine>
	<machine name="buckrog">
		<description>BUCK_ROG</description>
		<year>19??</year>
		<publisher>&lt;unknown&gt;</publisher>
		<rom name="buck_rog.rka" size="2825" crc="35f6e7f6" sha1="9b0ac115a4786005e6251db01fc2b058cba27c01" />
	</machine>
	<machine name="chess">
		<description>CHESS</description>
		<year>19??</year>
		<publisher>&lt;unknown&gt;</publisher>
		<rom name="chess.rka" size="28938" crc="47dd5fd9" sha1="25861b791a610ee109a3b8906b82476c8f093e5f" />
	</machine>
	<machine name="chudov">
		<description>CHUDOV</description>
		<year>19??</year>
		<publisher>&lt;unknown&gt;</publisher>
		<rom name="chudov.rka" size="970" crc="69c629b4" sha1="0b43950247b7a28216cb2cbf3251555c17fefa28" />
	</machine>
	<machine name="cirk">
		<description>CIRK</description>
		<year>19??</year>
		<publisher>&lt;unknown&gt;</publisher>
		<rom name="cirk.rka" size="7689" crc="ad2f3340" sha1="90e1d0211e3821f8979faa96c2e2fa2d0de0b249" />
	</machine>
	<machine name="crocet">
		<description>CROCET</description>
		<year>19??</year>
		<publisher>&lt;unknown&gt;</publisher>
		<rom name="crocet.rka" size="19897" crc="7f01b26f" sha1="24cefc7df457bd149d360c93de6e6a76496b1f3b" />
	</machine>
	<machine name="crossfir">
		<description>CROSSFIR</description>
		<year>19??</year>
		<publisher>&lt;unknown&gt;</publisher>
		<rom name="crossfir.rka" size="11369" crc="c30f872c" sha1="8219d45c3d5b49eb28e72958fe4b14437715db2e" />
	</machine>
	<machine name="descent">
		<description>DESCENT</description>
		<year>19??</year>
		<publisher>&lt;unknown&gt;</publisher>
		<rom name="descent.rka" size="10506" crc="97215e71" sha1="9563efb3ebb582d3c4deaf04b944133c28e1bb19" />
	</machine>
	<machine name="digger">
		<description>DIGGER</description>
		<year>19??</year>
		<publisher>&lt;unknown&gt;</publisher>
		<rom name="digger.rka" size="17289" crc="b5631421" sha1="c2ff2a6fcc3abbde206a0c30ec1a755ec9ec188b" />
	</machine>
	<machine name="dumpred">
		<description>DUMPRED</description>
		<year>19??</year>
		<publisher>&lt;unknown&gt;</publisher>
		<rom name="dumpred.rka" size="3747" crc="ef6c7903" sha1="c8cd5ac95a52ffc8c8a2d99f5f879cc56c0011af" />
	</machine>
	<machine name="engl">
		<description>ENGL</description>
		<year>19??</year>
		<publisher>&lt;unknown&gt;</publisher>
		<rom name="engl.rka" size="3021" crc="1f6f47c5" sha1="badec2b38316cff4cf797445df4e496f45f91161" />
	</machine>
	<machine name="football">
		<description>FOOTBALL</description>
		<year>19??</year>
		<publisher>&lt;unknown&gt;</publisher>
		<rom name="football.rka" size="3194" crc="4f77e321" sha1="dd4cc6d515b441537a52111b74ba04ec4470bbef" />
	</machine>
	<machine name="foxhunt">
		<description>FOXHUNT</description>
		<year>19??</year>
		<publisher>&lt;unknown&gt;</publisher>
		<rom name="foxhunt.rka" size="2941" crc="3630da50" sha1="e2c1fddc643975a28cc2e09131c54ff9b41c1fcb" />
	</machine>
	<machine name="froggi15">
		<description>FROGGI15</description>
		<year>19??</year>
		<publisher>&lt;unknown&gt;</publisher>
		<rom name="froggi15.rka" size="4105" crc="82451761" sha1="045ea8786ff9187bbbeb660c49302527d8615aae" />
	</machine>
	<machine name="gonki">
		<description>GONKI</description>
		<year>19??</year>
		<publisher>&lt;unknown&gt;</publisher>
		<rom name="gonki.rka" size="29355" crc="5c5b3803" sha1="cbd66ce65e14ec35ff3443adeb1edf6c0770a17f" />
	</machine>
	<machine name="gorodki">
		<description>GORODKI</description>
		<year>19??</year>
		<publisher>&lt;unknown&gt;</publisher>
		<rom name="gorodki.rka" size="4438" crc="93aba42b" sha1="4cbf9160fbb28b7b492c1490ab0d918f350d18e0" />
	</machine>
	<machine name="graphred">
		<description>GRAPHRED</description>
		<year>19??</year>
		<publisher>&lt;unknown&gt;</publisher>
		<rom name="graphred.rka" size="5129" crc="e5b15e4c" sha1="022b72488aa0c293dc3f1d726e585c2157ce3265" />
	</machine>
	<machine name="klad">
		<description>KLAD</description>
		<year>19??</year>
		<publisher>&lt;unknown&gt;</publisher>
		<rom name="klad.rka" size="13145" crc="9b3586b6" sha1="79ce2eec3ed572ecc752b99ff1b2aead84ca977a" />
	</machine>
	<machine name="kolobok">
		<description>KOLOBOK</description>
		<year>19??</year>
		<publisher>&lt;unknown&gt;</publisher>
		<rom name="kolobok.rka" size="5196" crc="dd900dad" sha1="7242564b7da2b195f6d18b8ba479f95f2f8df92b" />
	</machine>
	<machine name="kommutat">
		<description>KOMMUTAT</description>
		<year>19??</year>
		<publisher>&lt;unknown&gt;</publisher>
		<rom name="kommutat.rka" size="16076" crc="0b1fb2b6" sha1="4983ff56e32441b5d5383fcc954e584931b43989" />
	</machine>
	<machine name="landmine">
		<description>LANDMINE</description>
		<year>19??</year>
		<publisher>&lt;unknown&gt;</publisher>
		<rom name="landmine.rka" size="3170" crc="38a1c993" sha1="07cded088f5e528296053f1b43cff47d5e5e6964" />
	</machine>
	<machine name="lestn">
		<description>LESTN</description>
		<year>19??</year>
		<publisher>&lt;unknown&gt;</publisher>
		<rom name="lestn.rka" size="7977" crc="6a23b4ac" sha1="89514d18a7f6a16a5bff471517625e63ce9f9d02" />
	</machine>
	<machine name="lestnica">
		<description>LESTNICA</description>
		<year>19??</year>
		<publisher>&lt;unknown&gt;</publisher>
		<rom name="lestnica.rka" size="1791" crc="aea86cfe" sha1="2575d3ffbdca68649e3a5d466884d2d748cc2f40" />
	</machine>
	<machine name="life1">
		<description>LIFE1</description>
		<year>19??</year>
		<publisher>&lt;unknown&gt;</publisher>
		<rom name="life1.rka" size="1546" crc="8ebebe53" sha1="27769ab12988f83c9f475f82720069bd8fc64227" />
	</machine>
	<machine name="life">
		<description>LIFE</description>
		<year>19??</year>
		<publisher>&lt;unknown&gt;</publisher>
		<rom name="life.rka" size="3290" crc="1587f724" sha1="506a0b1272820117a18fad26c55f311b9c0ed85e" />
	</machine>
	<machine name="liqsky">
		<description>LIQSKY</description>
		<year>19??</year>
		<publisher>&lt;unknown&gt;</publisher>
		<rom name="liqsky.rka" size="6239" crc="e9db15ac" sha1="6c854529c3c234dd44ecabbf1f26ceba97510180" />
	</machine>
	<machine name="loderun">
		<description>LODERUN</description>
		<year>19??</year>
		<publisher>&lt;unknown&gt;</publisher>
		<rom name="loderun.rka" size="12569" crc="cb5a8c2b" sha1="0873b6eba458bc1714d376fe16fa598d370c02ae" />
	</machine>
	<machine name="lrunner">
		<description>LRUNNER</description>
		<year>19??</year>
		<publisher>&lt;unknown&gt;</publisher>
		<rom name="lrunner.rka" size="5249" crc="473ea733" sha1="f0b60280bebd1efc82f4b2710c33aa45d42b14a0" />
	</machine>
	<machine name="marafon">
		<description>MARAFON</description>
		<year>19??</year>
		<publisher>&lt;unknown&gt;</publisher>
		<rom name="marafon.rka" size="3497" crc="6b284c47" sha1="4562f23b50ad4b1c35502117a0cc9ad316b24ac2" />
	</machine>
	<machine name="mars">
		<description>MARS</description>
		<year>19??</year>
		<publisher>&lt;unknown&gt;</publisher>
		<rom name="marsa\mars_alt.rka" size="2570" crc="7a1c6fdf" sha1="852d954c47bf5aa1289c4475ce67b8156d51f8d2" />
		<rom name="mars.rka" size="5642" crc="7b4d6f94" sha1="ddc1f942052b8815850151c765688f2a2002f5e4" />
	</machine>
	<machine name="marsh2">
		<description>MARSH2</description>
		<year>19??</year>
		<publisher>&lt;unknown&gt;</publisher>
		<rom name="marsh2.rka" size="2313" crc="5eaeeb16" sha1="ea6c54ce730e83d57d3c74e406128cff8f01c29c" />
	</machine>
	<machine name="mesh">
		<description>MESH</description>
		<year>19??</year>
		<publisher>&lt;unknown&gt;</publisher>
		<rom name="mesh.rka" size="3081" crc="5aaa5c6a" sha1="ea885314ee224f6eec6f9c7754d17446e7d7fe76" />
	</machine>
	<machine name="mirage">
		<description>MIRAGE</description>
		<year>19??</year>
		<publisher>&lt;unknown&gt;</publisher>
		<rom name="mirage.rka" size="4105" crc="11246976" sha1="80230c38b2a7c904ca4fc2518833766116313b5f" />
	</machine>
	<machine name="mus1">
		<description>MUS1</description>
		<year>19??</year>
		<publisher>&lt;unknown&gt;</publisher>
		<rom name="mus1.rka" size="1033" crc="4bbd4043" sha1="7b330c642370abaf51250faa11a393c2e530f1b4" />
	</machine>
	<machine name="mus2">
		<description>MUS2</description>
		<year>19??</year>
		<publisher>&lt;unknown&gt;</publisher>
		<rom name="mus2.rka" size="1289" crc="022539f9" sha1="bb53ecf365174f0f736756995eed827f569353b7" />
	</machine>
	<machine name="mus3">
		<description>MUS3</description>
		<year>19??</year>
		<publisher>&lt;unknown&gt;</publisher>
		<rom name="mus3.rka" size="2057" crc="5f717fac" sha1="c523391f14a69f2de9a8b5e3388c99fffe5cc8eb" />
	</machine>
	<machine name="mus4">
		<description>MUS4</description>
		<year>19??</year>
		<publisher>&lt;unknown&gt;</publisher>
		<rom name="mus4.rka" size="1033" crc="be892d73" sha1="db673924ce75125e544ffb51330dc289f93375e3" />
	</machine>
	<machine name="mus5">
		<description>MUS5</description>
		<year>19??</year>
		<publisher>&lt;unknown&gt;</publisher>
		<rom name="mus5.rka" size="1546" crc="41782166" sha1="c998a6e09990715359487d0b2cc2b15d3afc7b03" />
	</machine>
	<machine name="mus6">
		<description>MUS6</description>
		<year>19??</year>
		<publisher>&lt;unknown&gt;</publisher>
		<rom name="mus6.rka" size="1546" crc="a9cf92f3" sha1="ce827b5355f1c478dddfd467fe7be2060526ff99" />
	</machine>
	<machine name="mus7">
		<description>MUS7</description>
		<year>19??</year>
		<publisher>&lt;unknown&gt;</publisher>
		<rom name="mus7.rka" size="2313" crc="b40d6b04" sha1="e89531a0654d6d51775ebd679cb547a00df07903" />
	</machine>
	<machine name="musicbox">
		<description>MUSICBOX</description>
		<year>19??</year>
		<publisher>&lt;unknown&gt;</publisher>
		<rom name="musicbox.rka" size="2707" crc="056b77c4" sha1="3cd020bca79d41ce6ba9ade62345bcae734def67" />
	</machine>
	<machine name="nesushka">
		<description>NESUSHKA</description>
		<year>19??</year>
		<publisher>&lt;unknown&gt;</publisher>
		<rom name="nesushka.rka" size="4169" crc="5bd4dbca" sha1="e9af41bdabf833adf9d78b124892450e8d141007" />
	</machine>
	<machine name="nim">
		<description>NIM</description>
		<year>19??</year>
		<publisher>&lt;unknown&gt;</publisher>
		<rom name="nim.rka" size="5119" crc="97f25dc3" sha1="7703f156b2395127c8f0071bb326b2a8d0d788ff" />
	</machine>
	<machine name="pacman2">
		<description>PACMAN2</description>
		<year>19??</year>
		<publisher>&lt;unknown&gt;</publisher>
		<rom name="pacman2.rka" size="4552" crc="c29688f0" sha1="e0a0ed69e8c0d58325ac10c5cf1e24a6ae168f3d" />
	</machine>
	<machine name="pacman">
		<description>PACMAN</description>
		<year>19??</year>
		<publisher>&lt;unknown&gt;</publisher>
		<rom name="pacman.rka" size="4552" crc="0c35b94c" sha1="b09ebbcb1eca2363d59b55dbfd72a15cc6a443d7" />
	</machine>
	<machine name="panika">
		<description>PANIKA</description>
		<year>19??</year>
		<publisher>&lt;unknown&gt;</publisher>
		<rom name="panika.rka" size="6736" crc="a386c142" sha1="7f0e4c8e3dc30e57cef12455fc666f8d1ab14db8" />
	</machine>
	<machine name="pentis">
		<description>PENTIS</description>
		<year>19??</year>
		<publisher>&lt;unknown&gt;</publisher>
		<rom name="pentis.rka" size="5914" crc="937cd247" sha1="515d2bdf95fff61ef6572cda92d9c3a0602ef0ab" />
	</machine>
	<machine name="pif">
		<description>PIF</description>
		<year>19??</year>
		<publisher>&lt;unknown&gt;</publisher>
		<rom name="pif.rka" size="4505" crc="c40ae07c" sha1="d44f147c440267f8afff5ce9896326ca572683de" />
	</machine>
	<machine name="pingpong">
		<description>PINGPONG</description>
		<year>19??</year>
		<publisher>&lt;unknown&gt;</publisher>
		<rom name="pingpong.rka" size="1763" crc="61c4398b" sha1="9e93e16e6de416e2a9cae080b6d5de78727e9956" />
	</machine>
	<machine name="planeta">
		<description>PLANETA</description>
		<year>19??</year>
		<publisher>&lt;unknown&gt;</publisher>
		<rom name="planeta.rka" size="17401" crc="848ca8ac" sha1="ade878341dac66391e894fa4f9beee3d56b8c8bb" />
	</machine>
	<machine name="pogonia">
		<description>POGONIA</description>
		<year>19??</year>
		<publisher>&lt;unknown&gt;</publisher>
		<rom name="pogonia.rka" size="12809" crc="4b1854c1" sha1="cdd6d2d30197d24b931fff21c3fc0eb63737b418" />
	</machine>
	<machine name="poisk">
		<description>POISK</description>
		<year>19??</year>
		<publisher>&lt;unknown&gt;</publisher>
		<rom name="poisk.rka" size="1014" crc="763ef592" sha1="67ae4cef6b6c009271952dc2bd78402a330390da" />
	</machine>
	<machine name="proverka">
		<description>PROVERKA</description>
		<year>19??</year>
		<publisher>&lt;unknown&gt;</publisher>
		<rom name="proverka.rka" size="4901" crc="3d008245" sha1="da5e71a74f5723b8f16f2bd0a0efa6ed200dbd1f" />
	</machine>
	<machine name="pvo87">
		<description>PVO87</description>
		<year>19??</year>
		<publisher>&lt;unknown&gt;</publisher>
		<rom name="pvo87.rka" size="1453" crc="fa1327db" sha1="54bbeb7e612e6012ff923905fe7a6cac71609dbe" />
	</machine>
	<machine name="ralli">
		<description>RALLI</description>
		<year>19??</year>
		<publisher>&lt;unknown&gt;</publisher>
		<rom name="ralli.rka" size="4105" crc="5633d9d5" sha1="4fe4ddf7b0f73bf9a7470afdc6c2faf91b8016c0" />
	</machine>
	<machine name="ralslal">
		<description>RALSLAL</description>
		<year>19??</year>
		<publisher>&lt;unknown&gt;</publisher>
		<rom name="ralslal.rka" size="5577" crc="763d25d2" sha1="544cb7d2665e5a27c9b279a9247dd5bb67e00651" />
	</machine>
	<machine name="recorder">
		<description>RECORDER</description>
		<year>19??</year>
		<publisher>&lt;unknown&gt;</publisher>
		<rom name="recorder.rka" size="1402" crc="c0b03aa1" sha1="8bd8ff358233700a889fc8351cfa1bd4dacde200" />
	</machine>
	<machine name="redasm">
		<description>REDASM</description>
		<year>19??</year>
		<publisher>&lt;unknown&gt;</publisher>
		<rom name="redasm.rka" size="4105" crc="b8e49913" sha1="6764edb38820e1a6cc4c30f6ed6f2ba78e0feecc" />
	</machine>
	<machine name="reddssm">
		<description>REDDSSM</description>
		<year>19??</year>
		<publisher>&lt;unknown&gt;</publisher>
		<rom name="reddssm.rka" size="4105" crc="14802c17" sha1="4efe18cc5f71e6cb45a5e1bd557de009cdbce72e" />
	</machine>
	<machine name="redflwr">
		<description>REDFLWR</description>
		<year>19??</year>
		<publisher>&lt;unknown&gt;</publisher>
		<rom name="redflwr.rka" size="5851" crc="6774fdb3" sha1="d97fd18071f076e17d961b058a4f31d09957503c" />
	</machine>
	<machine name="rein">
		<description>REIN</description>
		<year>19??</year>
		<publisher>&lt;unknown&gt;</publisher>
		<rom name="rein.rka" size="11417" crc="aee962f9" sha1="bbc1feb0eb82a33e9d2536a09a2043bec7a46791" />
	</machine>
	<machine name="rikoshet">
		<description>RIKOSHET</description>
		<year>19??</year>
		<publisher>&lt;unknown&gt;</publisher>
		<rom name="rikoshet.rka" size="12297" crc="4283ed5d" sha1="f38424510b0bb9d34e9418e29fbf1cc1629f520f" />
	</machine>
	<machine name="rise">
		<description>RISE</description>
		<year>19??</year>
		<publisher>&lt;unknown&gt;</publisher>
		<rom name="rise.rka" size="9481" crc="ea70a438" sha1="f67718c2e339333b34fd1d1197bb7eaf52de17dd" />
	</machine>
	<machine name="saboteur">
		<description>SABOTEUR</description>
		<year>19??</year>
		<publisher>&lt;unknown&gt;</publisher>
		<rom name="saboteur.rka" size="3353" crc="7b76172b" sha1="99e1dee796a3930a7589a18f69157ab93db091a1" />
	</machine>
	<machine name="sad">
		<description>SAD</description>
		<year>19??</year>
		<publisher>&lt;unknown&gt;</publisher>
		<rom name="sad.rka" size="3001" crc="35ce6b48" sha1="7510aa2d6fadf916bc0132895cc921e4f55c18be" />
	</machine>
	<machine name="shahty">
		<description>SHAHTY</description>
		<year>19??</year>
		<publisher>&lt;unknown&gt;</publisher>
		<rom name="shahty.rka" size="15305" crc="533db960" sha1="0aafc73037ee3043b8f9914dde0c6748e490f532" />
	</machine>
	<machine name="shashki">
		<description>SHASHKI</description>
		<year>19??</year>
		<publisher>&lt;unknown&gt;</publisher>
		<rom name="shashki.rka" size="9737" crc="a5f99284" sha1="ad781ce86cc085d5e43a6ba0f91c712e10304fed" />
	</machine>
	<machine name="shmel">
		<description>SHMEL</description>
		<year>19??</year>
		<publisher>&lt;unknown&gt;</publisher>
		<rom name="shmel.rka" size="9257" crc="7b3a884c" sha1="ed76b4d11e3b13077bab3294e586f7be7ddf7a4c" />
	</machine>
	<machine name="shturm">
		<description>SHTURM</description>
		<year>19??</year>
		<publisher>&lt;unknown&gt;</publisher>
		<rom name="shturm.rka" size="5434" crc="94df098a" sha1="57ba78240d1d0f8228261041071fe129131bb645" />
	</machine>
	<machine name="skachki">
		<description>SKACHKI</description>
		<year>19??</year>
		<publisher>&lt;unknown&gt;</publisher>
		<rom name="skachki.rka" size="4505" crc="1a61d798" sha1="a26a2ddecfeb12cc180bec1938414a2636ea2de0" />
	</machine>
	<machine name="skaloed">
		<description>SKALOED</description>
		<year>19??</year>
		<publisher>&lt;unknown&gt;</publisher>
		<rom name="skaloed.rka" size="2377" crc="e1937741" sha1="3c8a5b4334a8a8016fe03295856a0ddf7fc9f2e0" />
	</machine>
	<machine name="slams">
		<description>SLAMS</description>
		<year>19??</year>
		<publisher>&lt;unknown&gt;</publisher>
		<rom name="slams.rka" size="4262" crc="c6802ae0" sha1="eaafff202e848cbbd0a696ecf65d8bd7336f802b" />
	</machine>
	<machine name="snake">
		<description>SNAKE</description>
		<year>19??</year>
		<publisher>&lt;unknown&gt;</publisher>
		<rom name="snake.rka" size="4617" crc="2209aa3e" sha1="c918a429861121fef1c13386adc05e118ab4e1ba" />
	</machine>
	<machine name="sos">
		<description>SOS</description>
		<year>19??</year>
		<publisher>&lt;unknown&gt;</publisher>
		<rom name="sos.rka" size="4105" crc="5e08d1c3" sha1="c6746f59e0e93490dcde6e63083ff4429763d2f9" />
	</machine>
	<machine name="spbattle">
		<description>SPBATTLE</description>
		<year>19??</year>
		<publisher>&lt;unknown&gt;</publisher>
		<rom name="spbattle.rka" size="1280" crc="9e6dae70" sha1="0962f912c8a3fcc5061cebe1de9cf3cab6aa200e" />
	</machine>
	<machine name="spinsect">
		<description>SPINSECT</description>
		<year>19??</year>
		<publisher>&lt;unknown&gt;</publisher>
		<rom name="spinsect.rka" size="5529" crc="170f7b36" sha1="d7bcfa04168ff65f757ede48aaadedd510c3deb2" />
	</machine>
	<machine name="spysdem">
		<description>SPYSDEM</description>
		<year>19??</year>
		<publisher>&lt;unknown&gt;</publisher>
		<rom name="spysdem.rka" size="6729" crc="3c862f3f" sha1="469ea963a0303137569b7f441ceea87bf6daac4c" />
	</machine>
	<machine name="stakan">
		<description>STAKAN</description>
		<year>19??</year>
		<publisher>&lt;unknown&gt;</publisher>
		<rom name="stakan.rka" size="3871" crc="37be2ea3" sha1="d41851532fa0f0c784b8ef489df536988a4dfd7c" />
	</machine>
	<machine name="stelbi">
		<description>STELBI</description>
		<year>19??</year>
		<publisher>&lt;unknown&gt;</publisher>
		<rom name="stelbi.rka" size="4527" crc="94688ecf" sha1="46d1ade0cbbe8192b05c442b9fd15275304e09c9" />
	</machine>
	<machine name="stena">
		<description>STENA</description>
		<year>19??</year>
		<publisher>&lt;unknown&gt;</publisher>
		<rom name="stena.rka" size="11945" crc="2e097fea" sha1="f64ca7a4f8ac31249319d64a8db0678776bf0e88" />
	</machine>
	<machine name="stonefld">
		<description>STONEFLD</description>
		<year>19??</year>
		<publisher>&lt;unknown&gt;</publisher>
		<rom name="stonefld.rka" size="2361" crc="4956a5f8" sha1="075fa56956d196a5dbb6bfdfc2ec3b8bb9c81872" />
	</machine>
	<machine name="tarelki">
		<description>TARELKI</description>
		<year>19??</year>
		<publisher>&lt;unknown&gt;</publisher>
		<rom name="tarelki.rka" size="5282" crc="32422ee1" sha1="4b2909218d9571ae4ea442fb2304b23ffaf4ad6f" />
	</machine>
	<machine name="tennis">
		<description>TENNIS</description>
		<year>19??</year>
		<publisher>&lt;unknown&gt;</publisher>
		<rom name="tennis.rka" size="2377" crc="b3444451" sha1="ced24cf9e7fdbd2c7e449373239c54e0a803bb62" />
	</machine>
	<machine name="tetris">
		<description>TETRIS</description>
		<year>19??</year>
		<publisher>&lt;unknown&gt;</publisher>
		<rom name="tetris.rka" size="2313" crc="492f274a" sha1="616a9a33720a2e25ef0212b6facd7ffc95238295" />
	</machine>
	<machine name="torpatt">
		<description>TORPATT</description>
		<year>19??</year>
		<publisher>&lt;unknown&gt;</publisher>
		<rom name="torpatt.rka" size="4362" crc="ef59fea8" sha1="519a60e4e0f91222d42283865a29956ab8757fe4" />
	</machine>
	<machine name="trasina">
		<description>TRASINA</description>
		<year>19??</year>
		<publisher>&lt;unknown&gt;</publisher>
		<rom name="trasina.rka" size="8828" crc="c2794fa0" sha1="02921f55d664925e090de62a8da08f6fa9311d92" />
	</machine>
	<machine name="tulpan">
		<description>TULPAN</description>
		<year>19??</year>
		<publisher>&lt;unknown&gt;</publisher>
		<rom name="tulpan.rka" size="1059" crc="f8ece2ce" sha1="92a8efe96333e39f9d556d31a22178441d1734d2" />
	</machine>
	<machine name="udav">
		<description>UDAV</description>
		<year>19??</year>
		<publisher>&lt;unknown&gt;</publisher>
		<rom name="udav.rka" size="2057" crc="ecc4fc76" sha1="f913f279847c66ac581aded102ee406853009b7f" />
	</machine>
	<machine name="utka">
		<description>UTKA</description>
		<year>19??</year>
		<publisher>&lt;unknown&gt;</publisher>
		<rom name="utka.rka" size="1450" crc="1277b1bb" sha1="00d0a7f92b7c12bfdc928686ac488d22882e710f" />
	</machine>
	<machine name="wood">
		<description>WOOD</description>
		<year>19??</year>
		<publisher>&lt;unknown&gt;</publisher>
		<rom name="wood.rka" size="2361" crc="9fd36743" sha1="79932e8efbfb8c6abee6dc3b465352470f15e5c2" />
	</machine>
	<machine name="xonixzm">
		<description>XONIXZM</description>
		<year>19??</year>
		<publisher>&lt;unknown&gt;</publisher>
		<rom name="xonixzm.rka" size="3937" crc="d269d551" sha1="3c88e9258a5ae49e77d1249565eb848c326835ca" />
	</machine>
	<machine name="xtro">
		<description>XTRO</description>
		<year>19??</year>
		<publisher>&lt;unknown&gt;</publisher>
		<rom name="xtro.rka" size="7802" crc="932aa910" sha1="57da1a34a50dc698068b078f5c2e2eef1f6167b1" />
	</machine>
</datafile>