<?xml version="1.0" encoding="utf-8"?>
<!DOCTYPE datafile PUBLIC "-//Logiqx//DTD ROM Management Datafile//EN" "http://www.logiqx.com/Dats/datafile.dtd">
<datafile>
	<header>
		<name>bdesignm_game_cart</name>
		<description>Bandai Design Master 'Game' cartridges</description>
		<version>0.274</version>
		<author>Pleasuredome</author>
	</header>
	<machine name="dbzg">
		<description>Dragon Ball Z Taisen-gata Search Battle (game)</description>
		<year>1995</year>
		<publisher>Bandai</publisher>
		<rom name="g01_dragonballz.bin" size="131072" crc="94107404" sha1="c86d48e9f0262da36ac9bbcffd9cea8e9bb672b7" />
	</machine>
	<machine name="ddiver">
		<description>Dungeon Diver (game)</description>
		<year>1995</year>
		<publisher>Bandai</publisher>
		<rom name="g02_dungeondiver.bin" size="131072" crc="877781b7" sha1="3a1ec0bd594b31e9ea4e5b28471ff709c89989f0" />
	</machine>
	<machine name="rockmang">
		<description>Rockman X3 Buster Battle (game)</description>
		<year>1995</year>
		<publisher>Bandai</publisher>
		<rom name="g04_rockman.bin" size="131072" crc="bbca31a7" sha1="5606c8ee6b893cd529499581d8227505a736d14d" />
	</machine>
	<machine name="sailormng">
		<description>Bishoujo Senshi Sailor Moon SS Illustration Club (game)</description>
		<year>1995</year>
		<publisher>Bandai</publisher>
		<rom name="g03_sailormoon.bin" size="131072" crc="641f20e6" sha1="b9f3a37385eeaf2e66b28ad5bac24a8a9cd46bdd" />
	</machine>
</datafile>