<?xml version="1.0" encoding="utf-8"?>
<!DOCTYPE datafile PUBLIC "-//Logiqx//DTD ROM Management Datafile//EN" "http://www.logiqx.com/Dats/datafile.dtd">
<datafile>
	<header>
		<name>bk0010</name>
		<description>Elektronika BK-0010 cassettes</description>
		<version>0.274</version>
		<author>Pleasuredome</author>
	</header>
	<machine name="aljur">
		<description>ALJUR .COD</description>
		<year>19??</year>
		<publisher>&lt;unknown&gt;</publisher>
		<rom name="aljur .cod.wav" size="1131670" crc="86882c2c" sha1="ef5a89dc30b8ea45af36d1688e167a667ad7a033" />
	</machine>
	<machine name="antix">
		<description>Antix</description>
		<year>19??</year>
		<publisher>&lt;unknown&gt;</publisher>
		<rom name="antix.wav" size="2172816" crc="a7ff6e2b" sha1="bd318ad6cb5015a660489e54fabfd6ea7ea0776a" />
	</machine>
	<machine name="apple">
		<description>Apple</description>
		<year>19??</year>
		<publisher>&lt;unknown&gt;</publisher>
		<rom name="apple.wav" size="2168056" crc="478ba6a5" sha1="dd4127d690cadc39105ccb79ec4fcad744952747" />
	</machine>
	<machine name="arkano">
		<description>Arkano</description>
		<year>19??</year>
		<publisher>&lt;unknown&gt;</publisher>
		<rom name="arkano.wav" size="5129082" crc="028a0049" sha1="e6a1addae8344d99bf3a783103338cd7a8d07200" />
	</machine>
	<machine name="arkanoid">
		<description>Arkanoid</description>
		<year>19??</year>
		<publisher>&lt;unknown&gt;</publisher>
		<rom name="arkanoid.wav" size="4600212" crc="87874574" sha1="5693bc71d29eee05a516399c35c4694d7f38a1cf" />
	</machine>
	<machine name="asprekl">
		<description>Asp_rekl</description>
		<year>19??</year>
		<publisher>&lt;unknown&gt;</publisher>
		<rom name="asp_rekl.wav" size="2428921" crc="e898872f" sha1="0515f2c24d2590b75353af8798c14b1117159346" />
	</machine>
	<machine name="ass2">
		<description>Ass2</description>
		<year>19??</year>
		<publisher>&lt;unknown&gt;</publisher>
		<rom name="ass2.wav" size="7624495" crc="2c6ac739" sha1="9b8c61d7a08669db53ccfe4402300a32403fd686" />
	</machine>
	<machine name="ass">
		<description>Ass</description>
		<year>19??</year>
		<publisher>&lt;unknown&gt;</publisher>
		<rom name="ass.wav" size="248263" crc="77d0df82" sha1="cc3d2d1d7a8648b344279babaa4b75fab9df627d" />
	</machine>
	<machine name="astrdrom">
		<description>Astrdrom</description>
		<year>19??</year>
		<publisher>&lt;unknown&gt;</publisher>
		<rom name="astrdrom.wav" size="2316398" crc="e3c0fd59" sha1="fc2701e6650371fd6bcf2090d1a6400f15873a8c" />
	</machine>
	<machine name="baby">
		<description>Baby</description>
		<year>19??</year>
		<publisher>&lt;unknown&gt;</publisher>
		<rom name="baby.wav" size="3895885" crc="4e2b8488" sha1="fd573eaf5ecbdd60c2fb51b66b3c81d313ac3581" />
	</machine>
	<machine name="bally">
		<description>Bally</description>
		<year>19??</year>
		<publisher>&lt;unknown&gt;</publisher>
		<rom name="bally.wav" size="5159546" crc="2a042986" sha1="bf349b0f7e1c641aade991b5f9bf5bfce58f17a4" />
	</machine>
	<machine name="bapple">
		<description>Bapple</description>
		<year>19??</year>
		<publisher>&lt;unknown&gt;</publisher>
		<rom name="bapple.wav" size="1614825" crc="9c9ddb97" sha1="a551afe3c197d53ef8f2fddbee8d30aff2a343c1" />
	</machine>
	<machine name="barb">
		<description>Barb</description>
		<year>19??</year>
		<publisher>&lt;unknown&gt;</publisher>
		<rom name="barb.wav" size="3098024" crc="4be84230" sha1="c8d80c3359cfd8a3324d94c2e340d558ace28a46" />
	</machine>
	<machine name="barbar">
		<description>Barbar</description>
		<year>19??</year>
		<publisher>&lt;unknown&gt;</publisher>
		<rom name="barbar.wav" size="3098109" crc="734469d2" sha1="1a60c03a651d9620cd1dcea4ac48b5f25ffe43c7" />
	</machine>
	<machine name="barman">
		<description>Barman</description>
		<year>19??</year>
		<publisher>&lt;unknown&gt;</publisher>
		<rom name="barman.wav" size="1922321" crc="3c9aec1d" sha1="a23a25ebf30a727600b6ce7559da2ae3a347b4da" />
	</machine>
	<machine name="batiskaf">
		<description>Batiskaf</description>
		<year>19??</year>
		<publisher>&lt;unknown&gt;</publisher>
		<rom name="batiskaf.wav" size="5016032" crc="daaebb19" sha1="ddec36e73c7079562ae1d924b17fcc32fee9d659" />
	</machine>
	<machine name="bigchess">
		<description>Bigchess</description>
		<year>19??</year>
		<publisher>&lt;unknown&gt;</publisher>
		<rom name="bigchess.wav" size="3609775" crc="fd0d05e9" sha1="de92ee9ff5b9d7065b8a5709e88308d4a4d137d5" />
	</machine>
	<machine name="bil">
		<description>Bil</description>
		<year>19??</year>
		<publisher>&lt;unknown&gt;</publisher>
		<rom name="bil.wav" size="2543246" crc="ddbdbf96" sha1="cd9d46e8567eb830467f0d81e860a136d8cffb1a" />
	</machine>
	<machine name="billiard">
		<description>BILLIARD</description>
		<year>19??</year>
		<publisher>&lt;unknown&gt;</publisher>
		<rom name="billiard.wav" size="4060258" crc="f3fc9b34" sha1="3c2a07e50146c457d6279b9e28eb8c4a97d3da5c" />
	</machine>
	<machine name="biowar">
		<description>Biowar</description>
		<year>19??</year>
		<publisher>&lt;unknown&gt;</publisher>
		<rom name="biowar.wav" size="2956193" crc="e9580849" sha1="49d759220fe907acca3b46f3260523aa22bc45d5" />
	</machine>
	<machine name="bkdemo">
		<description>BKDEMO</description>
		<year>19??</year>
		<publisher>&lt;unknown&gt;</publisher>
		<rom name="bkdemo.wav" size="3660197" crc="fbc93beb" sha1="6f2452c9ce4826910ad9bd4064c944047484638a" />
	</machine>
	<machine name="bkpack">
		<description>Bkpack</description>
		<year>19??</year>
		<publisher>&lt;unknown&gt;</publisher>
		<rom name="bkpack.wav" size="1279942" crc="679d06c2" sha1="69d19cb07b3eab733d48248aceedf0d3ef44f8a1" />
	</machine>
	<machine name="blcout">
		<description>Blcout</description>
		<year>19??</year>
		<publisher>&lt;unknown&gt;</publisher>
		<rom name="blcout.wav" size="5158050" crc="285eeff5" sha1="d59ccade29e0f1888f032810b759c6c0fe21dcb0" />
	</machine>
	<machine name="blockout">
		<description>BLOCKOUT</description>
		<year>19??</year>
		<publisher>&lt;unknown&gt;</publisher>
		<rom name="blockout.wav" size="5431920" crc="0efec65e" sha1="5150c5715b573eb7e0077507d0ce049fd900baff" />
	</machine>
	<machine name="bolde2">
		<description>Bolde2</description>
		<year>19??</year>
		<publisher>&lt;unknown&gt;</publisher>
		<rom name="bolde2.wav" size="4135347" crc="ba1194af" sha1="bb24b131c58ff9eedcfa29a14567fa943b273687" />
	</machine>
	<machine name="bolder2">
		<description>Bolder2</description>
		<year>19??</year>
		<publisher>&lt;unknown&gt;</publisher>
		<rom name="bolder2.wav" size="4135398" crc="94686f7b" sha1="b2cd5833d0417344b42c2953bcbacc4684a739f9" />
	</machine>
	<machine name="bolder3">
		<description>Bolder3</description>
		<year>19??</year>
		<publisher>&lt;unknown&gt;</publisher>
		<rom name="bolder3.wav" size="5108325" crc="401fc0bf" sha1="8f2bd8d5a4cbc9f1860bb87a7636e870aaf5ede4" />
	</machine>
	<machine name="bomb4">
		<description>Bomb4</description>
		<year>19??</year>
		<publisher>&lt;unknown&gt;</publisher>
		<rom name="bomb4.wav" size="1815102" crc="c28f1c6b" sha1="89ea450225bae88e582384f7ba1cce0354374367" />
	</machine>
	<machine name="breach">
		<description>breach</description>
		<year>19??</year>
		<publisher>&lt;unknown&gt;</publisher>
		<rom name="breach.wav" size="2172425" crc="87c45491" sha1="d206698860310bcbe5d44127453cd7c12317b43f" />
	</machine>
	<machine name="break">
		<description>Break</description>
		<year>19??</year>
		<publisher>&lt;unknown&gt;</publisher>
		<rom name="break.wav" size="5172092" crc="5b8e24bf" sha1="435f6ba1841a8a8662b399176c3edaaa6f403f5f" />
	</machine>
	<machine name="breaking">
		<description>Breaking</description>
		<year>19??</year>
		<publisher>&lt;unknown&gt;</publisher>
		<rom name="breaking.wav" size="4154234" crc="b468d09d" sha1="52c9de63795b7733e851205cc3c14a8274577058" />
	</machine>
	<machine name="brhouse">
		<description>Brhouse</description>
		<year>19??</year>
		<publisher>&lt;unknown&gt;</publisher>
		<rom name="brhouse.wav" size="4847766" crc="d4526ae6" sha1="4e6a164f0254efde1626828f0b24d6cb2bc9f763" />
	</machine>
	<machine name="bubbler">
		<description>Bubbler</description>
		<year>19??</year>
		<publisher>&lt;unknown&gt;</publisher>
		<rom name="bubbler.wav" size="4988101" crc="031221fd" sha1="f3fae70005e1e6174a7a90e0f7b13f262e1d20d3" />
	</machine>
	<machine name="bubler">
		<description>Bubler</description>
		<year>19??</year>
		<publisher>&lt;unknown&gt;</publisher>
		<rom name="bubler.wav" size="5113935" crc="a479bdd9" sha1="6f6c2e06b46a3d1f86331bcc1bf35775cfc52b13" />
	</machine>
	<machine name="cache">
		<description>Cache</description>
		<year>19??</year>
		<publisher>&lt;unknown&gt;</publisher>
		<rom name="cache.wav" size="3838850" crc="8ed4880c" sha1="2c7b9b2a1ee845f89c94fd73df6ec192f3f8e892" />
	</machine>
	<machine name="cave">
		<description>Cave</description>
		<year>19??</year>
		<publisher>&lt;unknown&gt;</publisher>
		<rom name="cave.wav" size="228968" crc="18d9c42c" sha1="e62fc75352fd0ad7fc064a43b34a52d0b190192d" />
	</machine>
	<machine name="cavedoc">
		<description>Cave_doc</description>
		<year>19??</year>
		<publisher>&lt;unknown&gt;</publisher>
		<rom name="cave_doc.wav" size="1077999" crc="7fcdf3a0" sha1="2239b26c0b20f5d978c8b8ed2097ae93dc69a589" />
	</machine>
	<machine name="caveman">
		<description>Cave_man</description>
		<year>19??</year>
		<publisher>&lt;unknown&gt;</publisher>
		<rom name="cave_man.wav" size="5085154" crc="8a307bf2" sha1="17647ecef6fc13e5c9a0238c9dcc187569e5fe28" />
	</machine>
	<machine name="caveres">
		<description>Cave_res</description>
		<year>19??</year>
		<publisher>&lt;unknown&gt;</publisher>
		<rom name="cave_res.wav" size="5838339" crc="4271e43e" sha1="c8f61269f87e42eb43f0f924d94a4d7239bdeebd" />
	</machine>
	<machine name="chaser">
		<description>Chaser</description>
		<year>19??</year>
		<publisher>&lt;unknown&gt;</publisher>
		<rom name="chaser.wav" size="2471540" crc="66c3f278" sha1="da33b09538b06623aeca5769a991ae1cfbb98cab" />
	</machine>
	<machine name="checkers">
		<description>Checkers</description>
		<year>19??</year>
		<publisher>&lt;unknown&gt;</publisher>
		<rom name="checkers.wav" size="4669980" crc="019cebe6" sha1="db477ce1acb7aad893eb3521189632c71fcdc0f8" />
	</machine>
	<machine name="chess1">
		<description>Chess1</description>
		<year>19??</year>
		<publisher>&lt;unknown&gt;</publisher>
		<rom name="chess1.wav" size="3381414" crc="b1f4a7ca" sha1="ac3e704a452dff728948a82c9a86348e490eb407" />
	</machine>
	<machine name="chess2">
		<description>Chess2</description>
		<year>19??</year>
		<publisher>&lt;unknown&gt;</publisher>
		<rom name="chess2.wav" size="2976763" crc="def328cd" sha1="e93acdebdd82c662395612ee613d9d0339ab77f8" />
	</machine>
	<machine name="chess3">
		<description>Chess3</description>
		<year>19??</year>
		<publisher>&lt;unknown&gt;</publisher>
		<rom name="chess3.wav" size="3765563" crc="c0fa2955" sha1="9c48588e218f77566f0168f1b8f48246c4e97879" />
	</machine>
	<machine name="chess4">
		<description>Chess4</description>
		<year>19??</year>
		<publisher>&lt;unknown&gt;</publisher>
		<rom name="chess4.wav" size="3553420" crc="5d7cabec" sha1="e0c1c8fbd0cf12e6d70a2ee9a4cf3d9a83de42bb" />
	</machine>
	<machine name="chess07">
		<description>Chess07</description>
		<year>19??</year>
		<publisher>&lt;unknown&gt;</publisher>
		<rom name="chess07.wav" size="4281496" crc="1d142477" sha1="84b64a49736bb05ce00bef24d62be495d063ea6e" />
	</machine>
	<machine name="circler">
		<description>CIRCLER</description>
		<year>19??</year>
		<publisher>&lt;unknown&gt;</publisher>
		<rom name="circler.wav" size="5296022" crc="e9b525d1" sha1="c12d7cc15205da9453b0d190e31470252c66c0a1" />
	</machine>
	<machine name="columns2">
		<description>Columns2</description>
		<year>19??</year>
		<publisher>&lt;unknown&gt;</publisher>
		<rom name="columns2.wav" size="5313566" crc="1be9e659" sha1="13ec5d00dfccdc66992b8698e9391d66f47e45de" />
	</machine>
	<machine name="columns">
		<description>Columns</description>
		<year>19??</year>
		<publisher>&lt;unknown&gt;</publisher>
		<rom name="columns.wav" size="3723318" crc="54506302" sha1="bae35d1b4c825064526177bd738e62b480aee4c8" />
	</machine>
	<machine name="comic">
		<description>Comic</description>
		<year>19??</year>
		<publisher>&lt;unknown&gt;</publisher>
		<rom name="comic.wav" size="3406370" crc="a759f8f9" sha1="9e2caac1b273866dcb6328e4e128ddd1af367a44" />
	</machine>
	<machine name="cosmic">
		<description>COSMIC</description>
		<year>19??</year>
		<publisher>&lt;unknown&gt;</publisher>
		<rom name="cosmic.wav" size="2058457" crc="2440f3e1" sha1="f4ab36c6a2f8e91fbabe2934654115c9f727cf33" />
	</machine>
	<machine name="cosmicb">
		<description>Cosmic_b</description>
		<year>19??</year>
		<publisher>&lt;unknown&gt;</publisher>
		<rom name="cosmic_b.wav" size="2058661" crc="56f8b7c7" sha1="a167b5279f29fa580510801e9ab9288cc3e3243e" />
	</machine>
	<machine name="courier">
		<description>Courier</description>
		<year>19??</year>
		<publisher>&lt;unknown&gt;</publisher>
		<rom name="courier.wav" size="4845607" crc="b75167b9" sha1="2ce5b08143d7b511c6d57d2559c0224f734d4f5d" />
	</machine>
	<machine name="covox">
		<description>covox</description>
		<year>19??</year>
		<publisher>&lt;unknown&gt;</publisher>
		<rom name="covox.wav" size="9734450" crc="b4624f15" sha1="a87edb62fe39f4a8cecc9f528b20194545baa838" />
	</machine>
	<machine name="crack">
		<description>Crack</description>
		<year>19??</year>
		<publisher>&lt;unknown&gt;</publisher>
		<rom name="crack.wav" size="10100732" crc="1adebbc8" sha1="37ce68cd9ce579dc720031d9ceb3bde0e6b01a1f" />
	</machine>
	<machine name="dama">
		<description>Dama</description>
		<year>19??</year>
		<publisher>&lt;unknown&gt;</publisher>
		<rom name="dama.wav" size="3885039" crc="2cb6c17c" sha1="048375526df2b9a347ae760ae6d8df19a5d80940" />
	</machine>
	<machine name="demsl1">
		<description>Demsl1</description>
		<year>19??</year>
		<publisher>&lt;unknown&gt;</publisher>
		<rom name="demsl1.wav" size="831601" crc="0176d49b" sha1="6cc9f1b8d09eb8913bcd245a1019048c583c9ebc" />
	</machine>
	<machine name="demsl2">
		<description>Demsl2</description>
		<year>19??</year>
		<publisher>&lt;unknown&gt;</publisher>
		<rom name="demsl2.wav" size="847819" crc="959d7e0a" sha1="b548696d8e797cf2334860f0ab2c31008b05fa29" />
	</machine>
	<machine name="demsl3">
		<description>Demsl3</description>
		<year>19??</year>
		<publisher>&lt;unknown&gt;</publisher>
		<rom name="demsl3.wav" size="820126" crc="41905abc" sha1="804ba183a669b2b1539a8886212d320f54ff443b" />
	</machine>
	<machine name="demsl">
		<description>Demsl</description>
		<year>19??</year>
		<publisher>&lt;unknown&gt;</publisher>
		<rom name="demsl.wav" size="3000172" crc="9102fcaf" sha1="e598f08a4191a011e6a0baa730d990787c04403c" />
	</machine>
	<machine name="desan">
		<description>Desan</description>
		<year>19??</year>
		<publisher>&lt;unknown&gt;</publisher>
		<rom name="desan.wav" size="4564427" crc="ed14e850" sha1="8338c821df75907b25b41dd5cf7f28a9a4262f2e" />
	</machine>
	<machine name="desandoc">
		<description>Desandoc</description>
		<year>19??</year>
		<publisher>&lt;unknown&gt;</publisher>
		<rom name="desandoc.wav" size="3052515" crc="d9d19755" sha1="4b53c167543f2fc7de6d75539dae2d8562a121e7" />
	</machine>
	<machine name="desant">
		<description>Desant</description>
		<year>19??</year>
		<publisher>&lt;unknown&gt;</publisher>
		<rom name="desant.wav" size="4564478" crc="fc220dbe" sha1="b2d15141323040e902fdf52d5516d918bd76c465" />
	</machine>
	<machine name="diamond">
		<description>Diamond</description>
		<year>19??</year>
		<publisher>&lt;unknown&gt;</publisher>
		<rom name="diamond.wav" size="4416986" crc="c73e3d69" sha1="7d14c4d3216e22c2b122ab4ec903fad4d486c544" />
	</machine>
	<machine name="digger">
		<description>Digger</description>
		<year>19??</year>
		<publisher>&lt;unknown&gt;</publisher>
		<rom name="digger.wav" size="3206433" crc="f76ba166" sha1="f6737b860b3cf190ab8ec1dbab0c56dc17db401d" />
	</machine>
	<machine name="divers3">
		<description>Divers3</description>
		<year>19??</year>
		<publisher>&lt;unknown&gt;</publisher>
		<rom name="divers3.wav" size="2170028" crc="199c2ef6" sha1="2645cb48a80309a3b24eb7db896059ba57954c34" />
	</machine>
	<machine name="dragon">
		<description>DRAGON.BIN</description>
		<year>19??</year>
		<publisher>&lt;unknown&gt;</publisher>
		<rom name="dragon.bin.wav" size="5357318" crc="9cb49563" sha1="711b99741fb034f8b8258261111ad642efd464aa" />
	</machine>
	<machine name="flier">
		<description>FLIER</description>
		<year>19??</year>
		<publisher>&lt;unknown&gt;</publisher>
		<rom name="flier.wav" size="4172441" crc="6b47c3c2" sha1="54d9a892e832ace649a07a1ae2c3afd2bab38512" />
	</machine>
	<machine name="font">
		<description>FONT</description>
		<year>19??</year>
		<publisher>&lt;unknown&gt;</publisher>
		<rom name="font.wav" size="103032" crc="080d6674" sha1="6164b1077977463408390c508844d0e98ecce77a" />
	</machine>
	<machine name="hobbit">
		<description>HOBBIT</description>
		<year>19??</year>
		<publisher>&lt;unknown&gt;</publisher>
		<rom name="hobbitovl\hobbit.ovl.wav" size="4961088" crc="7bea89c1" sha1="33afa8fa654fb7a20018c8ac6d6a8934004b7874" />
		<rom name="hobbit.wav" size="3276541" crc="d7cb5071" sha1="bf6c6de306fd51c01bfe71c2fca1fb25b8fed4fc" />
	</machine>
	<machine name="horror">
		<description>Horror</description>
		<year>19??</year>
		<publisher>&lt;unknown&gt;</publisher>
		<rom name="horror.wav" size="5203372" crc="d2ecf226" sha1="ee93b3427b40847e6b9d4929154538e68cff0c6e" />
	</machine>
	<machine name="horrors">
		<description>Horror_s</description>
		<year>19??</year>
		<publisher>&lt;unknown&gt;</publisher>
		<rom name="horror_s.wav" size="4368791" crc="b177bc8f" sha1="c277e4cad55b8f59540fcacc92d6a855fdcb6577" />
	</machine>
	<machine name="house1">
		<description>House1</description>
		<year>19??</year>
		<publisher>&lt;unknown&gt;</publisher>
		<rom name="house1.wav" size="3341736" crc="2e73554a" sha1="dc14affceb6b10e7086240d8419f44e85b67a2a6" />
	</machine>
	<machine name="house2">
		<description>House2</description>
		<year>19??</year>
		<publisher>&lt;unknown&gt;</publisher>
		<rom name="house2.wav" size="3802776" crc="366c4681" sha1="d65c0eb929b3f12aada5b44b501ec6e45e3a086e" />
	</machine>
	<machine name="indjon">
		<description>Indjon</description>
		<year>19??</year>
		<publisher>&lt;unknown&gt;</publisher>
		<rom name="indjon.wav" size="4156699" crc="e9fec41a" sha1="49355e3f5f74ef864a8e0b23ed63fee483429dcb" />
	</machine>
	<machine name="jetman">
		<description>Jetman</description>
		<year>19??</year>
		<publisher>&lt;unknown&gt;</publisher>
		<rom name="jetman.wav" size="4532382" crc="c9fb7d8f" sha1="4a9b4a920a66f4310f283b85439396c0c8948b98" />
	</machine>
	<machine name="joebla">
		<description>Joebla</description>
		<year>19??</year>
		<publisher>&lt;unknown&gt;</publisher>
		<rom name="joebla.wav" size="1665621" crc="de6a39c4" sha1="9bedd1853f06a20163e3f603fee89e6a28b55ea9" />
	</machine>
	<machine name="john">
		<description>John</description>
		<year>19??</year>
		<publisher>&lt;unknown&gt;</publisher>
		<rom name="john.wav" size="1839378" crc="6d9a544c" sha1="982632464fc2c5c1ab1a9b86384d7e3cd1991949" />
	</machine>
	<machine name="johnny">
		<description>Johnny</description>
		<year>19??</year>
		<publisher>&lt;unknown&gt;</publisher>
		<rom name="johnny.wav" size="5021999" crc="eb21daf4" sha1="087b29057185b98a16cc27a88d396f4a206d7d1f" />
	</machine>
	<machine name="jokey">
		<description>Jokey</description>
		<year>19??</year>
		<publisher>&lt;unknown&gt;</publisher>
		<rom name="jokey.wav" size="2789168" crc="72d8fd61" sha1="4f57287c603d5a9c15a35059e1a88ed08b00ecb2" />
	</machine>
	<machine name="jones1">
		<description>Jones1</description>
		<year>19??</year>
		<publisher>&lt;unknown&gt;</publisher>
		<rom name="jones1.wav" size="2702485" crc="62aa4337" sha1="8579bb989362a69df72a53378d8e5f67795da67d" />
	</machine>
	<machine name="jones2">
		<description>Jones2</description>
		<year>19??</year>
		<publisher>&lt;unknown&gt;</publisher>
		<rom name="jones2.wav" size="3844800" crc="f31c568a" sha1="c71e4a1b18491f359ba62174a225ea209685a99d" />
	</machine>
	<machine name="jones3">
		<description>Jones3</description>
		<year>19??</year>
		<publisher>&lt;unknown&gt;</publisher>
		<rom name="jones3.wav" size="2685655" crc="4db82dd2" sha1="390008bd487676335e28b00301d811039fac91a1" />
	</machine>
	<machine name="jones">
		<description>Jones</description>
		<year>19??</year>
		<publisher>&lt;unknown&gt;</publisher>
		<rom name="jones.wav" size="4156665" crc="606f7403" sha1="6657ae72c6d2eb89e2e34aa55eb525c043de3c45" />
	</machine>
	<machine name="jungle">
		<description>Jungle</description>
		<year>19??</year>
		<publisher>&lt;unknown&gt;</publisher>
		<rom name="jungle.wav" size="4943544" crc="157885ac" sha1="35f2799ba06d04013bced26e5a273c22fb4ef6fa" />
	</machine>
	<machine name="karado">
		<description>Karado</description>
		<year>19??</year>
		<publisher>&lt;unknown&gt;</publisher>
		<rom name="karado.wav" size="3612002" crc="f8715d18" sha1="abca686af114d45defc31e8bc8e1ed0797adfaf3" />
	</machine>
	<machine name="karate">
		<description>Karate</description>
		<year>19??</year>
		<publisher>&lt;unknown&gt;</publisher>
		<rom name="karate.wav" size="2263953" crc="f283fdce" sha1="eee2e9db9f8420453bc443afaaf43b0293685b0f" />
	</machine>
	<machine name="klad">
		<description>Klad</description>
		<year>19??</year>
		<publisher>&lt;unknown&gt;</publisher>
		<rom name="klad.wav" size="3579651" crc="17146df9" sha1="dce5472d9845d642a9884d969fccea885a8b2f25" />
	</machine>
	<machine name="kurier">
		<description>Kurier</description>
		<year>19??</year>
		<publisher>&lt;unknown&gt;</publisher>
		<rom name="kurier.wav" size="3652666" crc="cfb27952" sha1="a7bc1fd678eb449b611cfb76132bb640ada150b3" />
	</machine>
	<machine name="ladder">
		<description>ladder</description>
		<year>19??</year>
		<publisher>&lt;unknown&gt;</publisher>
		<rom name="ladderovl\ladder.ovl.wav" size="5124067" crc="746a6230" sha1="93ea15199f8ce7ddcc76d101e9635973633a15c3" />
		<rom name="ladder.wav" size="2662331" crc="4b8305d6" sha1="b9dcaec7cc2bfaecf533d068306a0adf599e5315" />
	</machine>
	<machine name="lrunner">
		<description>LRUNNER</description>
		<year>19??</year>
		<publisher>&lt;unknown&gt;</publisher>
		<rom name="lrunnergms\lrunner.gms.wav" size="5082961" crc="c29b8c32" sha1="e0db29c3aaa310c183daaacda1ea6052b28286d2" />
		<rom name="lrunner.wav" size="1990627" crc="ca69a359" sha1="a1b56888bd76cecaf07c762f6a53a82c733ff205" />
	</machine>
	<machine name="othello">
		<description>OTHELLO</description>
		<year>19??</year>
		<publisher>&lt;unknown&gt;</publisher>
		<rom name="othello.wav" size="2493402" crc="deabaaa3" sha1="16ef3ee69dd8d442d390a2912841259134879e36" />
	</machine>
	<machine name="otl9">
		<description>otl9</description>
		<year>19??</year>
		<publisher>&lt;unknown&gt;</publisher>
		<rom name="otl9.wav" size="1389575" crc="165c31c6" sha1="b6fae5d1e4b3ada8684eadc2e716d273ae275c56" />
	</machine>
	<machine name="p10k">
		<description>p10k</description>
		<year>19??</year>
		<publisher>&lt;unknown&gt;</publisher>
		<rom name="p10k.wav" size="4167800" crc="ec7429bf" sha1="d3dff5be3155febca489fdb205c78d6d19b19c8a" />
	</machine>
	<machine name="pacman">
		<description>PACMAN</description>
		<year>19??</year>
		<publisher>&lt;unknown&gt;</publisher>
		<rom name="pacman.wav" size="2687627" crc="3f379b3f" sha1="ff994f4a6c6260ec083d2e599533b2508b7ddc95" />
	</machine>
	<machine name="perevoro">
		<description>PEREVOROT</description>
		<year>19??</year>
		<publisher>&lt;unknown&gt;</publisher>
		<rom name="perevorot.wav" size="88803" crc="4c479f82" sha1="eaaedaf9e464cf26c42ac76ce5d67b07f66badf7" />
	</machine>
	<machine name="popo">
		<description>POPO</description>
		<year>19??</year>
		<publisher>&lt;unknown&gt;</publisher>
		<rom name="popo.wav" size="89619" crc="d5a2331a" sha1="f15c9964cd644f0df07db4fbb9159697131db9d9" />
	</machine>
	<machine name="race">
		<description>RACE</description>
		<year>19??</year>
		<publisher>&lt;unknown&gt;</publisher>
		<rom name="race.wav" size="2472951" crc="a6c83140" sha1="c0189399d5e915f4b39402b893e2b839bc2e471a" />
	</machine>
	<machine name="raceovl">
		<description>RACE.OVL</description>
		<year>19??</year>
		<publisher>&lt;unknown&gt;</publisher>
		<rom name="race.ovl.wav" size="5054282" crc="9467af57" sha1="a028ffe371bf067b06e9a7d08f4c0ea1a10b80ff" />
	</machine>
	<machine name="rever1">
		<description>Rever1</description>
		<year>19??</year>
		<publisher>&lt;unknown&gt;</publisher>
		<rom name="rever1.wav" size="663250" crc="2047b95e" sha1="c00cb766a8070cf871cc162b35aaba4c1e5fd136" />
	</machine>
	<machine name="rever2">
		<description>Rever2</description>
		<year>19??</year>
		<publisher>&lt;unknown&gt;</publisher>
		<rom name="rever2.wav" size="2579133" crc="e15ec7f1" sha1="3de8381a35cc2acf7f36a1bbe7eb7a6593f1d0f9" />
	</machine>
	<machine name="rotate">
		<description>ROTATE</description>
		<year>19??</year>
		<publisher>&lt;unknown&gt;</publisher>
		<rom name="rotate.wav" size="89177" crc="c411378f" sha1="e5de57ecc6cbdc1cf71673c09d1b2c7c08f8e26d" />
	</machine>
	<machine name="rtype1">
		<description>RTYPE1.LAB</description>
		<year>19??</year>
		<publisher>&lt;unknown&gt;</publisher>
		<rom name="rtype1.lab.wav" size="938021" crc="6c5e12b4" sha1="9fd58471c9c154f264e72984e835bb2eb0ec9f60" />
	</machine>
	<machine name="rtype2">
		<description>RTYPE2.LAB</description>
		<year>19??</year>
		<publisher>&lt;unknown&gt;</publisher>
		<rom name="rtype2.lab.wav" size="937647" crc="c96d1898" sha1="a1031b173d87cf91d5dd2058c839c4bab06b62fb" />
	</machine>
	<machine name="rtype">
		<description>RTYPE</description>
		<year>19??</year>
		<publisher>&lt;unknown&gt;</publisher>
		<rom name="rtype.wav" size="4154795" crc="1b9d7ca8" sha1="787aa26aa195182c8c778da9987874999a0d2dab" />
	</machine>
	<machine name="sokoban">
		<description>SOKOBAN</description>
		<year>19??</year>
		<publisher>&lt;unknown&gt;</publisher>
		<rom name="sokoban.wav" size="2523628" crc="29029dc0" sha1="47cacdacb2246b5dd9c4efeaf52e64b0d1df7fa1" />
	</machine>
	<machine name="stalker">
		<description>Stalker</description>
		<year>19??</year>
		<publisher>&lt;unknown&gt;</publisher>
		<rom name="stalker.wav" size="3691953" crc="9b9eccbd" sha1="6647b2e4285ee9648c5d2fd59d9bc7a5eadcde98" />
	</machine>
	<machine name="tetr3">
		<description>TETR3</description>
		<year>19??</year>
		<publisher>&lt;unknown&gt;</publisher>
		<rom name="tetr3.wav" size="1225066" crc="a139f720" sha1="56dcda5755fd9aa01ae5da7d42cb3dbc6183bc00" />
	</machine>
	<machine name="tetris">
		<description>TETRIS</description>
		<year>19??</year>
		<publisher>&lt;unknown&gt;</publisher>
		<rom name="tetris.wav" size="1881453" crc="de80e5a8" sha1="af6e504bbf456a7a70813fd457e1420a6347fed0" />
	</machine>
	<machine name="tetro">
		<description>Tetro</description>
		<year>19??</year>
		<publisher>&lt;unknown&gt;</publisher>
		<rom name="tetro.wav" size="3801518" crc="0415d783" sha1="cb8925e2938fa12a26332de3202bb5396842cb4b" />
	</machine>
	<machine name="xonix1">
		<description>XONIX1</description>
		<year>19??</year>
		<publisher>&lt;unknown&gt;</publisher>
		<rom name="xonix1.wav" size="1758713" crc="24ff448a" sha1="df312c9ca50350e3e40d70ddc046eb46660a2f02" />
	</machine>
	<machine name="xonix5">
		<description>XONIX5</description>
		<year>19??</year>
		<publisher>&lt;unknown&gt;</publisher>
		<rom name="xonix5.wav" size="1307176" crc="a7b1bac1" sha1="ec02788a531b1c704e3e5a0b4acac33dcab529a9" />
	</machine>
	<machine name="zoom">
		<description>ZOOM</description>
		<year>19??</year>
		<publisher>&lt;unknown&gt;</publisher>
		<rom name="zoom.wav" size="3687346" crc="a622e17c" sha1="fc99ce0cddf8e012dcf06073a4704b92b9f3a40f" />
	</machine>
</datafile>