<?xml version="1.0" encoding="utf-8"?>
<!DOCTYPE datafile PUBLIC "-//Logiqx//DTD ROM Management Datafile//EN" "http://www.logiqx.com/Dats/datafile.dtd">
<datafile>
	<header>
		<name>bkrankp_cart</name>
		<description>Bandai Karaoke Ranking Party cartridges</description>
		<version>0.274</version>
		<author>Pleasuredome</author>
	</header>
	<machine name="aikatsu">
		<description>Aikatsu! Idol Katsudō!</description>
		<year>2015</year>
		<publisher>Bandai</publisher>
		<rom name="Thatguy_mx25l6406e_c22017.BIN" size="8388608" crc="fafdef3a" sha1="d15ca3c2a823100f584e1ef851d76035403c4b24" />
	</machine>
	<machine name="apple">
		<description>Kid's Pop - Apple Green</description>
		<year>2015</year>
		<publisher>Bandai</publisher>
		<rom name="popapplegreen_mx25l3206e_c22016.BIN" size="4194304" crc="1a571859" sha1="7ffda73a054b850d54150f0099eeb8e681ee39bc" />
	</machine>
	<machine name="besthit">
		<description>Best Hit Song</description>
		<year>2015</year>
		<publisher>Bandai</publisher>
		<rom name="besthit_mx25l3206e_c22016.BIN" size="4194304" crc="92cd2cb4" sha1="5a3ba4ba3ae9fcffb45d46ebd4e6fc3486c235b5" />
	</machine>
	<machine name="blue">
		<description>J-Pop Blue</description>
		<year>2015</year>
		<publisher>Bandai</publisher>
		<rom name="jpopblue_mx25l3206e_c22016.bin" size="4194304" crc="14f02988" sha1="5cdc744c589a76ed79fd0cbda49e3a5f76957d90" />
	</machine>
	<machine name="disney">
		<description>Disney Dream Hit Song</description>
		<year>2015</year>
		<publisher>Bandai</publisher>
		<rom name="Disney_mx25l6406e_c22017.BIN" size="8388608" crc="777a37de" sha1="27116702adbaed782677b3f64215c4f0f022fa65" />
	</machine>
	<machine name="grapefrt">
		<description>J-Pop - Grapefruit</description>
		<year>2015</year>
		<publisher>Bandai</publisher>
		<rom name="jpopgrapefruit_mx25l3206e_c22016.bin" size="4194304" crc="7be53435" sha1="1e17f6c5257411446a9464313781be6fc0350d92" />
	</machine>
	<machine name="green">
		<description>J-Pop - Green</description>
		<year>2015</year>
		<publisher>Bandai</publisher>
		<rom name="jpopgreen_mx25l3206e_c22016.bin" size="4194304" crc="65e12828" sha1="63ed843f7bb79f55dcc942b1b41aaa783dc9c4a9" />
	</machine>
	<machine name="lemon">
		<description>Kid's Pop - Lemon Yellow</description>
		<year>2015</year>
		<publisher>Bandai</publisher>
		<rom name="poplemonyellow_mx25l3206e_c22016.BIN" size="4194304" crc="12c03f28" sha1="b73220ccaf4a3f64788473d727de7bcbb7f05a75" />
	</machine>
	<machine name="mint">
		<description>J-Pop - Mint</description>
		<year>2015</year>
		<publisher>Bandai</publisher>
		<rom name="jpopmint_mx25l3206e_c22016.bin" size="4194304" crc="9296075c" sha1="59e2a379ec843da108a45c08474e89e2793d7806" />
	</machine>
	<machine name="pink">
		<description>J-Pop - Pink</description>
		<year>2015</year>
		<publisher>Bandai</publisher>
		<rom name="jpoppink_mx25l3206e_c22016.bin" size="4194304" crc="430fa105" sha1="105c11c1e6f1695e3de7d0cf8a819dd4fb890a6d" />
	</machine>
	<machine name="purple">
		<description>J-Pop Purple</description>
		<year>2015</year>
		<publisher>Bandai</publisher>
		<rom name="jpoppurple_mx25l3206e_c22016.BIN" size="4194304" crc="1442a419" sha1="b10e3def9a80e10e9e4cab3fbec2d215dc978b23" />
	</machine>
	<machine name="red">
		<description>Kid's Pop - Red</description>
		<year>2015</year>
		<publisher>Bandai</publisher>
		<rom name="popred_mx25l3206e_c22016.BIN" size="4194304" crc="10340cc3" sha1="7a1affc521d10392b5e6332757755954b00555ca" />
	</machine>
	<machine name="rose">
		<description>J-Pop Rose</description>
		<year>2015</year>
		<publisher>Bandai</publisher>
		<rom name="jpoprose_mx25l3206e_c22016.bin" size="4194304" crc="6f8f1764" sha1="2802e1fe51a3fca9e0a8d0b577a9751adeb98db0" />
	</machine>
	<machine name="strawbry">
		<description>J-Pop - Strawberry</description>
		<year>2015</year>
		<publisher>Bandai</publisher>
		<rom name="jpopstrawberry_mx25l3206e_c22016.bin" size="4194304" crc="9436b612" sha1="aa76dbac5a8935c9e1a49a0c228951091ba6305b" />
	</machine>
	<machine name="vocaloid">
		<description>Vocaloid</description>
		<year>2015</year>
		<publisher>Bandai</publisher>
		<rom name="vocaloid_mx25l3206e_c22016.BIN" size="4194304" crc="17569b76" sha1="9205fb80ac03092be274b9fd78eaffad52ef8d15" />
	</machine>
	<machine name="white">
		<description>J-Pop White</description>
		<year>2015</year>
		<publisher>Bandai</publisher>
		<rom name="jpopwhite_mx25l3206e_c22016.bin" size="4194304" crc="34761a6a" sha1="65ca5551e9f7e7ae8ce02fc16ff6a62f47b25e68" />
	</machine>
	<machine name="yokai">
		<description>Yo-Kai Watch</description>
		<year>2015</year>
		<publisher>Bandai</publisher>
		<rom name="yokaiwatch_mx25l6406e_c22017.BIN" size="8388608" crc="d7a59a34" sha1="11ab60a7ba74fb17398fad21a3724480ebb09fc8" />
	</machine>
</datafile>