<?xml version="1.0" encoding="utf-8"?>
<!DOCTYPE datafile PUBLIC "-//Logiqx//DTD ROM Management Datafile//EN" "http://www.logiqx.com/Dats/datafile.dtd">
<datafile>
	<header>
		<name>bmjr_cass</name>
		<description>Hitachi Basic Master Jr. cassettes</description>
		<version>0.274</version>
		<author>Pleasuredome</author>
	</header>
	<machine name="wilwesp">
		<description>Wilwesp</description>
		<year>1984</year>
		<publisher>Micom BASIC</publisher>
		<rom name="wilwesp.wav" size="23584812" crc="d46d46e6" sha1="32494926110bdb015e85d18dff2ea7b2f6d58580" />
	</machine>
</datafile>