<?xml version="1.0" encoding="utf-8"?>
<!DOCTYPE datafile PUBLIC "-//Logiqx//DTD ROM Management Datafile//EN" "http://www.logiqx.com/Dats/datafile.dtd">
<datafile>
	<header>
		<name>carbeena</name>
		<description>Car Beena cartridge</description>
		<version>0.274</version>
		<author>Pleasuredome</author>
	</header>
	<machine name="carbeena">
		<description>Car Beena Tentou-you Demo 1</description>
		<year>2009</year>
		<publisher>Sega Toys</publisher>
		<rom name="en29lv640.ic10" size="8388608" crc="bf210b18" sha1="7cb3de21ee704fdc836662a41d38698135572c0d" />
	</machine>
</datafile>