<?xml version="1.0" encoding="utf-8"?>
<!DOCTYPE datafile PUBLIC "-//Logiqx//DTD ROM Management Datafile//EN" "http://www.logiqx.com/Dats/datafile.dtd">
<datafile>
	<header>
		<name>cbm2_flop</name>
		<description>Commodore CBM-II diskettes</description>
		<version>0.274</version>
		<author>Pleasuredome</author>
	</header>
	<machine name="1001test">
		<description>Commodore SFD-1001 Floppy Disk Drive Test/Demo Diskette</description>
		<year>198?</year>
		<publisher>Commodore</publisher>
		<rom name="1001test_ss\sfdtest8050fmt.d80" size="533248" crc="3845c0b9" sha1="56473932a35f2caedf370c51f1debd8664a14b5b" />
		<rom name="sfd1001-demo.d82" size="1066496" crc="83b12b13" sha1="316fa89b4553ff1d411dc14ffcdd477c1fb284da" />
	</machine>
	<machine name="2031demo">
		<description>Commodore 2031 LP Floppy Diskette Drive Test/Demo Diskette</description>
		<year>198?</year>
		<publisher>Commodore</publisher>
		<rom name="2031lp-demo.d64" size="174848" crc="9c697562" sha1="940da4a6638058d6899fb629738d7ad8605b3976" />
	</machine>
	<machine name="8250test">
		<description>Commodore 8250LP Floppy Disk Drive Test/Demo Diskette</description>
		<year>198?</year>
		<publisher>Commodore</publisher>
		<rom name="8250lp-demo.d82" size="1066496" crc="cbd23e48" sha1="acedaa2e77f7a113bfe77760eb67ba45099b50db" />
	</machine>
	<machine name="b700demo">
		<description>B700 Demo (UK)</description>
		<year>1983</year>
		<publisher>Commodore</publisher>
		<rom name="ukb700-demo.d80" size="533248" crc="dc7f9f48" sha1="b1778b7d8e8c2f1749ec05485b01878e4271b4f9" />
	</machine>
	<machine name="beeline">
		<description>BeeLine (v2.0)</description>
		<year>1986</year>
		<publisher>J &amp; K Lemkelde</publisher>
		<rom name="beeline.d80" size="533248" crc="e2a2a13c" sha1="3c8c26b7ef402c8f39429302ac2bf754ca974635" />
	</machine>
	<machine name="burnin">
		<description>Factory Burn In Diagnostics for B Series</description>
		<year>1983</year>
		<publisher>Commodore</publisher>
		<rom name="cbm2-burnin.d80" size="533248" crc="b716a2af" sha1="b9c12437a178a574675168ec3f751afc7d24b638" />
	</machine>
	<machine name="calcresu">
		<description>Calc Result</description>
		<year>1983</year>
		<publisher>Handic Software</publisher>
		<rom name="calc_result-bx700.bin" size="8192" crc="4775ebb3" sha1="5c6928a9cd8a3ce6a1d11221292b832295d6543e" />
		<rom name="calc_result_700_bx_single_version_v1.0.d82" size="1070662" crc="244a2122" sha1="44661ed8e3307bb967f97ce1f5a247ca3cded0b3" />
	</machine>
	<machine name="cbug02">
		<description>CBUG #2</description>
		<year>1983</year>
		<publisher>Chicago B128 Users Group</publisher>
		<rom name="cbug02.d80" size="533248" crc="09d364a4" sha1="5f3213e8799f4df637e0f5d6c592f6ef49666cf2" />
	</machine>
	<machine name="cbug03">
		<description>CBUG #3</description>
		<year>1983</year>
		<publisher>Chicago B128 Users Group</publisher>
		<rom name="cbug03.d80" size="533248" crc="2ecf3c47" sha1="c2b68d1b69e495715283242551e7971344f7a2a7" />
	</machine>
	<machine name="cbug04">
		<description>CBUG #4</description>
		<year>1983</year>
		<publisher>Chicago B128 Users Group</publisher>
		<rom name="cbug04.d80" size="533248" crc="aa615833" sha1="5d9a72f8669eceea223c1e43e3337b09e27e0b1f" />
	</machine>
	<machine name="cbug05">
		<description>CBUG #5</description>
		<year>1983</year>
		<publisher>Chicago B128 Users Group</publisher>
		<rom name="cbug05.d80" size="533248" crc="bd4f42ce" sha1="a44cbf5a594dff2182248999a8a04a014c816d63" />
	</machine>
	<machine name="cbug06">
		<description>CBUG #6</description>
		<year>1983</year>
		<publisher>Chicago B128 Users Group</publisher>
		<rom name="cbug06.d80" size="533248" crc="d734dc8b" sha1="e8b01501c24b16c932de9746bbc91d49c80c91d1" />
	</machine>
	<machine name="cbug07">
		<description>CBUG #7</description>
		<year>1983</year>
		<publisher>Chicago B128 Users Group</publisher>
		<rom name="cbug07.d80" size="533248" crc="fb250c96" sha1="0d763cba26edc9b42dd5dfd7d5cb94184934d56e" />
	</machine>
	<machine name="cbug08">
		<description>CBUG #8</description>
		<year>1983</year>
		<publisher>Chicago B128 Users Group</publisher>
		<rom name="cbug08.d80" size="533248" crc="9f35fde0" sha1="0923b3db904e8892037f3eba405c488f9bd6d8bc" />
	</machine>
	<machine name="cbug09">
		<description>CBUG #9</description>
		<year>1983</year>
		<publisher>Chicago B128 Users Group</publisher>
		<rom name="cbug09.d80" size="533248" crc="20de4f39" sha1="196234a189e0aa2c38f44aef6892ea97989c2ed1" />
	</machine>
	<machine name="cbug10">
		<description>CBUG #10</description>
		<year>1983</year>
		<publisher>Chicago B128 Users Group</publisher>
		<rom name="cbug10.d80" size="533248" crc="ea55aa06" sha1="5290998301f4ff390cd2ebf3b6709f46b62c1490" />
	</machine>
	<machine name="cbug11a">
		<description>CBUG #11a</description>
		<year>1983</year>
		<publisher>Chicago B128 Users Group</publisher>
		<rom name="cbug11a.d80" size="533248" crc="66a027c8" sha1="e6f18a637309c75d8a2528018c87187d7385b6f0" />
	</machine>
	<machine name="cbug11">
		<description>CBUG #11</description>
		<year>1983</year>
		<publisher>Chicago B128 Users Group</publisher>
		<rom name="cbug11.d80" size="533248" crc="3c82a5e2" sha1="6518e91cccf248740fff4b0108acd2e0e34e34a9" />
	</machine>
	<machine name="cbug12">
		<description>CBUG #12</description>
		<year>1983</year>
		<publisher>Chicago B128 Users Group</publisher>
		<rom name="cbug12.d80" size="533248" crc="2ceb7e7c" sha1="a2f17413b0afdcea6fb5359833adbf58d7e39867" />
	</machine>
	<machine name="cbug13">
		<description>CBUG #13</description>
		<year>1983</year>
		<publisher>Chicago B128 Users Group</publisher>
		<rom name="cbug13.d80" size="533248" crc="9d3f6784" sha1="b70b7721875278881e6b218b8444530fd428bfa1" />
	</machine>
	<machine name="cbug14">
		<description>CBUG #14</description>
		<year>1983</year>
		<publisher>Chicago B128 Users Group</publisher>
		<rom name="cbug14.d80" size="533248" crc="b2d7cd43" sha1="f76b4f895c818ac199ced73e6a94c6b527e67c14" />
	</machine>
	<machine name="cbug15">
		<description>CBUG #15</description>
		<year>1983</year>
		<publisher>Chicago B128 Users Group</publisher>
		<rom name="cbug15.d80" size="533248" crc="796779df" sha1="94639da95102877278b11cb5f148570e239257a7" />
	</machine>
	<machine name="cbug17">
		<description>CBUG #17</description>
		<year>1983</year>
		<publisher>Chicago B128 Users Group</publisher>
		<rom name="cbug17.d80" size="533248" crc="cf28c6d9" sha1="a430b243af6a1537ee6cff57ad7dda3fe5ffd03b" />
	</machine>
	<machine name="cbug18">
		<description>CBUG #18</description>
		<year>1983</year>
		<publisher>Chicago B128 Users Group</publisher>
		<rom name="cbug18.d80" size="533248" crc="70c5d190" sha1="230516b694b6aea429cfb8a73fc409a9bb2891d7" />
	</machine>
	<machine name="cbug19">
		<description>CBUG #19</description>
		<year>1983</year>
		<publisher>Chicago B128 Users Group</publisher>
		<rom name="cbug19.d80" size="533248" crc="46d0e934" sha1="f8e7d1293d50a1d71fb25bcfba3fb1c5983b08d1" />
	</machine>
	<machine name="cbug21">
		<description>CBUG #21</description>
		<year>1983</year>
		<publisher>Chicago B128 Users Group</publisher>
		<rom name="cbug21.d80" size="533248" crc="4225ba3c" sha1="45f24060262e7f894ce68ce86b5b7cc2941df386" />
	</machine>
	<machine name="cbug22">
		<description>CBUG #22</description>
		<year>1983</year>
		<publisher>Chicago B128 Users Group</publisher>
		<rom name="cbug22.d80" size="533248" crc="601d41f8" sha1="5b1362a2eefa5941cf20493a1242952ea6bd3fe4" />
	</machine>
	<machine name="cbug24">
		<description>CBUG #24</description>
		<year>1983</year>
		<publisher>Chicago B128 Users Group</publisher>
		<rom name="cbug24.d80" size="533248" crc="d0baffc3" sha1="53b77314590f27c0ea504b52af08253919d17cb1" />
	</machine>
	<machine name="cbug25">
		<description>CBUG #25</description>
		<year>1983</year>
		<publisher>Chicago B128 Users Group</publisher>
		<rom name="cbug25.d80" size="533248" crc="35b67761" sha1="a654b942158bd9ea5b9439039f860f44e3b06fd5" />
	</machine>
	<machine name="cbug26">
		<description>CBUG #26</description>
		<year>1983</year>
		<publisher>Chicago B128 Users Group</publisher>
		<rom name="cbug26.d80" size="533248" crc="d5916df2" sha1="fe49ed6d1b9016548ffd846af67ac87132f53d31" />
	</machine>
	<machine name="cbug27">
		<description>CBUG #27</description>
		<year>1983</year>
		<publisher>Chicago B128 Users Group</publisher>
		<rom name="cbug27.d80" size="533248" crc="8fba5beb" sha1="86266f22b4e82bc950d2a59c980292c8b1a695d3" />
	</machine>
	<machine name="cbug28">
		<description>CBUG #28</description>
		<year>1983</year>
		<publisher>Chicago B128 Users Group</publisher>
		<rom name="cbug28.d80" size="533248" crc="311e816f" sha1="fecebb75bf1dcaed7f52d238b72f366cadd8121b" />
	</machine>
	<machine name="cbug29">
		<description>CBUG #29</description>
		<year>1983</year>
		<publisher>Chicago B128 Users Group</publisher>
		<rom name="cbug29.d80" size="533248" crc="7d70aeb5" sha1="b554505d21be53223408730e82bb9a9ebc0b88d7" />
	</machine>
	<machine name="cbug30">
		<description>CBUG #30</description>
		<year>1983</year>
		<publisher>Chicago B128 Users Group</publisher>
		<rom name="cbug30.d80" size="533248" crc="1ba818bc" sha1="792d475cadada79e8b4f70e161d7c62d9ac5fde4" />
	</machine>
	<machine name="cbug31">
		<description>CBUG #31</description>
		<year>1983</year>
		<publisher>Chicago B128 Users Group</publisher>
		<rom name="cbug31.d80" size="533248" crc="f6b88fc3" sha1="e3406bd478be3e5a271cdb606b08acbcbf0f3ca0" />
	</machine>
	<machine name="cbug32">
		<description>CBUG #32</description>
		<year>1983</year>
		<publisher>Chicago B128 Users Group</publisher>
		<rom name="cbug32.d80" size="533248" crc="7350ea23" sha1="037962d31ad6080a5d37c5c74dd53aaece59e6cd" />
	</machine>
	<machine name="cbug33">
		<description>CBUG #33</description>
		<year>1983</year>
		<publisher>Chicago B128 Users Group</publisher>
		<rom name="cbug33.d80" size="533248" crc="be32bad2" sha1="b6f78fbaf137d394e8d21468c2e86aaf23fd7cfa" />
	</machine>
	<machine name="cbug36">
		<description>CBUG #36</description>
		<year>1983</year>
		<publisher>Chicago B128 Users Group</publisher>
		<rom name="cbug36.d80" size="533248" crc="11079504" sha1="82448e4b315560ecaf20e203557464b9327faebb" />
	</machine>
	<machine name="cbug37">
		<description>CBUG #37</description>
		<year>1983</year>
		<publisher>Chicago B128 Users Group</publisher>
		<rom name="cbug37.d80" size="533248" crc="44bf80c9" sha1="4cc89bfc6760f15bc447f95a831dd4bad0a985e0" />
	</machine>
	<machine name="cbug38">
		<description>CBUG #38</description>
		<year>1983</year>
		<publisher>Chicago B128 Users Group</publisher>
		<rom name="cbug38.d80" size="533248" crc="16d26b36" sha1="ef008cea97f637637268524f4e857c2d405380d4" />
	</machine>
	<machine name="cbug39">
		<description>CBUG #39</description>
		<year>1983</year>
		<publisher>Chicago B128 Users Group</publisher>
		<rom name="cbug39.d80" size="533248" crc="6e7560bb" sha1="316e1601cad5f74d84e1346518e5cbfa7b5f211e" />
	</machine>
	<machine name="cbug40">
		<description>CBUG #40</description>
		<year>1983</year>
		<publisher>Chicago B128 Users Group</publisher>
		<rom name="cbug40.d80" size="533248" crc="40538765" sha1="88b83f35455782f3a4a90c341850ca7ba48dceb8" />
	</machine>
	<machine name="cbug41">
		<description>CBUG #41</description>
		<year>1983</year>
		<publisher>Chicago B128 Users Group</publisher>
		<rom name="cbug41.d80" size="533248" crc="8c47e71b" sha1="215266e1282b83b4eca5e572b51ba5d743e30824" />
	</machine>
	<machine name="cbug42">
		<description>CBUG #42</description>
		<year>1983</year>
		<publisher>Chicago B128 Users Group</publisher>
		<rom name="cbug42.d80" size="533248" crc="3ddec7e3" sha1="75e9599cbdd0848beadfc4998758fae227c98171" />
	</machine>
	<machine name="cbug43">
		<description>CBUG #43</description>
		<year>1983</year>
		<publisher>Chicago B128 Users Group</publisher>
		<rom name="cbug43.d80" size="533248" crc="98a673a5" sha1="eac5ce9e56a9d95885decaa1cc3a0632cdf76fbe" />
	</machine>
	<machine name="cbug44">
		<description>CBUG #44</description>
		<year>1983</year>
		<publisher>Chicago B128 Users Group</publisher>
		<rom name="cbug44a\cbug44a.d80" size="533248" crc="2fd1cf36" sha1="9625a6ac43811f2b9a024ac585dd7ddbef793b69" />
		<rom name="cbug44.d80" size="533248" crc="202fc2b1" sha1="74d6e3e36ce713214f799bf9afe0cca458d555fa" />
	</machine>
	<machine name="cbug46">
		<description>CBUG #46</description>
		<year>1983</year>
		<publisher>Chicago B128 Users Group</publisher>
		<rom name="cbug46.d80" size="533248" crc="675ef0f6" sha1="b5c0fa98df2d6db6f887cf793a55104a8bce4fa7" />
	</machine>
	<machine name="cbug47">
		<description>CBUG #47</description>
		<year>1983</year>
		<publisher>Chicago B128 Users Group</publisher>
		<rom name="cbug47a\cbug47a.d80" size="533248" crc="70a909af" sha1="40bbb38a0ff431c2aaa51a1230838e1ecab2bf62" />
		<rom name="cbug47.d80" size="533248" crc="883c67d9" sha1="eec9fd273dafab516f01d0988f86645c7856208b" />
	</machine>
	<machine name="cbug48">
		<description>CBUG #48</description>
		<year>1983</year>
		<publisher>Chicago B128 Users Group</publisher>
		<rom name="cbug48a\cbug48a.d80" size="533248" crc="8639a5d9" sha1="a58c296168800e95fd4f529017725fb5a058c140" />
		<rom name="cbug48.d80" size="533248" crc="d6d5d44e" sha1="7f9c4302db07603590a8548bfcf93bd98f953141" />
	</machine>
	<machine name="cbug49">
		<description>CBUG #49</description>
		<year>1983</year>
		<publisher>Chicago B128 Users Group</publisher>
		<rom name="cbug49.d80" size="533248" crc="9d2bb8a8" sha1="b9117aec83c17d97c086ffd462f423a93aa84011" />
	</machine>
	<machine name="cbug50">
		<description>CBUG #50</description>
		<year>1983</year>
		<publisher>Chicago B128 Users Group</publisher>
		<rom name="cbug50.d80" size="533248" crc="1fc33e61" sha1="b17cfdc3503fb717cf13ad5272579287d241a6a9" />
	</machine>
	<machine name="cbug51i">
		<description>CBUG #51.i</description>
		<year>1983</year>
		<publisher>Chicago B128 Users Group</publisher>
		<rom name="cbug51i.d80" size="533248" crc="202e2ab8" sha1="4a6e514c45069ffa09b4057ee60ccfcc51c89bf0" />
	</machine>
	<machine name="cbug51p">
		<description>CBUG #51.p</description>
		<year>1983</year>
		<publisher>Chicago B128 Users Group</publisher>
		<rom name="cbug51p.d80" size="533248" crc="b2bdee0b" sha1="a9f1361832ed0f3738effce8a232187d1dbcc578" />
	</machine>
	<machine name="cbug52">
		<description>CBUG #52</description>
		<year>1983</year>
		<publisher>Chicago B128 Users Group</publisher>
		<rom name="cbug52.d80" size="533248" crc="6e7560bb" sha1="316e1601cad5f74d84e1346518e5cbfa7b5f211e" />
	</machine>
	<machine name="cbug53">
		<description>CBUG #53</description>
		<year>1983</year>
		<publisher>Chicago B128 Users Group</publisher>
		<rom name="cbug53.d80" size="533248" crc="8c48d543" sha1="2a25fd4ff5596e94c77e418ce37696d579b71ed8" />
	</machine>
	<machine name="cbug54">
		<description>CBUG #54</description>
		<year>1983</year>
		<publisher>Chicago B128 Users Group</publisher>
		<rom name="cbug54.d80" size="533248" crc="e533b9bd" sha1="f64a232869fec3eeba7dc866586034d90f2dab44" />
	</machine>
	<machine name="cbug55">
		<description>CBUG #55</description>
		<year>1983</year>
		<publisher>Chicago B128 Users Group</publisher>
		<rom name="cbug55.d80" size="533248" crc="ea49680b" sha1="0bea8ffd3c6f56614daa50c8a1809675b3a16215" />
	</machine>
	<machine name="cbug56">
		<description>CBUG #56</description>
		<year>1983</year>
		<publisher>Chicago B128 Users Group</publisher>
		<rom name="cbug56.d80" size="533248" crc="164689e7" sha1="920e7ff87a4d0b4c1e2b44054466fb75ac3b2658" />
	</machine>
	<machine name="cbug57">
		<description>CBUG #57</description>
		<year>1983</year>
		<publisher>Chicago B128 Users Group</publisher>
		<rom name="cbug57.d80" size="533248" crc="0efd6a05" sha1="ad145355d04cc83df5cdeee9896d90aba8c3014a" />
	</machine>
	<machine name="cbug58">
		<description>CBUG #58</description>
		<year>1983</year>
		<publisher>Chicago B128 Users Group</publisher>
		<rom name="cbug58.d80" size="533248" crc="80fb650b" sha1="2ce64fea8d65fa6587e5b261877a22ef6c50acf3" />
	</machine>
	<machine name="cbug59">
		<description>CBUG #59</description>
		<year>1983</year>
		<publisher>Chicago B128 Users Group</publisher>
		<rom name="cbug59.d80" size="533248" crc="685af3a2" sha1="cdabc81b06cd5eb142730e649b9a26d7ad78cdc5" />
	</machine>
	<machine name="cbug60">
		<description>CBUG #60</description>
		<year>1983</year>
		<publisher>Chicago B128 Users Group</publisher>
		<rom name="cbug60a\cbug60a.d80" size="533248" crc="b852c24d" sha1="561c298ffe8dab5dfbabce18fb01e19ed29d28f3" />
		<rom name="cbug60.d80" size="533248" crc="54bc9bf6" sha1="c2223ffd286d123e3529ab954be2511b83cb00c9" />
	</machine>
	<machine name="cbug61">
		<description>CBUG #61</description>
		<year>1983</year>
		<publisher>Chicago B128 Users Group</publisher>
		<rom name="cbug61.d80" size="533248" crc="84079189" sha1="82eede2c6cdbdd1621d1b0149e3d22a4862f4c9e" />
	</machine>
	<machine name="cbug62">
		<description>CBUG #62</description>
		<year>1983</year>
		<publisher>Chicago B128 Users Group</publisher>
		<rom name="cbug62.d80" size="533248" crc="6e63f34d" sha1="7b1273430d4211cad8f021323de2ea7a2982bbc5" />
	</machine>
	<machine name="cbug63">
		<description>CBUG #63</description>
		<year>1983</year>
		<publisher>Chicago B128 Users Group</publisher>
		<rom name="cbug63a.d80" size="533248" crc="abfe3572" sha1="926e25a5d18335e602f3ec1ff9b32e2db1ee7a1a" />
		<rom name="cbug63b.d80" size="533248" crc="9b4e7a4d" sha1="712ce9cc42a885a39820834b71fa2069b3632de6" />
	</machine>
	<machine name="cbug64">
		<description>CBUG #64</description>
		<year>1983</year>
		<publisher>Chicago B128 Users Group</publisher>
		<rom name="cbug64.d80" size="533248" crc="5eef626c" sha1="31f6d762767e5fcb31bb0e1074e9419179ba6e50" />
	</machine>
	<machine name="cbug65">
		<description>CBUG #65</description>
		<year>1983</year>
		<publisher>Chicago B128 Users Group</publisher>
		<rom name="cbug65.d80" size="533248" crc="58ff4bc3" sha1="47a78e91dae0a2db7e73972b35b379ffd76441e8" />
	</machine>
	<machine name="cbug66">
		<description>CBUG #66</description>
		<year>1983</year>
		<publisher>Chicago B128 Users Group</publisher>
		<rom name="cbug66.d80" size="533248" crc="4bb24013" sha1="066b4be9ffe9d416d9ed1f4c70d476a5715a72f8" />
	</machine>
	<machine name="cbug67">
		<description>CBUG #67</description>
		<year>1983</year>
		<publisher>Chicago B128 Users Group</publisher>
		<rom name="cbug67.d80" size="533248" crc="0b44b106" sha1="23b7cba7cb7bf05256cd68ed81ba81ba77ccf41c" />
	</machine>
	<machine name="cbug68">
		<description>CBUG #68</description>
		<year>1983</year>
		<publisher>Chicago B128 Users Group</publisher>
		<rom name="cbug68.d80" size="533248" crc="0b0b39ad" sha1="e368a85c6d05953592aa1837eec639965edf5b76" />
	</machine>
	<machine name="cbug69">
		<description>CBUG #69</description>
		<year>1983</year>
		<publisher>Chicago B128 Users Group</publisher>
		<rom name="cbug69.d80" size="533248" crc="2dcd38f3" sha1="3a94d9588128d33d88413c083af28b42f1fe9ed3" />
	</machine>
	<machine name="cbug70">
		<description>CBUG #70</description>
		<year>1983</year>
		<publisher>Chicago B128 Users Group</publisher>
		<rom name="cbug70.d80" size="533248" crc="23d2bebd" sha1="e9ddd97e120d479ba93e6d3abeb3090a574198e2" />
	</machine>
	<machine name="cbug71">
		<description>CBUG #71</description>
		<year>1983</year>
		<publisher>Chicago B128 Users Group</publisher>
		<rom name="cbug71.d80" size="533248" crc="50188eac" sha1="d9f3d401956aefd754bb326e5a3996a20232cd1c" />
	</machine>
	<machine name="cbug72">
		<description>CBUG #72</description>
		<year>1983</year>
		<publisher>Chicago B128 Users Group</publisher>
		<rom name="cbug72.d80" size="533248" crc="139b2277" sha1="60f3f0715be52570ee3818df35704e81f28b1700" />
	</machine>
	<machine name="cbug73">
		<description>CBUG #73</description>
		<year>1983</year>
		<publisher>Chicago B128 Users Group</publisher>
		<rom name="cbug73.d80" size="533248" crc="8a3471d4" sha1="11da39924d388ae78256fbc9af8f8de7328dbdc0" />
	</machine>
	<machine name="cbug74">
		<description>CBUG #74</description>
		<year>1983</year>
		<publisher>Chicago B128 Users Group</publisher>
		<rom name="cbug74.d80" size="533248" crc="3bf71436" sha1="e511252eb3561380c860469206378eff1146f546" />
	</machine>
	<machine name="cbug75">
		<description>CBUG #75</description>
		<year>1983</year>
		<publisher>Chicago B128 Users Group</publisher>
		<rom name="cbug75.d80" size="533248" crc="70ba78a1" sha1="d6b5ac7c3083c29086c2da0407b49057e51a6a3f" />
	</machine>
	<machine name="cbug76">
		<description>CBUG #76</description>
		<year>1983</year>
		<publisher>Chicago B128 Users Group</publisher>
		<rom name="cbug76.1.d80" size="533248" crc="00f00dd8" sha1="db518837e1bca45c954756d5fbdcf140e1a952f6" />
		<rom name="cbug76.2.d80" size="533248" crc="61e5db2d" sha1="83b5fad73da5e2a1b3a55975e69a0f522e67c117" />
		<rom name="cbug76.3.d80" size="533248" crc="7568be7a" sha1="eba13b375828ed48efda13847352a9544c748fc0" />
		<rom name="cbug76.4.d80" size="533248" crc="e146653d" sha1="e270e63b96de455d8e01891433397a4162fc28a3" />
		<rom name="cbug76.5.d80" size="533248" crc="f851ad5c" sha1="6fc895feb89f103629cfec6460e768fb08d34133" />
		<rom name="cbug76.6.d80" size="533248" crc="50700c4b" sha1="80570edb2fd9d961d4993da5678110656bea34fc" />
		<rom name="cbug76.7.d80" size="533248" crc="1d6af3c3" sha1="f4512c2b01b6902471d402a3b57a551d0d30bdf1" />
		<rom name="cbug76.8.d80" size="533248" crc="9b899f36" sha1="1b199b346bb0bffab17f0c694ae878985002967c" />
		<rom name="cbug76.9.d80" size="533248" crc="e50a1191" sha1="3b166981f8b83675ddd0c0ddb80fd34b200f1a0f" />
	</machine>
	<machine name="cbug77">
		<description>CBUG #77</description>
		<year>1983</year>
		<publisher>Chicago B128 Users Group</publisher>
		<rom name="cbug77.1.d80" size="533248" crc="79b9eb2a" sha1="e017514c34e40df3b3c0f8ff6854684cbadf065c" />
		<rom name="cbug77.2.d80" size="533248" crc="afc8b43e" sha1="692dce4b949401453d3a6596eaf612e2be900ba0" />
		<rom name="cbug77.3.d80" size="533248" crc="bc0b4e95" sha1="539a5c25b3834582201afbac18676d95592bac2c" />
		<rom name="cbug77.4.d80" size="533248" crc="3cc1e0f2" sha1="066405ce32b7acc29094c97db9c622299db9e11d" />
	</machine>
	<machine name="cbug78">
		<description>CBUG #78</description>
		<year>1983</year>
		<publisher>Chicago B128 Users Group</publisher>
		<rom name="cbug78.d80" size="533248" crc="fe2acc67" sha1="c944bb91041de740ac6e4363935e55a78638fce2" />
	</machine>
	<machine name="cbug79">
		<description>CBUG #79</description>
		<year>1983</year>
		<publisher>Chicago B128 Users Group</publisher>
		<rom name="cbug79.d80" size="533248" crc="e47e202a" sha1="f23f98e4767124401f9c2818136422d8b64cb07d" />
	</machine>
	<machine name="cbug81">
		<description>CBUG #81</description>
		<year>1983</year>
		<publisher>Chicago B128 Users Group</publisher>
		<rom name="cbug81.d80" size="533248" crc="b9d5ef05" sha1="160719d5acb1423391848a5cd40d7a891b1a1efd" />
	</machine>
	<machine name="cbug83">
		<description>CBUG #83</description>
		<year>1983</year>
		<publisher>Chicago B128 Users Group</publisher>
		<rom name="cbug83.d80" size="533248" crc="7fbeb655" sha1="ca9d1fa7f0eb78cd82f5a7ce8d5b437c417bb6e8" />
	</machine>
	<machine name="cbug84">
		<description>CBUG #84</description>
		<year>1983</year>
		<publisher>Chicago B128 Users Group</publisher>
		<rom name="cbug84.d80" size="533248" crc="f841161f" sha1="09f74868edd999ad9e1eb892da4329c1797f7510" />
	</machine>
	<machine name="cbug85">
		<description>CBUG #85</description>
		<year>1983</year>
		<publisher>Chicago B128 Users Group</publisher>
		<rom name="cbug85.d80" size="533248" crc="d3f2495f" sha1="cdb86446828a45ab84efb8278eeaab7afa9e40f4" />
	</machine>
	<machine name="cbug86">
		<description>CBUG #86</description>
		<year>1983</year>
		<publisher>Chicago B128 Users Group</publisher>
		<rom name="cbug86.d80" size="533248" crc="632abcf0" sha1="11a75f25db6b868dc04e401ef72f6833c17b833c" />
	</machine>
	<machine name="cbug87">
		<description>CBUG #87</description>
		<year>1983</year>
		<publisher>Chicago B128 Users Group</publisher>
		<rom name="cbug87.d80" size="533248" crc="a99d47ae" sha1="2fc8af3712449bde66d1da3f64072baf7b7e2939" />
	</machine>
	<machine name="cbug88">
		<description>CBUG #88</description>
		<year>1983</year>
		<publisher>Chicago B128 Users Group</publisher>
		<rom name="cbug88.d80" size="533248" crc="e40303fd" sha1="7cdc78236e4f0f59a43b3f1d3dea2a4306c2741c" />
	</machine>
	<machine name="cbug89">
		<description>CBUG #89</description>
		<year>1983</year>
		<publisher>Chicago B128 Users Group</publisher>
		<rom name="cbug89.d80" size="533248" crc="c5ccfe16" sha1="f45f6e96d050fae5edba0ed385c061016194f27d" />
	</machine>
	<machine name="cbug90">
		<description>CBUG #90</description>
		<year>1983</year>
		<publisher>Chicago B128 Users Group</publisher>
		<rom name="cbug90.d80" size="533248" crc="efe2b6e3" sha1="e8d47dbcff664f22b8c6f9c0dd3b6f69006b5eef" />
	</machine>
	<machine name="cbug91">
		<description>CBUG #91</description>
		<year>1983</year>
		<publisher>Chicago B128 Users Group</publisher>
		<rom name="cbug91-1.d80" size="533248" crc="13aeeb6f" sha1="b0d7d3b6e49e024cdd5c45c2e8506fa3c8023ece" />
		<rom name="cbug91-2.d80" size="533248" crc="9f513dd1" sha1="8e54ff73b9c8940e3f85a5bf67a7d1e7a224ea29" />
	</machine>
	<machine name="cbug92">
		<description>CBUG #92</description>
		<year>1983</year>
		<publisher>Chicago B128 Users Group</publisher>
		<rom name="cbug92.d80" size="533248" crc="9229e68e" sha1="2441ca84b6f28e268cbe797409f7b900e1f9db7d" />
	</machine>
	<machine name="cbug93">
		<description>CBUG #93</description>
		<year>1983</year>
		<publisher>Chicago B128 Users Group</publisher>
		<rom name="cbug93.d80" size="533248" crc="134c012b" sha1="6c34a4d619c3086bf9051c3279446474fb63d18c" />
	</machine>
	<machine name="cbug94">
		<description>CBUG #94</description>
		<year>1983</year>
		<publisher>Chicago B128 Users Group</publisher>
		<rom name="cbug94.d80" size="533248" crc="e8acf1f7" sha1="ff1ff521f5a6276af8f07946be282827de1bd26b" />
	</machine>
	<machine name="cbug95">
		<description>CBUG #95</description>
		<year>1983</year>
		<publisher>Chicago B128 Users Group</publisher>
		<rom name="cbug95.d80" size="533248" crc="33a152fe" sha1="94b2ba626047d4ea14044c793f6b1386bf889784" />
	</machine>
	<machine name="cbug96">
		<description>CBUG #96</description>
		<year>1983</year>
		<publisher>Chicago B128 Users Group</publisher>
		<rom name="cbug96-1.d80" size="533248" crc="01c863d4" sha1="531ee1aaaf1bab13228ef3ac702b9949f30ef593" />
		<rom name="cbug96-2.d80" size="533248" crc="07d31e96" sha1="c5e2703627b81eb4aa94d62e29d86f6e182b842d" />
	</machine>
	<machine name="cbug97">
		<description>CBUG #97</description>
		<year>1983</year>
		<publisher>Chicago B128 Users Group</publisher>
		<rom name="cbug97.d80" size="533248" crc="eb198d65" sha1="336d72e4a69eabe4a71ec5f2cb7a9124c8dc8ef9" />
	</machine>
	<machine name="cbug98">
		<description>CBUG #98</description>
		<year>1983</year>
		<publisher>Chicago B128 Users Group</publisher>
		<rom name="cbug98.d80" size="533248" crc="b38079ca" sha1="9ceafb8f97c417c6fcbe4ef3a0daebb609ab4bd7" />
	</machine>
	<machine name="cbugm20">
		<description>CBUG #M20</description>
		<year>1983</year>
		<publisher>Chicago B128 Users Group</publisher>
		<rom name="cbugm20.d80" size="533248" crc="ceb3b8e2" sha1="9812b638177bba8d9a59f996f092c88d1f75666f" />
	</machine>
	<machine name="cbugm45">
		<description>CBUG #M45</description>
		<year>1983</year>
		<publisher>Chicago B128 Users Group</publisher>
		<rom name="cbugm45.d80" size="533248" crc="44218c61" sha1="472120d840c0ff86dcd8097fa722abad150a6797" />
	</machine>
	<machine name="cbugm54">
		<description>CBUG #M54</description>
		<year>1983</year>
		<publisher>Chicago B128 Users Group</publisher>
		<rom name="cbugm54.d80" size="533248" crc="9b0b08b8" sha1="b532327f7dd8fbcf3217477449ee23f8eeae38b4" />
	</machine>
	<machine name="cbugm55">
		<description>CBUG #M55</description>
		<year>1983</year>
		<publisher>Chicago B128 Users Group</publisher>
		<rom name="cbugm55.d80" size="533248" crc="ef671967" sha1="9d91a981984c797c42429f7c4b989b9bef8ae839" />
	</machine>
	<machine name="cbugm80">
		<description>CBUG #M80</description>
		<year>1983</year>
		<publisher>Chicago B128 Users Group</publisher>
		<rom name="cbugm80.d80" size="533248" crc="75076703" sha1="9a30721bffc6dd16b92372e99fd45339775a7b1a" />
	</machine>
	<machine name="cbugm82">
		<description>CBUG #M82</description>
		<year>1983</year>
		<publisher>Chicago B128 Users Group</publisher>
		<rom name="cbugm82.d80" size="533248" crc="57635ef8" sha1="8fe1d3b1611c213edf8317da521a87611180bc07" />
	</machine>
	<machine name="cbugpr01">
		<description>CBUG #PR1</description>
		<year>1983</year>
		<publisher>Chicago B128 Users Group</publisher>
		<rom name="cbugpr01.d80" size="533248" crc="e2557ef1" sha1="2cf49ce6d1ccd05777f3817b8bfbcc59f319d2a1" />
	</machine>
	<machine name="cbugpr02">
		<description>CBUG #PR2</description>
		<year>1983</year>
		<publisher>Chicago B128 Users Group</publisher>
		<rom name="cbugpr02.d80" size="533248" crc="4abb4d1c" sha1="a67977ecf24c4965774cb53e71624e20adeaa95c" />
	</machine>
	<machine name="cbugpr03">
		<description>CBUG #PR3</description>
		<year>1983</year>
		<publisher>Chicago B128 Users Group</publisher>
		<rom name="cbugpr03.d80" size="533248" crc="c273b68c" sha1="68c80f469783a1f12f71801ee7c1f36e1fafb5d0" />
	</machine>
	<machine name="cbugpr04">
		<description>CBUG #PR4</description>
		<year>1983</year>
		<publisher>Chicago B128 Users Group</publisher>
		<rom name="cbugpr04.d80" size="533248" crc="1ee15549" sha1="fcb967e3f6dadca1a52c567d5f397539b917e2a1" />
	</machine>
	<machine name="cbugpr05">
		<description>CBUG #PR5</description>
		<year>1983</year>
		<publisher>Chicago B128 Users Group</publisher>
		<rom name="cbugpr05.d80" size="533248" crc="88362d70" sha1="d25163990e9086271e23ee889bee44334dbf7f2d" />
	</machine>
	<machine name="cbugpr06">
		<description>CBUG #PR6p</description>
		<year>1983</year>
		<publisher>Chicago B128 Users Group</publisher>
		<rom name="cbugpr06p.d80" size="533248" crc="f7abe7f4" sha1="bd14ff8f5bb5dd377efcb488357135305be716e0" />
	</machine>
	<machine name="cbugpr08">
		<description>CBUG #PR8</description>
		<year>1983</year>
		<publisher>Chicago B128 Users Group</publisher>
		<rom name="cbugpr08.d80" size="533248" crc="08c64534" sha1="aa05cc0587cf9e80e72ea602a8786ed54c06a0be" />
	</machine>
	<machine name="cbugpr09">
		<description>CBUG #PR9</description>
		<year>1983</year>
		<publisher>Chicago B128 Users Group</publisher>
		<rom name="cbugpr09.d80" size="533248" crc="9a8b1593" sha1="23307a90b46acd4c4ad5e97b5cb9418e06268948" />
	</machine>
	<machine name="cbugpr10">
		<description>CBUG #PR10</description>
		<year>1983</year>
		<publisher>Chicago B128 Users Group</publisher>
		<rom name="cbugpr10.d80" size="533248" crc="74d24f30" sha1="5af5e97e6c016e975ad9ba562d16112172fb2c42" />
	</machine>
	<machine name="cbugpr11">
		<description>CBUG #PR11</description>
		<year>1983</year>
		<publisher>Chicago B128 Users Group</publisher>
		<rom name="cbugpr11.d80" size="533248" crc="77925f0b" sha1="6fc84c04f2ff91e3fd47b20394ecd90ce0e4239c" />
	</machine>
	<machine name="cbugpr12">
		<description>CBUG #PR12</description>
		<year>1983</year>
		<publisher>Chicago B128 Users Group</publisher>
		<rom name="cbugpr12.d80" size="533248" crc="2973a207" sha1="20227a8eaac113cfb883c4d96a9ee2c9acc42c02" />
	</machine>
	<machine name="cbugpr13">
		<description>CBUG #PR13</description>
		<year>1983</year>
		<publisher>Chicago B128 Users Group</publisher>
		<rom name="cbugpr13.d80" size="533248" crc="ef25f030" sha1="97c1c44c47732e029cc95340667cae2f7e934807" />
	</machine>
	<machine name="cbugpr14">
		<description>CBUG #PR14</description>
		<year>1983</year>
		<publisher>Chicago B128 Users Group</publisher>
		<rom name="cbugpr14.d80" size="533248" crc="0099b0f4" sha1="0f6bf95c4250ccbb3b18b50ce21582543bd4a3a2" />
	</machine>
	<machine name="cbugpr15">
		<description>CBUG #PR15</description>
		<year>1983</year>
		<publisher>Chicago B128 Users Group</publisher>
		<rom name="cbugpr15.d80" size="533248" crc="9ab8c99e" sha1="74a24eca548e92b51f30e3f52939738099efaacd" />
	</machine>
	<machine name="cbugpr16">
		<description>CBUG #PR16</description>
		<year>1983</year>
		<publisher>Chicago B128 Users Group</publisher>
		<rom name="cbugpr16.d80" size="533248" crc="ecd40443" sha1="6b1c2cacadc2975f229c6351d44e9ab199e8ad77" />
	</machine>
	<machine name="cbugpr17">
		<description>CBUG #PR17</description>
		<year>1983</year>
		<publisher>Chicago B128 Users Group</publisher>
		<rom name="cbugpr17.d80" size="533248" crc="e258a470" sha1="47d559570f7c1f6289b30261c87cdca8b55de56d" />
	</machine>
	<machine name="cbugpr18">
		<description>CBUG #PR18</description>
		<year>1983</year>
		<publisher>Chicago B128 Users Group</publisher>
		<rom name="cbugpr18.d80" size="533248" crc="89556c22" sha1="3a66495f676ba4faf4d7575b0da853a3b2f08a7f" />
	</machine>
	<machine name="cbugpr19">
		<description>CBUG #PR19</description>
		<year>1983</year>
		<publisher>Chicago B128 Users Group</publisher>
		<rom name="cbugpr19.d80" size="533248" crc="c384cfde" sha1="2657e3bb8ee3f93550a40aa282e025537d69b669" />
	</machine>
	<machine name="cbugpr20">
		<description>CBUG #PR20</description>
		<year>1983</year>
		<publisher>Chicago B128 Users Group</publisher>
		<rom name="cbugpr20.d80" size="533248" crc="281e1c4b" sha1="bbf0a208c676dcb235af4861c9d8976fb88d4412" />
	</machine>
	<machine name="cbugrr01">
		<description>CBUG #RR1</description>
		<year>1983</year>
		<publisher>Chicago B128 Users Group</publisher>
		<rom name="cbugrr01.d80" size="533248" crc="4185db5c" sha1="db1a991b884dda0f4426c5719e2d595d24d75694" />
	</machine>
	<machine name="cpm6509">
		<description>CP/M 6509</description>
		<year>198?</year>
		<publisher>&lt;unknown&gt;</publisher>
		<rom name="6509bioscpm-d0.d80" size="533248" crc="b5333233" sha1="83907995853a8aa38e8fb5609841f2f91f513758" />
		<rom name="6509bioscpm-d1.d80" size="533248" crc="bc746f8c" sha1="f1bfafb60aee1acd2afd00fa165675a787a4d14a" />
	</machine>
	<machine name="diags">
		<description>B128/256 Diags</description>
		<year>198?</year>
		<publisher>&lt;unknown&gt;</publisher>
		<rom name="b128-256diags.d80" size="533248" crc="8082fe73" sha1="86cf972e13ff729b4916e9995c51658973a1c50d" />
	</machine>
	<machine name="fastbus">
		<description>B-128 Fast Bus</description>
		<year>198?</year>
		<publisher>&lt;unknown&gt;</publisher>
		<rom name="b-128 fast bus.d80" size="533248" crc="04cb3692" sha1="4d60d77a4a25aeafa608c7198d8fb59f4b135518" />
	</machine>
	<machine name="normcopy">
		<description>Norm's Copier for the 8050</description>
		<year>198?</year>
		<publisher>Jesse Knight</publisher>
		<rom name="norm's copier.d80" size="533248" crc="913907cf" sha1="16c824ee1001fd9682b2fb627003529b30fa5e31" />
	</machine>
	<machine name="proxa7k">
		<description>Proxa 7000</description>
		<year>198?</year>
		<publisher>Ultra Electronic</publisher>
		<rom name="proxa7000d1.d82" size="1066496" crc="9cd9b57f" sha1="79358e050a8a3c0c336c8c4a579af86aefe787a3" />
		<rom name="proxa7000d2.d82" size="1066496" crc="6e0f7e44" sha1="4d742b82956126ff568762f8e82ad7290e6cc8a4" />
	</machine>
	<machine name="sampler">
		<description>CBM 700 Software Sampler</description>
		<year>198?</year>
		<publisher>&lt;unknown&gt;</publisher>
		<rom name="disk2002.d80" size="533248" crc="bed6b1cd" sha1="624ae3c03c03274cc66d027c6be331f064c7773c" />
	</machine>
	<machine name="superbse">
		<description>Superbase 700 (v2.06)</description>
		<year>1983</year>
		<publisher>Precision Software</publisher>
		<rom name="superbase 700.d80" size="533248" crc="4c4b1b9e" sha1="70ab9636609de2eb2a1a7963b6b5eafdfa98cb89" />
	</machine>
	<machine name="supersc2">
		<description>Superscript II (v1.0)</description>
		<year>1982</year>
		<publisher>Precision Software</publisher>
		<rom name="superscriptii.d80" size="533248" crc="e3da7e0d" sha1="e9e303857ee4b0c0655050a97142f75b2ad13838" />
	</machine>
	<machine name="termv2">
		<description>Terminal Version 2.0 for B Series</description>
		<year>1983</year>
		<publisher>Commodore</publisher>
		<rom name="cbmtermv2.d80" size="533248" crc="cd0d4cd4" sha1="e0064bfe4576171cf852cb0bf4b61630a653529a" />
	</machine>
	<machine name="wordresu">
		<description>Word Result</description>
		<year>198?</year>
		<publisher>Handic Software</publisher>
		<rom name="901225-01.bin" size="4096" crc="ec4272ee" sha1="adc7c31e18c7c7413d54802ef2f4193da14711aa" />
	</machine>
</datafile>