<?xml version="1.0" encoding="utf-8"?>
<!DOCTYPE datafile PUBLIC "-//Logiqx//DTD ROM Management Datafile//EN" "http://www.logiqx.com/Dats/datafile.dtd">
<datafile>
	<header>
		<name>cbm2_cart</name>
		<description>Commodore CBM-II cartridges</description>
		<version>0.274</version>
		<author>Pleasuredome</author>
	</header>
	<machine name="demo1">
		<description>Demo 1</description>
		<year>198?</year>
		<publisher>&lt;unknown&gt;</publisher>
		<rom name="cbm610-cart1-blue-right.bin" size="8192" crc="61a5008b" sha1="02db07ca68631aefb69e5db41fada27486263c69" />
		<rom name="cbm610-cart1-red-left.bin" size="8192" crc="be426f3d" sha1="da6f1099fd09165f8ee454e2e517cfc523deb8b7" />
	</machine>
	<machine name="demo2">
		<description>Demo 2</description>
		<year>198?</year>
		<publisher>&lt;unknown&gt;</publisher>
		<rom name="cbm610-cart2-green-right.bin" size="8192" crc="61a5008b" sha1="02db07ca68631aefb69e5db41fada27486263c69" />
		<rom name="cbm610-cart2-white-left.bin" size="8192" crc="aeb6881c" sha1="4bdabbd7d6d642f916b5a91155396c98fce591a3" />
	</machine>
	<machine name="moni610">
		<description>Moni 610</description>
		<year>1988</year>
		<publisher>Ullrich von Bassewitz</publisher>
		<rom name="moni610.bin" size="8192" crc="43b08d1f" sha1="9c0c24907e85674348dd58e81e6da64e157e9d0f" />
	</machine>
	<machine name="profitxt">
		<description>Profi-Text</description>
		<year>198?</year>
		<publisher>Völkner Electronic</publisher>
		<rom name="profitext.bin" size="8192" crc="ac622a2b" sha1="a02fcd187b7493a08379bbaef3d4296a083d30c8" />
	</machine>
	<machine name="vt52">
		<description>VT52 Emulator (Hun)</description>
		<year>1986</year>
		<publisher>&lt;unknown&gt;</publisher>
		<rom name="vt52emu.bin" size="8192" crc="b3b6173a" sha1="dd4a412a1a6ce4272b02d731364dd6dc96a4570b" />
	</machine>
</datafile>