<?xml version="1.0" encoding="utf-8"?>
<!DOCTYPE datafile PUBLIC "-//Logiqx//DTD ROM Management Datafile//EN" "http://www.logiqx.com/Dats/datafile.dtd">
<datafile>
	<header>
		<name>cbm8096_flop</name>
		<description>Commodore 8096 diskettes</description>
		<version>0.274</version>
		<author>Pleasuredome</author>
	</header>
	<machine name="geckos">
		<description>GeckOS/A65 (v2.0)</description>
		<year>1999</year>
		<publisher>André Fachat</publisher>
		<rom name="cbm8x96.d64" size="174848" crc="33210394" sha1="ab59246300847b9ccb00b10f220253bae20e76b2" />
	</machine>
	<machine name="los96">
		<description>LOS-96</description>
		<year>1981</year>
		<publisher>Commodore</publisher>
		<rom name="los96disk.d64" size="174848" crc="b78332c5" sha1="744509449b09fae636f47ac47e6496672c2f7ff0" status="baddump" />
	</machine>
</datafile>