<?xml version="1.0" encoding="utf-8"?>
<!DOCTYPE datafile PUBLIC "-//Logiqx//DTD ROM Management Datafile//EN" "http://www.logiqx.com/Dats/datafile.dtd">
<datafile>
	<header>
		<name>challenge_gear_cart</name>
		<description>Benesse Challenge Gear cartridges</description>
		<version>0.274</version>
		<author>Pleasuredome</author>
	</header>
	<machine name="6grade">
		<description>Challenge 6-nensei</description>
		<year>2003</year>
		<publisher>Benesse Corporation</publisher>
		<rom name="MS040601.ic1" size="524288" crc="487ecb9c" sha1="bc89468aff7f06f1694eed17f15cab46c0d1638e" />
	</machine>
</datafile>