<?xml version="1.0" encoding="utf-8"?>
<!DOCTYPE datafile PUBLIC "-//Logiqx//DTD ROM Management Datafile//EN" "http://www.logiqx.com/Dats/datafile.dtd">
<datafile>
	<header>
		<name>entex_sag</name>
		<description>Select-A-Game cartridges</description>
		<version>0.274</version>
		<author>Pleasuredome</author>
	</header>
	<machine name="baseb4">
		<description>Baseball 4</description>
		<year>1981</year>
		<publisher>Entex</publisher>
		<rom name="b-b5_hd38800a37" size="4352" crc="64852bd5" sha1="fb1c24ca43934ceb6fc35ac7c35b71e6e843dbc5" />
	</machine>
	<machine name="baskb3">
		<description>Basketball 3</description>
		<year>1981</year>
		<publisher>Entex</publisher>
		<rom name="bask_hd38800a16" size="4352" crc="ccb3ecb0" sha1="a686bde6f678f2019ff8c971cf65adf92f9b46e1" />
	</machine>
	<machine name="footb4">
		<description>Football 4</description>
		<year>1981</year>
		<publisher>Entex</publisher>
		<rom name="ftba_mp7573" size="4096" crc="b17dd9e3" sha1="9c9e7a56643233ef2adff7b68a6df19e6ca176c2" />
		<rom name="tms1100_common2_micro.pla" size="867" crc="7cc90264" sha1="c6e1cf1ffb178061da9e31858514f7cd94e86990" />
		<rom name="tms1400_sag_fb4_output.pla" size="557" crc="f15dc6a1" sha1="ee11a64037895ac566e902b6b590ff62a7f703b0" />
	</machine>
	<machine name="pacman2">
		<description>Pac-Man 2</description>
		<year>1981</year>
		<publisher>Entex</publisher>
		<rom name="pac1_hd38800a36" size="4352" crc="6050bc45" sha1="093d0905b73dc9050adb6a6d700ca4f068f009c1" />
	</machine>
	<machine name="pinball">
		<description>Pinball</description>
		<year>1981</year>
		<publisher>Entex</publisher>
		<rom name="pinb_hd38800a38" size="4352" crc="6e53a56b" sha1="13f057eab2e4cfbb3ef1247a041abff15ae727c9" />
	</machine>
	<machine name="sinv2">
		<description>Space Invader 2</description>
		<year>1981</year>
		<publisher>Entex</publisher>
		<rom name="inv2_hd38800a31" size="4352" crc="10e39521" sha1="41d86696e518ea071e75ed37d5dc63c0408c262e" />
	</machine>
</datafile>