<?xml version="1.0" encoding="utf-8"?>
<!DOCTYPE datafile PUBLIC "-//Logiqx//DTD ROM Management Datafile//EN" "http://www.logiqx.com/Dats/datafile.dtd">
<datafile>
	<header>
		<name>ep64_cass</name>
		<description>Enterprise Sixty Four cassettes</description>
		<version>0.274</version>
		<author>Pleasuredome</author>
	</header>
	<machine name="3dstarfg">
		<description>3D Star Fighter</description>
		<year>198?</year>
		<publisher>Code Masters</publisher>
		<rom name="3dstarfighter.tap" size="905728" crc="0fdce7ac" sha1="326e797fad04c807779d3e6f075b1d4ab844cd34" />
	</machine>
	<machine name="airwolf">
		<description>Airwolf</description>
		<year>198?</year>
		<publisher>Elite</publisher>
		<rom name="airwolf.tap" size="509952" crc="e05e292c" sha1="5ab75a2c003aded1a7dad554ec9b10847fbf1bbd" />
	</machine>
	<machine name="nodes">
		<description>Nodes of Yesod</description>
		<year>1985</year>
		<publisher>Odin Computer Graphics</publisher>
		<rom name="nodes.tap" size="582656" crc="ecefc1d9" sha1="f6ace3106179d75baca8380e4c902d5766b1a84e" />
	</machine>
</datafile>