<?xml version="1.0" encoding="utf-8"?>
<!DOCTYPE datafile PUBLIC "-//Logiqx//DTD ROM Management Datafile//EN" "http://www.logiqx.com/Dats/datafile.dtd">
<datafile>
	<header>
		<name>epson_cpm</name>
		<description>Epson CPM systems floppy disks</description>
		<version>0.274</version>
		<author>Pleasuredome</author>
	</header>
	<machine name="arcs">
		<description>Archivers</description>
		<year>????</year>
		<publisher>&lt;unofficial&gt;</publisher>
		<rom name="arcs.d88" size="348848" crc="ab56993a" sha1="1e7c0512bea0adf9673527c5976497531837e8a3" />
	</machine>
	<machine name="editor">
		<description>VDE 2.66</description>
		<year>????</year>
		<publisher>&lt;unofficial&gt;</publisher>
		<rom name="editor.d88" size="348848" crc="871d30ce" sha1="4f0d8342e7d92ba78fd922f0a2e13b2724a921df" />
	</machine>
	<machine name="extrauti">
		<description>Extra Utilities</description>
		<year>????</year>
		<publisher>&lt;unofficial&gt;</publisher>
		<rom name="extrautil.d88" size="348848" crc="baaeb509" sha1="bc339742cc6d087c11b8aae010311473edfdf734" />
	</machine>
	<machine name="modems">
		<description>Modem Sample &amp; M80 &amp; L80</description>
		<year>????</year>
		<publisher>&lt;unofficial&gt;</publisher>
		<rom name="ms_m80_l80.d88" size="348848" crc="7af5815a" sha1="4e7bf6a4f7d5ac66ab432ec0e2760e265a53f72d" />
	</machine>
	<machine name="promprog">
		<description>PROM Progs</description>
		<year>????</year>
		<publisher>&lt;unofficial&gt;</publisher>
		<rom name="promprogs.d88" size="348848" crc="1cc048fc" sha1="6cbd0f9c1c36bca213accf9da9b0a69896c9a88a" />
	</machine>
	<machine name="px4util1">
		<description>PX-4 Utils</description>
		<year>????</year>
		<publisher>&lt;unofficial&gt;</publisher>
		<rom name="px4util.d88" size="348848" crc="f39d899d" sha1="c2e8051116d87e090025c41a260a85fb46b86b10" />
	</machine>
	<machine name="px4util2">
		<description>PX-4 Utility Disk</description>
		<year>????</year>
		<publisher>&lt;unofficial&gt;</publisher>
		<rom name="px4utilitydisk.d88" size="348848" crc="df17aae8" sha1="4be08583c079f092db95bdad2abf693639e439b9" />
	</machine>
	<machine name="px4util3">
		<description>PX-4 Utility Disk 2</description>
		<year>????</year>
		<publisher>&lt;unofficial&gt;</publisher>
		<rom name="px4utils.d88" size="348848" crc="93320c5f" sha1="a256f500bafab4e6eba7031e05267dc6cb39a64e" />
	</machine>
	<machine name="px4wand">
		<description>PX-4 Wanderer</description>
		<year>????</year>
		<publisher>&lt;unofficial&gt;</publisher>
		<rom name="px4wand.d88" size="348848" crc="1ab716cc" sha1="4f6a83476b76f1dc42f38b3c6cd0835181b523e3" />
	</machine>
	<machine name="px8epstf">
		<description>PX-8 EPS (TF-20 bootdisk)</description>
		<year>????</year>
		<publisher>&lt;unofficial&gt;</publisher>
		<rom name="px8_eps-tf20.d88" size="348848" crc="ed627d6e" sha1="eee223a63235ef6fa311527f0c961d003ca669f0" />
	</machine>
	<machine name="px8games">
		<description>PX-8 Games</description>
		<year>????</year>
		<publisher>&lt;unofficial&gt;</publisher>
		<rom name="px8games.d88" size="348848" crc="c724e5df" sha1="a0bfc9af1f4fcd6949f9b667ea49879284d94ba2" />
	</machine>
	<machine name="scratch">
		<description>Scratch</description>
		<year>????</year>
		<publisher>&lt;unofficial&gt;</publisher>
		<rom name="scratch.d88" size="348848" crc="163fc594" sha1="ae2451d9226ff1a69db5f78f1101f60735ae2789" />
	</machine>
	<machine name="tf20boot">
		<description>TF-20 boot disk</description>
		<year>198?</year>
		<publisher>Epson</publisher>
		<rom name="tf20boot.td0" size="35124" crc="806311eb" sha1="b67433746ed5ab84be06003f850846565e19f44c" />
	</machine>
</datafile>