<?xml version="1.0" encoding="utf-8"?>
<!DOCTYPE datafile PUBLIC "-//Logiqx//DTD ROM Management Datafile//EN" "http://www.logiqx.com/Dats/datafile.dtd">
<datafile>
	<header>
		<name>famicom_cass</name>
		<description>Nintendo Famicom Family BASIC cassettes</description>
		<version>0.274</version>
		<author>Pleasuredome</author>
	</header>
	<machine name="abunaipp">
		<description>Abunai Penpen!</description>
		<year>1985</year>
		<publisher>Micom BASIC</publisher>
		<rom name="dangerous penpen (tomokazu taniyama).wav" size="777119" crc="7b337314" sha1="aeb73e26a2ec421b1be435c3d3a8cf1f617ac0f0" />
		<rom name="dangerous penpen bg (tomokazu taniyama).wav" size="2805897" crc="9b514231" sha1="563d77bf4b7f74f8fcb3d2cd1b5bd7d7331e8aae" />
	</machine>
	<machine name="bonbon">
		<description>Bound Bon-Bon</description>
		<year>19??</year>
		<publisher>&lt;unknown&gt;</publisher>
		<rom name="bg6.wav" size="2864660" crc="d2a12690" sha1="467a34dc83f7e0607914cc0944e69c75c4a49498" />
		<rom name="prog6.wav" size="1159735" crc="41e213bd" sha1="baca7c510a57ffaac8a13b5c2140653d151212c2" />
	</machine>
	<machine name="daimajin">
		<description>Daimajin Attack</description>
		<year>19??</year>
		<publisher>&lt;unknown&gt;</publisher>
		<rom name="bg7.wav" size="2912049" crc="998d0408" sha1="9e58958c03d742bd0e38322a399931c768dcea00" />
		<rom name="prog7.wav" size="1014374" crc="217bb5db" sha1="601fdab3d9ad28657b16aa149f08e7880dc8c235" />
	</machine>
	<machine name="dark">
		<description>Dark</description>
		<year>1986</year>
		<publisher>Micom BASIC</publisher>
		<rom name="Micom Basic 1986 01 - 2 - Dark BG.wav" size="2819950" crc="d1a939ea" sha1="254ae8cd88d72406ef8f5909e44dd0656c306ec8" />
		<rom name="Micom Basic 1986 01 - 2 - Dark.wav" size="1382309" crc="7ebb800c" sha1="8fdcda0ca952d3232f253b85ec702bd8dd98ed4f" />
	</machine>
	<machine name="fisraduth">
		<description>Fisraduth - Castle of Tyramis</description>
		<year>1988</year>
		<publisher>Micom BASIC</publisher>
		<rom name="Micom Basic 1988 01 - 3 - Fisraduth BG.wav" size="2821015" crc="769853e9" sha1="a65ccbd11eb306056e9756504446ecb6997ad5ac" />
		<rom name="Micom Basic 1988 01 - 3 - Fisraduth.wav" size="1486139" crc="29601681" sha1="759f60f8fee4659ebe805f9c7fed66635a3504d2" />
	</machine>
	<machine name="flies">
		<description>Flies</description>
		<year>1986</year>
		<publisher>Micom BASIC</publisher>
		<rom name="Micom Basic 1986 01 - 1 - Flies BG.wav" size="2823677" crc="a92c81a5" sha1="89940421b952c0357b66b73393a643ceb695e003" />
		<rom name="Micom Basic 1986 01 - 1 - Flies.wav" size="1297610" crc="13c8a420" sha1="b06caac03fad41dbab9653cbf04c229c151e2024" />
	</machine>
	<machine name="fruitpan">
		<description>Fruit Panic</description>
		<year>1984</year>
		<publisher>Micom BASIC</publisher>
		<rom name="fruit panic (kimura-kun).wav" size="782095" crc="e9f92878" sha1="253adb55a3be457ec587a9b7d77f9e4510dc4476" />
		<rom name="fruit panic bg (kimura-kun).wav" size="2832197" crc="308a3ba6" sha1="320bba5ffcc9efed8d3d46cb4d822d98ce858e53" />
	</machine>
	<machine name="hero">
		<description>Hero</description>
		<year>19??</year>
		<publisher>&lt;unknown&gt;</publisher>
		<rom name="hero.wav" size="3235916" crc="38bad4f5" sha1="696da9274a144cbc5e95b9c92df700014296f211" />
	</machine>
	<machine name="itazurak">
		<description>Itazura Karasu</description>
		<year>1985</year>
		<publisher>Micom BASIC</publisher>
		<rom name="mischievous crow (aoba).wav" size="940834" crc="9d002961" sha1="13ae3c4b2e41911bf9fcd084f503a11f6f750301" />
		<rom name="mischievous crow bg (aoba).wav" size="2825150" crc="ccbb40e1" sha1="1eb35cd30128f8ab169d822b6e44c906946ff3d2" />
	</machine>
	<machine name="kanihata">
		<description>Kani-san no Hatahakobi</description>
		<year>1984</year>
		<publisher>Micom BASIC</publisher>
		<rom name="crab carry the flag (kazuyuki nishiyama).wav" size="976575" crc="a275e9eb" sha1="fc42a7b31494f989d9d95e6052d2ee54a241ab1c" />
		<rom name="crab carry the flag bg (kazuyuki nishiyama).wav" size="2818617" crc="528c19f7" sha1="c7ed17210da6b06958153feca69f6ba49f17cd0b" />
	</machine>
	<machine name="kanitori">
		<description>Kanitori Game</description>
		<year>19??</year>
		<publisher>&lt;unknown&gt;</publisher>
		<rom name="bg1.wav" size="2836972" crc="eecd4278" sha1="12999d07a3cb9784008e51f97fb22543d2ab050a" />
		<rom name="prog1.wav" size="1063360" crc="2ef3ed0e" sha1="3a7876bcc84e1d7b10739a4930cc248f853d1803" />
	</machine>
	<machine name="kblesson">
		<description>Keyboard Lesson</description>
		<year>19??</year>
		<publisher>&lt;unknown&gt;</publisher>
		<rom name="bg2.wav" size="2856673" crc="4b8cc5ba" sha1="5783bd1e220487e047b98ddc0d9c5a5ea8b3ce41" />
		<rom name="prog2.wav" size="969115" crc="2237442b" sha1="956649d436bb4d5ac0d6f47c1c04da1ee75964e6" />
	</machine>
	<machine name="mariosht">
		<description>Mario Shooter</description>
		<year>19??</year>
		<publisher>&lt;unknown&gt;</publisher>
		<rom name="bg8.wav" size="2890750" crc="669d942e" sha1="029e6ee88ae890c0072377557f2ddfd3112de57e" />
		<rom name="prog8.wav" size="1105424" crc="efbe8b45" sha1="065b05e8b0fc35580b3afe1c67dd8b8c36601c80" />
	</machine>
	<machine name="metalarm">
		<description>Metal Arms</description>
		<year>1990</year>
		<publisher>Micom BASIC</publisher>
		<rom name="Micom Basic 1990 01 - 3 - MetalArms Part1.wav" size="1276161" crc="4083d439" sha1="2d71f43662fef31482ed025a1096619c3116f362" />
		<rom name="Micom Basic 1990 01 - 3 - MetalArms Part2.wav" size="1305635" crc="f96eaebf" sha1="b4d0967582651b59e14bb26bd90f1b465d88a82c" />
		<rom name="Micom Basic 1990 01 - 3 - MetalArms Part3.wav" size="919602" crc="29ca8868" sha1="43492d171d055c7bd333e2ce30351e93aafd1fb8" />
	</machine>
	<machine name="moonbas2">
		<description>Moon Base 2</description>
		<year>19??</year>
		<publisher>&lt;unknown&gt;</publisher>
		<rom name="bg3.wav" size="2895991" crc="e5dcb41f" sha1="11e0c2265b693861fb2b4f1c411799b8cd3d4be1" />
		<rom name="prog3.wav" size="1019166" crc="3c8ba31c" sha1="efddded189dc5700d3be6113b679f0cfe491e6fd" />
	</machine>
	<machine name="penpen">
		<description>Pen Pen</description>
		<year>1987</year>
		<publisher>Micom BASIC</publisher>
		<rom name="Micom Basic 1987 01 - 3 - -Pen Pen-.wav" size="1447269" crc="11314b26" sha1="6d1c4ba0eea028316c1d25d1fc3021c81d4bd29d" />
	</machine>
	<machine name="pingpon1">
		<description>Ping Pong 1</description>
		<year>19??</year>
		<publisher>&lt;unknown&gt;</publisher>
		<rom name="bg9.wav" size="2847622" crc="0521c342" sha1="ec84d54220e3647df92f02b1e9096ada6c1cf93e" />
		<rom name="prog9.wav" size="972310" crc="83f5aa2a" sha1="6d2de9de38d10ca6b55ef2daa86220af656a3768" />
	</machine>
	<machine name="pingpon2">
		<description>Ping Pong 2</description>
		<year>19??</year>
		<publisher>&lt;unknown&gt;</publisher>
		<rom name="bg9.wav" size="2847622" crc="0521c342" sha1="ec84d54220e3647df92f02b1e9096ada6c1cf93e" />
		<rom name="prog10.wav" size="1057503" crc="54540a93" sha1="da84c92adb6f7efcff330b629b6166a1d38ec38f" />
	</machine>
	<machine name="ryuhyokn">
		<description>Ryuuhyoukan no Sangeki</description>
		<year>1994</year>
		<publisher>Micom BASIC</publisher>
		<rom name="Micom Basic 1994 01 - The Tragedy of the Ryuhyokan Part 1.wav" size="1127955" crc="498e7314" sha1="e93d3f50db3f1f7d3e1096bab17ed90626aa6335" />
		<rom name="Micom Basic 1994 01 - The Tragedy of the Ryuhyokan Part 2.wav" size="1395088" crc="16bcca1e" sha1="e2b46986cf72b51c0ae03cf8a4bd9c604999678c" />
	</machine>
	<machine name="sansugok">
		<description>Sansuu Gokko</description>
		<year>19??</year>
		<publisher>&lt;unknown&gt;</publisher>
		<rom name="prog5.wav" size="1064957" crc="414aa041" sha1="57be005ead4a02edcf8354dc0e85eec83a150ed7" />
	</machine>
	<machine name="satan">
		<description>The Spirit of Satan</description>
		<year>1989</year>
		<publisher>Micom BASIC</publisher>
		<rom name="Micom Basic 1989 01 - 3 - The Spirit of Satan Part 1.wav" size="718584" crc="6ff6af5d" sha1="b0bd17bd8eb70c586172786c1a1093417636404f" />
		<rom name="Micom Basic 1989 01 - 3 - The Spirit of Satan Part 2.wav" size="1462711" crc="6dc33b65" sha1="33a2bc4b36bfce0f343d3e4ad3e899342b3d3003" />
	</machine>
	<machine name="stardust">
		<description>Star Dust</description>
		<year>1985</year>
		<publisher>Micom BASIC</publisher>
		<rom name="star dust (hisanori takeuchi).wav" size="969682" crc="0a191300" sha1="660e0d35704f196aa2782ecbcbf0c9a315b9faf5" />
		<rom name="star dust bg (hisanori takeuchi).wav" size="2815158" crc="385f6917" sha1="110707fa408080470e625cacb0969d3748ffe60d" />
	</machine>
	<machine name="starkill">
		<description>Starkiller</description>
		<year>19??</year>
		<publisher>&lt;unknown&gt;</publisher>
		<rom name="starkiller.wav" size="3255484" crc="597e2ab3" sha1="eafa3c0576dbf3ce4991abafd05e4d0bf7b3a8e4" />
	</machine>
	<machine name="starsgo">
		<description>Star Ship Go!!</description>
		<year>1985</year>
		<publisher>Micom BASIC</publisher>
		<rom name="star ship go (gokudon).wav" size="997874" crc="9dd752dc" sha1="e57f97af7f10cf242ee07edaafccaebf835397ce" />
		<rom name="star ship go bg (gokudon).wav" size="2874261" crc="7874d8a9" sha1="10e57a4e9b1ba9ede4e6a0fa16d6b7941a032887" />
	</machine>
	<machine name="starship">
		<description>Starship</description>
		<year>19??</year>
		<publisher>&lt;unknown&gt;</publisher>
		<rom name="bg4.wav" size="2857206" crc="0cf4637e" sha1="9dc1549662335f7b28e661ed86f809eea8c5d8ec" />
		<rom name="prog4.wav" size="1055373" crc="ed38bc5d" sha1="70bbd042e9405f6b75aab5c9e483de272de3665a" />
	</machine>
	<machine name="urbanchm">
		<description>Urban Champ</description>
		<year>19??</year>
		<publisher>&lt;unknown&gt;</publisher>
		<rom name="urbanchamp.wav" size="2318380" crc="1f5d0d6c" sha1="5d24f9cfa28f6cf5ee6c5188d1e9a425af0231ea" />
	</machine>
	<machine name="wargame">
		<description>War Game</description>
		<year>1985</year>
		<publisher>Micom BASIC</publisher>
		<rom name="war game (junichi kato).wav" size="977402" crc="439fa15e" sha1="9b2b9f0165daebaf4a51f4a39500b29c863f9437" />
		<rom name="war game bg (junichi kato).wav" size="2820349" crc="8f311782" sha1="b3ff05c3dbee022fd402651aa214639c6c75ff0c" />
	</machine>
</datafile>