<?xml version="1.0" encoding="utf-8"?>
<!DOCTYPE datafile PUBLIC "-//Logiqx//DTD ROM Management Datafile//EN" "http://www.logiqx.com/Dats/datafile.dtd">
<datafile>
	<header>
		<name>ggm</name>
		<description>GGM cartridges</description>
		<version>0.274</version>
		<author>Pleasuredome</author>
	</header>
	<machine name="boris25">
		<description>Boris 2.5 / Sargon 2.5</description>
		<year>1980</year>
		<publisher>Applied Concepts / Chafitz</publisher>
		<rom name="007-7039-00" size="4096" crc="0db2e277" sha1="9f8823739d28b0a0e3857b7c672aa2514cd6816b" />
		<rom name="0077040xxx" size="4096" crc="980fa10f" sha1="5ec814bbaf583031acbe2c0199a6195c2849ef5e" />
	</machine>
	<machine name="capa">
		<description>Capablanca Edition: Master Chess Endgame</description>
		<year>1981</year>
		<publisher>Applied Concepts</publisher>
		<rom name="capas\capablanca-s.6" size="8192" crc="24ab74e0" sha1="473d91458db7f4c771f694934f95ed9d2ab5471a" />
		<rom name="capas\capablanca-s.e" size="8192" crc="f42700e4" sha1="80cf7da34784865ff3e82b19c0aa269ef778df66" />
		<rom name="7092-02" size="8192" crc="a792e8e2" sha1="b63e709cb953456e1c8b088225f7f385c433b8f9" />
		<rom name="7093-02" size="8192" crc="1142fb05" sha1="6ae463701b136e4af35b13f20063811526ca16dd" />
	</machine>
	<machine name="gruen">
		<description>Gruenfeld Edition: Master Chess Openings</description>
		<year>1981</year>
		<publisher>Applied Concepts</publisher>
		<rom name="gruens\7094-00" size="4096" crc="8e131f0f" sha1="a5f268cd25831719a6491590e0497ecd9bb6ea85" />
		<rom name="gruens\7095-00" size="8192" crc="88e02bd8" sha1="ada5db5871e82312e1b1b8da300deeebaeb886e9" />
		<rom name="gruenfeld.4" size="4096" crc="4399306d" sha1="e3af32559c34bd91924ddfeb23c4797c90f1279d" />
		<rom name="gruenfeld.5" size="4096" crc="66eddf41" sha1="8a1957f89e7b8a97c17c26fa755f9b640fba0760" />
	</machine>
	<machine name="lasvegas">
		<description>Las Vegas 21: Master Blackjack</description>
		<year>1980</year>
		<publisher>Applied Concepts</publisher>
		<rom name="0077042xxx" size="4096" crc="26541ac5" sha1="8a3304b4528570d23a7441629efa8de10c37f49e" />
	</machine>
	<machine name="morphy">
		<description>Morphy Edition: Master Chess</description>
		<year>1981</year>
		<publisher>Applied Concepts</publisher>
		<rom name="sandy\7087-00" size="4096" crc="7a2482b5" sha1="935a7c460d6b4f97c6ba7044ca064cfe467be737" />
		<rom name="sandy\7088-00" size="4096" crc="8c9359bb" sha1="b74309b29f30a6a7557346d94e692fa138e34eab" />
		<rom name="7075-03" size="4096" crc="3787e728" sha1="c5408fefdd0fa213b535cbc1e530defd6d90fcfa" />
		<rom name="7076-04" size="4096" crc="57867a31" sha1="06f415231b4fbf95a9b95664ef2c9c7d1342ef56" />
	</machine>
	<machine name="odin">
		<description>Odin Edition: Master Reversi</description>
		<year>1981</year>
		<publisher>Applied Concepts</publisher>
		<rom name="0_odin_12_31" size="4096" crc="e40e33d0" sha1="55217755f08bce628c072a5ca950d20052d154a9" />
		<rom name="1_odin_12_31" size="4096" crc="1dd4033d" sha1="6f252766b73ef88e5f8e93a5d0d7cf0182739f03" />
	</machine>
	<machine name="steinitz">
		<description>Steinitz Edition-4: Master Chess</description>
		<year>1982</year>
		<publisher>Applied Concepts</publisher>
		<rom name="7115" size="8192" crc="53830fac" sha1="3afb75ead1a807dc932a63d137e3fe746ba4c740" />
		<rom name="7116" size="8192" crc="d53c3fc4" sha1="e8be6cebdd85fa51f78130fdb62215a672a2b212" />
		<rom name="7117" size="8192" crc="8130fe6a" sha1="62350eb3555b56f8386da623fd578de737301fd9" />
	</machine>
</datafile>