<?xml version="1.0" encoding="utf-8"?>
<!DOCTYPE datafile PUBLIC "-//Logiqx//DTD ROM Management Datafile//EN" "http://www.logiqx.com/Dats/datafile.dtd">
<datafile>
	<header>
		<name>gp32</name>
		<description>GamePark GP32 SmartMedia cards</description>
		<version>0.274</version>
		<author>Pleasuredome</author>
	</header>
	<machine name="astonish">
		<description>Astonishia Story R (Korea)</description>
		<year>2002</year>
		<publisher>Gamepark</publisher>
		<rom name="astonishia story r (korea).smc" size="34604032" crc="49e57a20" sha1="c894b0dd8b934c77580187d7972490f5e59f2372" />
	</machine>
	<machine name="blueangl">
		<description>Blue Angelo - Angels from the Shrine (Europe)</description>
		<year>2005</year>
		<publisher>Shibuya Interactive</publisher>
		<rom name="blue angelo - angels from the shrine (europe) (en,fr,de,es,it,pt).smc" size="17302528" crc="54ff5945" sha1="369f96bb41378ab4108d0dc8866148b328cbd75e" />
	</machine>
	<machine name="doolysoc">
		<description>Dooly Soccer 2002 (Korea)</description>
		<year>2002</year>
		<publisher>Gamepark</publisher>
		<rom name="dooly soccer 2002 (korea).smc" size="17302528" crc="cc95d224" sha1="0347cd106cba22b0d2e1170d44ec1d302e982a5e" />
	</machine>
	<machine name="dunguard">
		<description>Dungeon &amp; Guarder (Korea)</description>
		<year>2001</year>
		<publisher>Gamepark</publisher>
		<rom name="dunguarde\dungeon &amp; guarder - dragon gore (europe).smc" size="17302528" crc="e76d34a6" sha1="433da4a0cdbf3c797f62bf01bfa86608434b04f2" />
		<rom name="dungeon &amp; guarder - dragon gore (korea).smc" size="17302528" crc="0e3bf8ce" sha1="93c358177ae221f33e0aef793f83cc027ede0cfc" />
	</machine>
	<machine name="dyhard">
		<description>Dyhard - Infinity (Korea, V1083)</description>
		<year>2001</year>
		<publisher>Gamepark</publisher>
		<rom name="dyharde\dyhard - with infinite stairs (europe).smc" size="17302528" crc="c16523fb" sha1="b684b443b1450f98a43953393352b0724a9171cb" />
		<rom name="dyhard - with infinite stairs (korea).smc" size="17302528" crc="a82d4e88" sha1="091c0f41954c03b9979683dd957a9dbbc4e28405" />
	</machine>
	<machine name="funnysoc">
		<description>Funny Soccer 2002 (Korea)</description>
		<year>2002</year>
		<publisher>Gamepark</publisher>
		<rom name="funny soccer 2002.smc" size="34604032" crc="a5152676" sha1="70b12322b3e5245132e167b0d1633556a048b257" />
	</machine>
	<machine name="gloopdx">
		<description>GlooP Deluxe (Europe)</description>
		<year>2003</year>
		<publisher>Aeon Flame</publisher>
		<rom name="gloop deluxe.smc" size="17302528" crc="4d992443" sha1="a2440b563e6ad36f9718a5a9db17ed6d219e0e9e" />
	</machine>
	<machine name="gpdaenan">
		<description>GP Daenantu ~ GP!!! Dairantou (Korea)</description>
		<year>2003</year>
		<publisher>Gamepark</publisher>
		<rom name="gp fight (korea).smc" size="17302528" crc="d7551f7f" sha1="3bb0dfba690eb8b3885e48f4c0a981b8c96cda9b" />
	</machine>
	<machine name="hanypart">
		<description>Hany Party Game (Korea)</description>
		<year>2002</year>
		<publisher>Gamepark</publisher>
		<rom name="hany party game (korea).smc" size="17302528" crc="b7a78b6f" sha1="d7cf21ba51c7fea4257a7309eb31f96e635c783b" />
	</machine>
	<machine name="herknite">
		<description>Geunyeoui Gisadan Ganghaengdolpa (Korea)</description>
		<year>2002</year>
		<publisher>Gamepark</publisher>
		<rom name="herknitee\her knights - all for the princess (europe).smc" size="17302528" crc="1e0150ea" sha1="d137f8ed7e2a092037d64d8cf65bace68e2d6ebb" />
		<rom name="her knights - all for princess - deadline (korea).smc" size="17302528" crc="e61a93b2" sha1="4ced58d61f831cbfc0d0a369e559ad364cb71541" />
	</machine>
	<machine name="holbatra">
		<description>Holeman Battle Race 2002 (Korea)</description>
		<year>2002</year>
		<publisher>MoongKle</publisher>
		<rom name="holeman battle race 2002.smc" size="17302528" crc="e91b207b" sha1="8e7c3a36d230afbdf465ba62fb3785f1376c9373" />
	</machine>
	<machine name="kimchimn">
		<description>Kimchiman GP32 (Korea)</description>
		<year>2002</year>
		<publisher>Gamepark</publisher>
		<rom name="kimchiman gp32 (korea).smc" size="17302528" crc="6b7d6985" sha1="593ff3500abb654e297f2f66cae92ec893db6906" />
	</machine>
	<machine name="ltwizard">
		<description>Little Wizard (Korea)</description>
		<year>2001</year>
		<publisher>Gamepark</publisher>
		<rom name="ltwizarde\little wizard (europe).smc" size="17302528" crc="47d66121" sha1="ef1cae9d810ee55aeefb86410843241503df30f1" />
		<rom name="little wizard (korea).smc" size="17302528" crc="0107b043" sha1="27387e388dabb3bf78ab2d4cac1b8a0104f62e49" />
	</machine>
	<machine name="mil">
		<description>Eunhaengnamu Sonyeo Mil (Korea)</description>
		<year>2003</year>
		<publisher>Gamepark</publisher>
		<rom name="little girl mill of a gingko, the (korea).smc" size="17302528" crc="44868758" sha1="1ce508583d7bdd176209c2ef3a606e7686590b87" />
	</machine>
	<machine name="oneshot">
		<description>One-Shot VOCA (Korea)</description>
		<year>2002</year>
		<publisher>Gamepark</publisher>
		<rom name="oneshot voca (korea).smc" size="17302528" crc="4cedef98" sha1="69f1f554077397cccc17cc66c3e0f520005fa439" />
	</machine>
	<machine name="pinbdrea">
		<description>Pinball Dreams (Europe)</description>
		<year>2002</year>
		<publisher>Gamepark</publisher>
		<rom name="pinball dreams.smc" size="17302528" crc="f9a48ef2" sha1="19eefbfd765913067a5a622ae6c40222118e6e5d" />
	</machine>
	<machine name="prinmak2">
		<description>Princess Maker 2 (Korea)</description>
		<year>2002</year>
		<publisher>Gamepark</publisher>
		<rom name="princess maker 2 (korea).smc" size="17302528" crc="3c50aad0" sha1="2a55ffc4b69ac6515903b11d5c1a67559ed42891" />
	</machine>
	<machine name="rallypop">
		<description>Rally Pop (Korea)</description>
		<year>2001</year>
		<publisher>Gamepark</publisher>
		<rom name="rally pop (korea).smc" size="17302528" crc="ce07aaa6" sha1="f7e8c59c88adcce506cb6b8a86fd2ad9b307468f" />
	</machine>
	<machine name="raphael">
		<description>Raphael (Korea)</description>
		<year>2002</year>
		<publisher>Gamepark</publisher>
		<rom name="raphael (korea).smc" size="17302528" crc="d8f55b72" sha1="9d4e4dd297dd33ecfa22a90826c0efccb47be323" />
	</machine>
	<machine name="sobemons">
		<description>Story of Bug eyed Monster (Korea)</description>
		<year>2003</year>
		<publisher>Gamepark</publisher>
		<rom name="story of bug eyed monster.smc" size="69207040" crc="5534905b" sha1="3e70e746f9a1819e629ffc4b9082ac4a8d1d022e" />
	</machine>
	<machine name="suplusha">
		<description>Super Plusha (Europe)</description>
		<year>2002</year>
		<publisher>Gamepark</publisher>
		<rom name="super plusha.smc" size="17302528" crc="65da87fc" sha1="1e2e984014f184759a35df93160f0fb4d11c7742" />
	</machine>
	<machine name="talowila">
		<description>Tales of Windy Land (Korea)</description>
		<year>2003</year>
		<publisher>AIM Technology</publisher>
		<rom name="tales of windy land.smc" size="17302528" crc="83b9c315" sha1="51679a8197f721fc601ea0cd8c91a3bbabed9585" />
	</machine>
	<machine name="tanggle">
		<description>Tanggle's Magic Square (Korea)</description>
		<year>2001</year>
		<publisher>Gamepark</publisher>
		<rom name="tanggle's magic square (korea).smc" size="17302528" crc="f1555016" sha1="3dccead2a6e1fa11ec5d66f248eeacf9f25106d5" />
	</machine>
	<machine name="tearsast">
		<description>Tears - Another Story (Korea)</description>
		<year>2003</year>
		<publisher>Team D.T.R.</publisher>
		<rom name="tears - another story.smc" size="17302528" crc="7c46d80a" sha1="682f123d3f827544cc876e624ccacd61cd8283a3" />
	</machine>
	<machine name="therapy">
		<description>Therapy (Korea)</description>
		<year>2002</year>
		<publisher>Gamepark</publisher>
		<rom name="therapy (korea).smc" size="17302528" crc="6ff45a35" sha1="7ded192d9dce09c92dc5a83ccb0b477219f33b11" />
	</machine>
	<machine name="tomak">
		<description>Tomak - Save the Earth, Again (Korea, v2.0?)</description>
		<year>2002</year>
		<publisher>Gamepark</publisher>
		<rom name="tomake2\tomak - save the earth, again (europe) (v2.0).smc" size="17302528" crc="eec1c3db" sha1="9c0e29cfa7be8a6644c63499b7065d4e5f40208e" />
		<rom name="tomake\tomak - save the earth, again (europe) (v1.0).smc" size="17302528" crc="eea98281" sha1="0767d37cd7dd29bb572a82cc05d766e8e7321dd9" />
		<rom name="tomak - save the earth, again (korea).smc" size="17302528" crc="f8c9f4ce" sha1="87b196f94bb5361563d7b35ba732b56e214be08e" />
	</machine>
	<machine name="totogogo">
		<description>Topy Topy Gogo (Europe)</description>
		<year>2003</year>
		<publisher>Gamepark</publisher>
		<rom name="topy topy gogo.smc" size="17302528" crc="9a5faa26" sha1="46e1f08ec260a633e8e4c44b3b46b5135e6c76a6" />
	</machine>
	<machine name="treasisl">
		<description>Treasure Island (Korea)</description>
		<year>2002</year>
		<publisher>Gamepark</publisher>
		<rom name="treasisle\woody &amp; kunta - treasure island (europe).smc" size="17302528" crc="ab479052" sha1="cd1df6228293dc8193e779bdba562f3040e21b4a" />
		<rom name="woody &amp; kunta - treasure island (korea).smc" size="17302528" crc="de2142bc" sha1="9e768faa8300cd5b3102f433aae53a6f4d3d7f1f" />
	</machine>
	<machine name="wbw">
		<description>W.B.W. - Mabeobsaga Doego Sip-eo! (Korea)</description>
		<year>2004</year>
		<publisher>Gamepark</publisher>
		<rom name="w.b.w. - wanna be wizard (korea).smc" size="17302528" crc="25386f14" sha1="cb19613a9377aef5be77bb00138fd8d0b201737e" />
	</machine>
	<machine name="winteris">
		<description>Winter Is (Korea)</description>
		<year>2003</year>
		<publisher>Gamepark</publisher>
		<rom name="winter is.smc" size="69207040" crc="62c4a3fb" sha1="cf072fae0825164ff8c7393ab513058b78c46061" />
	</machine>
	<machine name="wizardsl">
		<description>Wizard Slayer (Korea)</description>
		<year>2002</year>
		<publisher>Gamepark</publisher>
		<rom name="wizard slayer (korea).smc" size="17302528" crc="d7f6d3cf" sha1="a6801cee5cdc2f76d318df1880d8441bf9405de3" />
	</machine>
</datafile>