<?xml version="1.0" encoding="utf-8"?>
<!DOCTYPE datafile PUBLIC "-//Logiqx//DTD ROM Management Datafile//EN" "http://www.logiqx.com/Dats/datafile.dtd">
<datafile>
	<header>
		<name>hp98x6_rom</name>
		<description>HP 98x6 Option ROMs</description>
		<version>0.274</version>
		<author>Pleasuredome</author>
	</header>
	<machine name="basic40">
		<description>BASIC 4.0</description>
		<year>1985</year>
		<publisher>Hewlett-Packard</publisher>
		<rom name="basic40.bin" size="524288" crc="003e6837" sha1="64f58d4aa4a305551573740dcc236ab521a47196" />
	</machine>
	<machine name="basic51">
		<description>BASIC 5.1</description>
		<year>1988</year>
		<publisher>Hewlett-Packard</publisher>
		<rom name="basic51.bin" size="786432" crc="0998506d" sha1="b199d613dfe0c427f4550886f46cfecbf359dc42" />
	</machine>
	<machine name="ssshpl">
		<description>SSS HPL+II</description>
		<year>1992</year>
		<publisher>Structured Software Systems</publisher>
		<rom name="ssshpl.bin" size="524288" crc="c2f63303" sha1="b0401724e77984893662a3943fd63f07adace510" />
	</machine>
</datafile>