<?xml version="1.0" encoding="utf-8"?>
<!DOCTYPE datafile PUBLIC "-//Logiqx//DTD ROM Management Datafile//EN" "http://www.logiqx.com/Dats/datafile.dtd">
<datafile>
	<header>
		<name>interact</name>
		<description>Interact Family Computer cassettes</description>
		<version>0.274</version>
		<author>Pleasuredome</author>
	</header>
	<machine name="addemup">
		<description>Add 'Em Up</description>
		<year>19??</year>
		<publisher>Interact Electronics</publisher>
		<rom name="add em up (19xx)(interact electronics inc.).cin" size="7664" crc="86182e2c" sha1="b494a1e6693123d265a4b7ae4e4e3c6ec396508d" />
	</machine>
	<machine name="backgamm">
		<description>Backgammon</description>
		<year>1978</year>
		<publisher>Interact Electronics</publisher>
		<rom name="backgammon (19xx)(interact electronics inc.).cin" size="8178" crc="20034353" sha1="52fa72d43bcbcadaaae9139ee799374d37f1a3fc" />
	</machine>
	<machine name="basic">
		<description>Microsoft Basic v4.7</description>
		<year>1978</year>
		<publisher>Microsoft</publisher>
		<rom name="microsoft basic v4.7 (1978)(microsoft).cin" size="10857" crc="c166c8e8" sha1="cd16c96d84bbb3a067458fcb8f72c779b9dec808" />
	</machine>
	<machine name="biorhy">
		<description>Biorhythm</description>
		<year>1978</year>
		<publisher>Interact Electronics</publisher>
		<rom name="biorhythm (19xx)(interact electronics inc.).cin" size="7664" crc="3cce40b1" sha1="16a5e156bb5a1ccbe2df54c073c4e7c8dee4793a" />
	</machine>
	<machine name="blckjack">
		<description>Blackjack</description>
		<year>1978</year>
		<publisher>Interact Electronics</publisher>
		<rom name="blackjack (19xx)(interact electronics inc.).cin" size="7664" crc="a4c182a4" sha1="96691a7278794125e475d311cbc862cc8eb09937" />
	</machine>
	<machine name="breakthr">
		<description>Breakthrough</description>
		<year>1978</year>
		<publisher>Interact Electronics</publisher>
		<rom name="breakthrough (19xx)(interact electronics inc.).cin" size="7664" crc="4cf838dc" sha1="e83102ccac40e5e797670510aa3c05f89b9b1a3d" />
	</machine>
	<machine name="calculat">
		<description>Calculator</description>
		<year>1979</year>
		<publisher>Interact Electronics</publisher>
		<rom name="calculator (19xx)(-).cin" size="8178" crc="2e7fe018" sha1="07a95803e37f30c85753db38f0c8df493d20ac4d" />
	</machine>
	<machine name="checkbk">
		<description>Checkbook Balancer</description>
		<year>1978?</year>
		<publisher>Micro Video</publisher>
		<rom name="checkbook balancer (19xx)(-).cin" size="11011" crc="f07effc7" sha1="74116d39b67d296f4b0344037f38846ebee39541" />
	</machine>
	<machine name="compaclr">
		<description>Compute-A-Color</description>
		<year>19??</year>
		<publisher>Interact Electronics</publisher>
		<rom name="computer-a-color (19xx)(interact electronics inc.).cin" size="7664" crc="3ffed189" sha1="b96af5b18692d9992bac4e11699e37c8ffa1454d" />
	</machine>
	<machine name="compmaze">
		<description>Computer Maze</description>
		<year>19??</year>
		<publisher>Interact Electronics</publisher>
		<rom name="computer maze (19xx)(interact electronics inc.).cin" size="7664" crc="b96e1f71" sha1="900e45e86b2ec79cf2363ab5e5b3a8a4b8c75a8b" />
	</machine>
	<machine name="concentr">
		<description>Concentration</description>
		<year>1978</year>
		<publisher>Interact Electronics</publisher>
		<rom name="concentration (19xx)(interact electronics inc.).cin" size="7664" crc="fcf13c4c" sha1="434ebfc8e02b965b755e51529b68f18fae88b061" />
	</machine>
	<machine name="diagtape">
		<description>16K Diagnostic Tape</description>
		<year>19??</year>
		<publisher>Micro Video</publisher>
		<rom name="diagnostic tape (19xx)(-).cin" size="7664" crc="e1200d18" sha1="fc5266c183856f65f2bc676fb6d009e4f4ac9d28" />
	</machine>
	<machine name="dogfight">
		<description>Dogfight</description>
		<year>1978</year>
		<publisher>Interact Electronics</publisher>
		<rom name="dogfight (19xx)(interact electronics inc.).cin" size="8178" crc="d1c1f73f" sha1="e973dabd289a03a8d04d8a93f27b0d263360ff1c" />
	</machine>
	<machine name="earthout">
		<description>Earth Outpost I</description>
		<year>1980</year>
		<publisher>Micro Video</publisher>
		<rom name="eart outpost i (1980)(micro video corp).cin" size="12905" crc="b4b22fbd" sha1="c8220d61b43f63a22833fa1dd9cf4e2c3aa9e12f" />
	</machine>
	<machine name="edubasic">
		<description>Edu-Basic</description>
		<year>19??</year>
		<publisher>Interact Electronics</publisher>
		<rom name="edu-basic (19xx)(interact electronics inc.).cin" size="7664" crc="19647c46" sha1="5d89279c3f3c5dd21d2e7d307ad4bea361370272" />
	</machine>
	<machine name="hangman">
		<description>Hangman</description>
		<year>19??</year>
		<publisher>Interact Electronics</publisher>
		<rom name="hang-man (19xx)(interact electronics inc.).cin" size="7664" crc="088856de" sha1="1aca3300746f867a4fabbda26c73c0228e7ca0c4" />
	</machine>
	<machine name="knockdwn">
		<description>Knockdown</description>
		<year>1978</year>
		<publisher>Interact Electronics</publisher>
		<rom name="knockdown (19xx)(interact electronics inc.).cin" size="7664" crc="ef2c1e5e" sha1="1cf602ba1a12572b1b6582409ae454f20d48da0e" />
	</machine>
	<machine name="message">
		<description>Message Center</description>
		<year>1978</year>
		<publisher>Micro Video</publisher>
		<rom name="message center (19xx)(-).cin" size="7664" crc="b1b012fc" sha1="84cb3b3056a6cc3cae8706742eb6840e45dbe314" />
	</machine>
	<machine name="microchs">
		<description>Microchess</description>
		<year>19??</year>
		<publisher>Interact Electronics</publisher>
		<rom name="interact microchess (19xx)(interact electronics inc.).cin" size="16356" crc="e0e70a16" sha1="e95855334248f353c5302108eb4a87e4cb76c068" />
	</machine>
	<machine name="mmaestro">
		<description>Music Maestro</description>
		<year>1978</year>
		<publisher>Interact Electronics</publisher>
		<rom name="music maestro (19xx)(interact electronics inc.).cin" size="8178" crc="f0ae4f00" sha1="e6d10c52ece74f263e824d98f7182d539f757951" />
	</machine>
	<machine name="regatta">
		<description>Regatta</description>
		<year>1978</year>
		<publisher>Interact Electronics</publisher>
		<rom name="regatta (19xx)(interact electronics inc.).cin" size="7664" crc="6e10b63d" sha1="ab4feef12835a6889119e13a7e0f9a5a3340e8b4" />
	</machine>
	<machine name="reversi">
		<description>Reversi</description>
		<year>19??</year>
		<publisher>Interact Electronics</publisher>
		<rom name="reversi (19xx)(interact electronics inc.).cin" size="8178" crc="ccc4f285" sha1="064d325515a637e81631d8fb1fd3a963521991bf" />
	</machine>
	<machine name="showdown">
		<description>Showdown</description>
		<year>1978</year>
		<publisher>Interact Electronics</publisher>
		<rom name="showdown (19xx)(interact electronics inc.).cin" size="8178" crc="5a3986df" sha1="2094f7cec4da5a2bdeae4920b47213bf0168c9f7" />
	</machine>
	<machine name="startrck">
		<description>Star Track</description>
		<year>19??</year>
		<publisher>Interact Electronics</publisher>
		<rom name="star track (19xx)(interact electronics inc.).cin" size="8178" crc="339244be" sha1="8726957a975ce6ee8ce5ba7ade77f6a4fa971682" />
	</machine>
	<machine name="tdown">
		<description>Touchdown</description>
		<year>19??</year>
		<publisher>Micro Video</publisher>
		<rom name="touch down (19xx)(-).cin" size="8178" crc="e047d0fa" sha1="2b86fbebcd01af754b8c9cf08b20e1a8a6b513d7" />
	</machine>
	<machine name="trailblz">
		<description>Trailblazers</description>
		<year>1978</year>
		<publisher>Interact Electronics</publisher>
		<rom name="trail blazers (19xx)(-).cin" size="7664" crc="fd073328" sha1="2d40770c8bb8bd9b49708f77d6a36100fb3496b2" />
	</machine>
	<machine name="videochs">
		<description>Video Chess</description>
		<year>19??</year>
		<publisher>Interact Electronics</publisher>
		<rom name="video chess (19xx)(interact electronics inc.).cin" size="8178" crc="6e8dc7da" sha1="50b51815f24b9ef373e577801d069e31ac880235" />
	</machine>
	<machine name="volley">
		<description>Volleyball</description>
		<year>1979</year>
		<publisher>Interact Electronics</publisher>
		<rom name="volleyball (19xx)(-).cin" size="8178" crc="24c0e861" sha1="b81b3b210ff6e5117ffc6ac7b64da2bfa4b41ee5" />
	</machine>
</datafile>