<?xml version="1.0" encoding="utf-8"?>
<!DOCTYPE datafile PUBLIC "-//Logiqx//DTD ROM Management Datafile//EN" "http://www.logiqx.com/Dats/datafile.dtd">
<datafile>
	<header>
		<name>jaminator</name>
		<description>Jaminator cartridges</description>
		<version>0.274</version>
		<author>Pleasuredome</author>
	</header>
	<machine name="classic1">
		<description>Classic Rock I (USA)</description>
		<year>1990</year>
		<publisher>Worlds of Wonder</publisher>
		<rom name="classic rock i.bin" size="65536" crc="c88dc030" sha1="88f8439ff7563c676a2aad88787f7e92881bf11b" />
	</machine>
	<machine name="classic2">
		<description>Classic Rock II (USA)</description>
		<year>1990</year>
		<publisher>Worlds of Wonder</publisher>
		<rom name="classic rock ii.bin" size="65536" crc="b408c1ea" sha1="ed9f9fa2e7b37e3a7e7f8ee04eef6d907877aab8" />
	</machine>
	<machine name="hardrock1">
		<description>Hard Rock I (USA)</description>
		<year>1990</year>
		<publisher>Worlds of Wonder</publisher>
		<rom name="hard rock i.bin" size="65536" crc="6ba37cc4" sha1="568f69777ec4d20b7358b39d92b0c6ddf4c864c7" />
	</machine>
	<machine name="hardrock2">
		<description>Hard Rock II (USA)</description>
		<year>1990</year>
		<publisher>Worlds of Wonder</publisher>
		<rom name="hard rock ii.bin" size="65536" crc="cdf1e627" sha1="17b5820396e1d39657ab764a6aefd5bff227dd14" />
	</machine>
	<machine name="leadguit">
		<description>Lead Rock Guitarists (USA)</description>
		<year>1990</year>
		<publisher>Worlds of Wonder</publisher>
		<rom name="lead rock guitarists.bin" size="65536" crc="33e8bf07" sha1="a2b90388b914cebeaa41b8ba5c9f5be0683360bc" />
	</machine>
	<machine name="modern">
		<description>Modern Rock (USA)</description>
		<year>1990</year>
		<publisher>Worlds of Wonder</publisher>
		<rom name="modern rock.bin" size="65536" crc="80adacae" sha1="b82f3464c809e0adf82e1b5a213ee50968e69641" />
	</machine>
</datafile>