<?xml version="1.0" encoding="utf-8"?>
<!DOCTYPE datafile PUBLIC "-//Logiqx//DTD ROM Management Datafile//EN" "http://www.logiqx.com/Dats/datafile.dtd">
<datafile>
	<header>
		<name>kim1_cass</name>
		<description>KIM-1 cassettes</description>
		<version>0.274</version>
		<author>Pleasuredome</author>
	</header>
	<machine name="kimvent">
		<description>KIM-Venture</description>
		<year>1979</year>
		<publisher>Robert C. Leedom.</publisher>
		<rom name="kimventure.wav" size="9515290" crc="bb3fde67" sha1="da525cb544e785d6751d759d905f0f4c7af483d7" />
	</machine>
	<machine name="mchess">
		<description>Microchess</description>
		<year>1976</year>
		<publisher>Micro-Ware Ltd.</publisher>
		<rom name="microchess.wav" size="9953338" crc="c7584ae0" sha1="9f1ac8f439e083dd592664a0f1e6ba1530836120" />
	</machine>
</datafile>