<?xml version="1.0" encoding="utf-8"?>
<!DOCTYPE datafile PUBLIC "-//Logiqx//DTD ROM Management Datafile//EN" "http://www.logiqx.com/Dats/datafile.dtd">
<datafile>
	<header>
		<name>lantrans</name>
		<description>Language Translator modules</description>
		<version>0.274</version>
		<author>Pleasuredome</author>
	</header>
	<machine name="english">
		<description>English</description>
		<year>1980</year>
		<publisher>Texas Instruments</publisher>
		<rom name="cd3526" size="16384" crc="58fae847" sha1="ee9c0f4dbd7101a1f8f276e60e77403d01a9b36f" />
		<rom name="cd3527" size="16384" crc="aa9f5334" sha1="a363aaf4fb9194995431a9dc1d78446ef510e7be" />
		<rom name="cd3528" size="16384" crc="e21919ea" sha1="b0edd35d5de29ac2f61a1dc7dc0a7fab20914fbe" />
		<rom name="cd3529" size="16384" crc="dc06f09d" sha1="946868b4748d93c918bbe33c9b1a40a723dbf410" />
	</machine>
	<machine name="french">
		<description>French</description>
		<year>1979</year>
		<publisher>Texas Instruments</publisher>
		<rom name="cd2327" size="16384" crc="207aa27d" sha1="e5012c48b20f9b49a00f6fe8ee5719df1cbf04b4" />
		<rom name="cd2328" size="16384" crc="768980d0" sha1="085ba873c83d25790b090a9a8797183c6664d03c" />
		<rom name="cd2329" size="16384" crc="c8583a4b" sha1="3a4f2e42b4ab63e5bfdbd98eb40706f940491015" />
		<rom name="cd2330" size="16384" crc="52ac969f" sha1="3a9e3db62f2ef3aedd5f4cd4bd21dccecfecf02f" />
	</machine>
	<machine name="german">
		<description>German</description>
		<year>1979</year>
		<publisher>Texas Instruments</publisher>
		<rom name="cd2331" size="16384" crc="a1e9290b" sha1="1163f7695e0727c6058684ea7f7c52d432f3fb7c" />
		<rom name="cd2332" size="16384" crc="b8ef4eed" sha1="0eccd98c81498caa166f7164c9563ef95412ffd7" />
		<rom name="cd2333" size="16384" crc="c989eaf2" sha1="26e644523b318cefb0fe46c7886cd0746afa438c" />
		<rom name="cd2334" size="16384" crc="54bbb9c8" sha1="32fb22397b2cd30490cecf3d978a24b4def389db" />
	</machine>
	<machine name="ingles">
		<description>Ingles Britanico</description>
		<year>1979</year>
		<publisher>Texas Instruments</publisher>
		<rom name="cd2311" size="16384" crc="7bab7f7c" sha1="e89cfa7ae9d5ce09ff19b9474ecd70fb5982ccb9" />
		<rom name="cd2312" size="16384" crc="6acb9c72" sha1="09817f1e0b1683d90edada38ac70ce738af6417f" />
		<rom name="cd2313" size="16384" crc="ed979cc9" sha1="414457c6359e64c48cd1b80f47098dc2438f0b93" />
		<rom name="cd2314" size="16384" crc="0454d5fb" sha1="347d0d5f39e2e31f93773bad9e62d121f1d40d3c" />
	</machine>
	<machine name="spanish">
		<description>Spanish</description>
		<year>1979</year>
		<publisher>Texas Instruments</publisher>
		<rom name="cd2315" size="16384" crc="cd44490f" sha1="7b62e9fb0cc30fa81c23ef3361bb579c8794f178" />
		<rom name="cd2316" size="16384" crc="c5464edf" sha1="0f028cb5e8445216dd45fa641e5751b08a637f5c" />
		<rom name="cd2317" size="16384" crc="53231c0b" sha1="472117c3d0e28437fa8faa054f98088e06efc2a1" />
		<rom name="cd2318" size="16384" crc="6c0727bc" sha1="132e39755b122f2cbec6f3e767f5d256a9c1e7ae" />
	</machine>
</datafile>