<?xml version="1.0" encoding="utf-8"?>
<!DOCTYPE datafile PUBLIC "-//Logiqx//DTD ROM Management Datafile//EN" "http://www.logiqx.com/Dats/datafile.dtd">
<datafile>
	<header>
		<name>laser2001_cart</name>
		<description>V-Tech Laser 2001 / Salora Manager cartridges</description>
		<version>0.274</version>
		<author>Pleasuredome</author>
	</header>
	<machine name="disk">
		<description>Disk Drive</description>
		<year>198?</year>
		<publisher>Salora</publisher>
		<rom name="disk.rom" size="7680" crc="c76900e3" sha1="3d1d6c0c2fd8039c042e5985da3a501e378bbad3" />
	</machine>
</datafile>