<?xml version="1.0" encoding="utf-8"?>
<!DOCTYPE datafile PUBLIC "-//Logiqx//DTD ROM Management Datafile//EN" "http://www.logiqx.com/Dats/datafile.dtd">
<datafile>
	<header>
		<name>leapfrog_mfleappad_cart</name>
		<description>LeapFrog My First LeapPad cartridges</description>
		<version>0.274</version>
		<author>Pleasuredome</author>
	</header>
	<machine name="carss">
		<description>Disney/Pixar Cars (Spain)</description>
		<year>2005</year>
		<publisher>LeapFrog</publisher>
		<rom name="500-12148 - Cars (SPA).bin" size="4194304" crc="6ace95ff" sha1="d272646c0a06876a3e39907e6e6e65b45339f53a" />
	</machine>
	<machine name="crokis">
		<description>El gran día de Croki (Spain)</description>
		<year>2004</year>
		<publisher>LeapFrog</publisher>
		<rom name="500-11074 - El gran dia de Croki (SP).bin" size="2097152" crc="7939e721" sha1="886e85bdfc56587ef48c94f7bfed055c931b4d3e" />
	</machine>
	<machine name="footbook">
		<description>The Foot Book - Based on the Book by Dr. Seuss (UK)</description>
		<year>2004</year>
		<publisher>LeapFrog</publisher>
		<rom name="500-10523 - The Foot Book (UK).bin" size="2097152" crc="3708694c" sha1="359b118bbb795763e65da0434dc6ddb2e8284388" />
	</machine>
	<machine name="iknowmyabc">
		<description>I Know My abc's (UK) (Dec 18 2002)</description>
		<year>2002</year>
		<publisher>LeapFrog</publisher>
		<rom name="500-01120 - I Know My abc's (UK) (Dec 18 2002).bin" size="2097152" crc="017d6820" sha1="6f30e0731b82c931759b07151a03b5a91e412e58" />
	</machine>
	<machine name="iknowmyabco">
		<description>I Know My abc's (UK) (Feb 12 2002)</description>
		<year>2002</year>
		<publisher>LeapFrog</publisher>
		<rom name="500-01120 - I Know My abc's (UK) (Feb 12 2002).bin" size="2097152" crc="1f265010" sha1="a5fa878f5bcf92e80cb606d5f869d166d3805e05" />
	</machine>
	<machine name="joyjetplane">
		<description>Joy Joy - The Jet Plane - High-Flying Adventures (UK)</description>
		<year>2003</year>
		<publisher>LeapFrog</publisher>
		<rom name="500-01121 - Joy Joy - The Jet Plane - High-Flying Adventures (UK).bin" size="2097152" crc="239437dc" sha1="874006ea723d4c824fe150be394635df3af5ab47" />
	</machine>
	<machine name="leapbigday">
		<description>Leap's Big Day (UK)</description>
		<year>2002</year>
		<publisher>LeapFrog</publisher>
		<rom name="500-00547 - Leap's Big Day (UK).bin" size="2097152" crc="ecab224a" sha1="2f5155eb4017c91d3129b722201b3d05cf2454b6" />
	</machine>
	<machine name="princess">
		<description>Disney Princesas - Las Princesas Disney (Spain)</description>
		<year>2003</year>
		<publisher>LeapFrog</publisher>
		<rom name="500-11436 - Las Princesas Disney (SP).bin" size="2097152" crc="21a50739" sha1="ad39c8e899edc427fec01aaa07cf8aacf7bd246f" />
	</machine>
	<machine name="schools">
		<description>Mi Primer Día de Escuela (Spain)</description>
		<year>2005</year>
		<publisher>LeapFrog</publisher>
		<rom name="500-12049 - Mi Primer Dia de Escuela (SP).bin" size="4194304" crc="878e3d34" sha1="b5893b2c852e472312a3f49320cec765fd1e4045" />
	</machine>
	<machine name="thomasst">
		<description>Thomas &amp; Friends - Thomas and the School Trip (UK)</description>
		<year>2002</year>
		<publisher>LeapFrog</publisher>
		<rom name="500-00543 - Thomas &amp; Friends - Thomas and the School Trip (UK).bin" size="2097152" crc="a66f7afb" sha1="49ee00ad8ca64fac28c2ab3c8e2b2116e121884e" />
	</machine>
	<machine name="vroom">
		<description>Vroom! Vroom! - On the Go (UK)</description>
		<year>2003</year>
		<publisher>LeapFrog</publisher>
		<rom name="500-11282 UBL - Vroom Vroom - On the Go (UK).bin" size="4194304" crc="88c24bd7" sha1="723a4c6d10d1a5205330c7401594cdc3217a137d" />
	</machine>
</datafile>