<?xml version="1.0" encoding="utf-8"?>
<!DOCTYPE datafile PUBLIC "-//Logiqx//DTD ROM Management Datafile//EN" "http://www.logiqx.com/Dats/datafile.dtd">
<datafile>
	<header>
		<name>lviv</name>
		<description>Lviv cassettes</description>
		<version>0.274</version>
		<author>Pleasuredome</author>
	</header>
	<machine name="69e3">
		<description>69E3</description>
		<year>19??</year>
		<publisher>&lt;unknown&gt;</publisher>
		<rom name="69e3.lvt" size="271" crc="32ee58b9" sha1="24bc7b7ab85dd75d4ac44c4224ef58c039de9f1f" />
	</machine>
	<machine name="aerocobr">
		<description>AEROCOBR</description>
		<year>19??</year>
		<publisher>&lt;unknown&gt;</publisher>
		<rom name="aerocobr.lv0" size="9933" crc="34423dbe" sha1="ba30edbe93d14e5984bed63461748e3a1246407d" />
		<rom name="aerocobr.lvt" size="152" crc="1d32ef0d" sha1="c31442fad478ba6e8bd297b7c4fac1b5832a53eb" />
	</machine>
	<machine name="alibaba">
		<description>ALIBABA</description>
		<year>19??</year>
		<publisher>&lt;unknown&gt;</publisher>
		<rom name="alibaba.lvt" size="9023" crc="89cf714d" sha1="cb94567265bc2230976657acb7df4d86f2dcee57" />
	</machine>
	<machine name="almazy">
		<description>ALMAZY</description>
		<year>19??</year>
		<publisher>&lt;unknown&gt;</publisher>
		<rom name="almazy.lvr" size="4519" crc="e1f8291e" sha1="9e3a885050ca03824457f176d55a13141adfb62a" />
	</machine>
	<machine name="anketa">
		<description>ANKETA</description>
		<year>19??</year>
		<publisher>&lt;unknown&gt;</publisher>
		<rom name="anketa.lvt" size="10986" crc="e3dfe0e5" sha1="382b349d499c9de480191adf94b1338873a04c2c" />
	</machine>
	<machine name="arcanoid">
		<description>ARCANOID</description>
		<year>19??</year>
		<publisher>&lt;unknown&gt;</publisher>
		<rom name="arcanoid.lv0" size="11927" crc="ce7b642e" sha1="db89a8840ef4c2eb287f8fabe1a49a510a14a68c" />
		<rom name="arcanoid.lv1" size="2583" crc="c324ec99" sha1="590ed59b43060f4454056d32f4473d176cefce6b" />
		<rom name="arcanoid.lv2" size="16406" crc="fbccb4ad" sha1="bb93045f5c09559671a6c1b9808a8540618786ce" />
		<rom name="arcanoid.lv3" size="4120" crc="a41d91c2" sha1="717ca83b6d3424373b076792c3fc40caaca20122" />
		<rom name="arcanoid.lvt" size="2293" crc="7bbe1be7" sha1="e8da25025f7a7d6b376bd960d003ef8604615265" />
	</machine>
	<machine name="arktic">
		<description>ARKTIC</description>
		<year>19??</year>
		<publisher>&lt;unknown&gt;</publisher>
		<rom name="arktic.lv0" size="18773" crc="37e0783e" sha1="9e87e444cc43ee96307b7f29ea17ea9de69f6151" />
		<rom name="arktic.lvt" size="3343" crc="585fe795" sha1="f6d50449ff0b1e66553c95e1e589595c672e5b03" />
	</machine>
	<machine name="artill">
		<description>ARTILL</description>
		<year>19??</year>
		<publisher>&lt;unknown&gt;</publisher>
		<rom name="artill.lvt" size="5718" crc="6f5ab7a6" sha1="349acaa42304baaf4ccf39fa51b6d4b31b4bb9cc" />
	</machine>
	<machine name="artist">
		<description>ARTIST</description>
		<year>19??</year>
		<publisher>&lt;unknown&gt;</publisher>
		<rom name="artist.lvt" size="3811" crc="ba297fcd" sha1="d5ffee12b8127f3e3bfa076eb69a0ef7b6d0ede9" />
	</machine>
	<machine name="ass90">
		<description>ASS90</description>
		<year>19??</year>
		<publisher>&lt;unknown&gt;</publisher>
		<rom name="ass90.lv0" size="7452" crc="7f59ebae" sha1="451c52f6cc3fcc2c29f9bd45c4f353ddec6872cc" />
		<rom name="ass90.lvt" size="9692" crc="0fff9b0b" sha1="44e780f0628ab7495de2bdeaa0eb553c5301c11b" />
	</machine>
	<machine name="ass91h">
		<description>ASS-91H</description>
		<year>19??</year>
		<publisher>&lt;unknown&gt;</publisher>
		<rom name="ass-91h.lvt" size="6683" crc="01d0715f" sha1="125ca373b57ac44ac374a61f760ede3badd81c67" />
	</machine>
	<machine name="ass91">
		<description>ASS-91</description>
		<year>19??</year>
		<publisher>&lt;unknown&gt;</publisher>
		<rom name="ass-91.lvt" size="10639" crc="66fada44" sha1="76e1aa7bd5e861fb93b7b8521d89c997610c3d7b" />
	</machine>
	<machine name="assmm0">
		<description>ASSMM0</description>
		<year>19??</year>
		<publisher>&lt;unknown&gt;</publisher>
		<rom name="assmm0.lvt" size="1240" crc="e65c3a92" sha1="aff6dc8dae11d883d191f57f8602a37107776e51" />
	</machine>
	<machine name="assmm1">
		<description>ASSMM1</description>
		<year>19??</year>
		<publisher>&lt;unknown&gt;</publisher>
		<rom name="assmm1.lvt" size="5218" crc="a1ec96d5" sha1="81c370432202ce23d83a659889740e194a8b974f" />
	</machine>
	<machine name="assmm2">
		<description>ASSMM2</description>
		<year>19??</year>
		<publisher>&lt;unknown&gt;</publisher>
		<rom name="assmm2.lvt" size="7515" crc="037b00a1" sha1="5b3f44b13e30355cdd93b2df0e1d076bec6f1fb3" />
	</machine>
	<machine name="assmm3">
		<description>ASSMM3</description>
		<year>19??</year>
		<publisher>&lt;unknown&gt;</publisher>
		<rom name="assmm3.lvt" size="8312" crc="f25d30d0" sha1="b9dc22e8475203897f5e4bbd2be91a1f67967024" />
	</machine>
	<machine name="astra">
		<description>ASTRA</description>
		<year>19??</year>
		<publisher>&lt;unknown&gt;</publisher>
		<rom name="astra.lvt" size="2791" crc="494b5427" sha1="69b479a3fa1d267b8434fe54f3013ee108220a45" />
	</machine>
	<machine name="ataka2">
		<description>ATAKA2</description>
		<year>19??</year>
		<publisher>&lt;unknown&gt;</publisher>
		<rom name="ataka2.lv0" size="11542" crc="37cd40df" sha1="d8409c66052cc87defca73620fcb4849ff4748d7" />
		<rom name="ataka2.lvt" size="4209" crc="2ffe6752" sha1="357e9a57d1de8ef6a25c90cd6f6d9f673bd57711" />
	</machine>
	<machine name="awarez">
		<description>A-WAREZ</description>
		<year>19??</year>
		<publisher>&lt;unknown&gt;</publisher>
		<rom name="a-warez.lvt" size="5102" crc="f43197bb" sha1="915da56ead766488a55e6c478e36cb47f2fa3c56" />
	</machine>
	<machine name="ball">
		<description>BALL</description>
		<year>19??</year>
		<publisher>&lt;unknown&gt;</publisher>
		<rom name="ball.lv0" size="2169" crc="1aab736a" sha1="210018b25a3b1dc8eef37e33c0d6f058d810e553" />
		<rom name="ball.lvt" size="6725" crc="8dc53902" sha1="a352383eece1cee4879c36cfa60f30b782a8d1fb" />
	</machine>
	<machine name="banan">
		<description>BANAN</description>
		<year>19??</year>
		<publisher>&lt;unknown&gt;</publisher>
		<rom name="banan.lv0" size="7735" crc="a520df65" sha1="950e5410e03f00d7da110ae89425634312feed45" />
		<rom name="banan.lvt" size="4491" crc="c422a77e" sha1="da638f0ac818c60de93fbba57c38e1ce0cc9fe99" />
	</machine>
	<machine name="bank">
		<description>BANK</description>
		<year>19??</year>
		<publisher>&lt;unknown&gt;</publisher>
		<rom name="bank.lvt" size="1103" crc="77b0204c" sha1="591fdfd2abf0884cd4c33db7c958f4baa892dd43" />
	</machine>
	<machine name="barmen">
		<description>BARMEN</description>
		<year>19??</year>
		<publisher>&lt;unknown&gt;</publisher>
		<rom name="barmen.lv0" size="24218" crc="cc3cfebe" sha1="d4e4866f94b92422036cff60f940b1853ae86749" />
		<rom name="barmen.lvt" size="3551" crc="35de58e3" sha1="6bcb69e4627e2591b374cc40e1031669f397666b" />
	</machine>
	<machine name="bear">
		<description>BEAR</description>
		<year>19??</year>
		<publisher>&lt;unknown&gt;</publisher>
		<rom name="bear.lvt" size="3720" crc="4f507e47" sha1="d45c1feda39d1fe89ba8b1bb7cad97433871e2cf" />
	</machine>
	<machine name="bearbee">
		<description>BEAR_BEE</description>
		<year>19??</year>
		<publisher>&lt;unknown&gt;</publisher>
		<rom name="bear_bee.lvt" size="3720" crc="20b08b1a" sha1="fc4d7b3686762de1b0b8319245fe58c2b6c12d44" />
	</machine>
	<machine name="bearhome">
		<description>BEARHOME</description>
		<year>19??</year>
		<publisher>&lt;unknown&gt;</publisher>
		<rom name="bearhome.lvt" size="4346" crc="cc1ed515" sha1="78faea5b96ea821d24f505b2fa6e5bf5ec577c00" />
	</machine>
	<machine name="biorythm">
		<description>BIORYTHM</description>
		<year>19??</year>
		<publisher>&lt;unknown&gt;</publisher>
		<rom name="biorythm.lvt" size="3412" crc="8c478ea0" sha1="bcdeef25a344d4aaf01a955d0bd1c15ec901863a" />
	</machine>
	<machine name="blacjack">
		<description>BLACJACK</description>
		<year>19??</year>
		<publisher>&lt;unknown&gt;</publisher>
		<rom name="blacjack.lvt" size="18735" crc="71851f3a" sha1="ae2c0f15a50ee0bd6546c1ae3b6972f4a45fa0c0" />
	</machine>
	<machine name="bnc">
		<description>B_N_C</description>
		<year>19??</year>
		<publisher>&lt;unknown&gt;</publisher>
		<rom name="b_n_c.lvt" size="5324" crc="65e5eee2" sha1="dda806644abdba366825d6a3ffa63fe6ec8b2fe8" />
	</machine>
	<machine name="boks">
		<description>BOKS</description>
		<year>19??</year>
		<publisher>&lt;unknown&gt;</publisher>
		<rom name="boks.lvt" size="5359" crc="f4678825" sha1="9eda0209bc44e06db90b72aece2be998f1ea7f95" />
	</machine>
	<machine name="bombit">
		<description>BOMB_IT</description>
		<year>19??</year>
		<publisher>&lt;unknown&gt;</publisher>
		<rom name="bomb_it.lvt" size="5023" crc="103fc796" sha1="06387e97f5f70a50158a9e4bbd21d923cb38b401" />
	</machine>
	<machine name="breach">
		<description>BREACH</description>
		<year>19??</year>
		<publisher>&lt;unknown&gt;</publisher>
		<rom name="breach.lv0" size="26423" crc="6e6a445f" sha1="ee2452ac04a7c787222949081caf0c4a3ca60d85" />
		<rom name="breach.lvt" size="7116" crc="63fed805" sha1="404efc35a14771c15fa1220e77cfaa84305baef9" />
	</machine>
	<machine name="bsdass">
		<description>BSDASS</description>
		<year>19??</year>
		<publisher>&lt;unknown&gt;</publisher>
		<rom name="bsdass.lvt" size="13529" crc="5e321fd0" sha1="5098e69a0ebcabd00f8b1310407d14a5654b8672" />
	</machine>
	<machine name="bstect">
		<description>BSTECT</description>
		<year>19??</year>
		<publisher>&lt;unknown&gt;</publisher>
		<rom name="bstect.lvt" size="2692" crc="b335b1b2" sha1="da32a10cf13fb680d5e35b673e36820041fdfb68" />
	</machine>
	<machine name="bulbul">
		<description>BULBUL</description>
		<year>19??</year>
		<publisher>&lt;unknown&gt;</publisher>
		<rom name="bulbul.lvt" size="4817" crc="58fed647" sha1="ad915d32674bbb73bc75f1a24304946bf18a8927" />
	</machine>
	<machine name="bura">
		<description>BURA</description>
		<year>19??</year>
		<publisher>&lt;unknown&gt;</publisher>
		<rom name="bura.lvt" size="14439" crc="15a59683" sha1="d0a2d04a66e383f3e3ccf34f3fd5fec867989240" />
	</machine>
	<machine name="castle">
		<description>CASTLE</description>
		<year>19??</year>
		<publisher>&lt;unknown&gt;</publisher>
		<rom name="castle.lvt" size="3210" crc="141d889e" sha1="d456881741ced33bee9d839e57bbe029a8459b4f" />
	</machine>
	<machine name="cave">
		<description>CAVE</description>
		<year>19??</year>
		<publisher>&lt;unknown&gt;</publisher>
		<rom name="cave.lvt" size="5431" crc="c7e5c14f" sha1="658c03d86e5e12407f3d41501f62d8f85a921d4b" />
	</machine>
	<machine name="caved">
		<description>CAVE_D</description>
		<year>19??</year>
		<publisher>&lt;unknown&gt;</publisher>
		<rom name="cave_d.lv0" size="3792" crc="0a1245a0" sha1="10393b56515f602a6ecd8f678a2c62ef13d404a8" />
		<rom name="cave_d.lvt" size="6460" crc="9af7f457" sha1="0d38a146f899a01f36820d5ba707a717d426a716" />
	</machine>
	<machine name="ccopy">
		<description>C-COPY</description>
		<year>19??</year>
		<publisher>&lt;unknown&gt;</publisher>
		<rom name="c-copy.lvt" size="1923" crc="45ffb917" sha1="17baf083464f5890345c03853de283a58e4473b1" />
	</machine>
	<machine name="chess2a">
		<description>CHESS-2A</description>
		<year>19??</year>
		<publisher>&lt;unknown&gt;</publisher>
		<rom name="chess-2a.lvt" size="7288" crc="3e504359" sha1="26dd2cb39f55b3c9a14c7b904af18b549987644d" />
	</machine>
	<machine name="chess2lv">
		<description>CHESS-2</description>
		<year>19??</year>
		<publisher>&lt;unknown&gt;</publisher>
		<rom name="chess-2.lvt" size="7353" crc="2b4fee2c" sha1="4df02918b7a1997c468dbceb5a2db25312056dd9" />
	</machine>
	<machine name="chess">
		<description>CHESS</description>
		<year>19??</year>
		<publisher>&lt;unknown&gt;</publisher>
		<rom name="chess.lvt" size="19635" crc="4315a4d6" sha1="9daa872310896925af4b345be5857dfacf589eb3" />
	</machine>
	<machine name="codemen">
		<description>CODEMEN</description>
		<year>19??</year>
		<publisher>&lt;unknown&gt;</publisher>
		<rom name="codemen.lvt" size="1726" crc="35d8a736" sha1="08d6e6ae60133af2455c8a8daf31bf003d0b798f" />
	</machine>
	<machine name="columns">
		<description>COLUMNS</description>
		<year>19??</year>
		<publisher>&lt;unknown&gt;</publisher>
		<rom name="columns.lv0" size="2543" crc="7d38f8f9" sha1="911ee80775b02ca9b9c1ab8d16197957a2bd2a81" />
		<rom name="columns.lvt" size="1300" crc="3c9859ae" sha1="1d4b880eebf442ba3964939154972ef72465c0f6" />
	</machine>
	<machine name="comprt2">
		<description>COMPRT2</description>
		<year>19??</year>
		<publisher>&lt;unknown&gt;</publisher>
		<rom name="comprt2.lvt" size="1191" crc="4ba39034" sha1="a6e18adf244f4e3b1784f76a4a7534bfa0dbd90e" />
	</machine>
	<machine name="comprt">
		<description>COMPRT</description>
		<year>19??</year>
		<publisher>&lt;unknown&gt;</publisher>
		<rom name="comprt.lvt" size="2070" crc="98aece55" sha1="2422cc49e8bea963638eb6f40f9ea45b6a169e53" />
	</machine>
	<machine name="cop2m">
		<description>COP-2M</description>
		<year>19??</year>
		<publisher>&lt;unknown&gt;</publisher>
		<rom name="cop-2m.lvt" size="786" crc="b64dd2a8" sha1="dab3efeb00f0474894ec165baad36a159285b874" />
	</machine>
	<machine name="copym3">
		<description>COPYM3</description>
		<year>19??</year>
		<publisher>&lt;unknown&gt;</publisher>
		<rom name="copym3.lvt" size="490" crc="19477a2f" sha1="f43c8460b0dbeb70eeca13ded15f11cf310857f6" />
	</machine>
	<machine name="corn">
		<description>CORN</description>
		<year>19??</year>
		<publisher>&lt;unknown&gt;</publisher>
		<rom name="corn.lvt" size="14043" crc="9fa9c545" sha1="8dbc2fb0d2fd459ac5c3c29ddc6e2e3c50d9682e" />
	</machine>
	<machine name="darkkosm">
		<description>DARKKOSM</description>
		<year>19??</year>
		<publisher>&lt;unknown&gt;</publisher>
		<rom name="darkkosm.lvt" size="2111" crc="8e53f293" sha1="15db76e35e3f2767aabdd4f6dab93babed5d4894" />
	</machine>
	<machine name="data2">
		<description>DATA2</description>
		<year>19??</year>
		<publisher>&lt;unknown&gt;</publisher>
		<rom name="data2.lvt" size="883" crc="7b90c011" sha1="edd075ecc197566ac4b82858d39c4ee7d585ce6e" />
	</machine>
	<machine name="data">
		<description>DATA</description>
		<year>19??</year>
		<publisher>&lt;unknown&gt;</publisher>
		<rom name="data.lvt" size="706" crc="40f7ac07" sha1="470b5517f44cbee136ecbb89a8abb62482cbcee8" />
	</machine>
	<machine name="debug1m">
		<description>DEBUG1M</description>
		<year>19??</year>
		<publisher>&lt;unknown&gt;</publisher>
		<rom name="debug1m.lvt" size="5973" crc="328b1ec7" sha1="ce090d99e235a4802fa2edc0289889f4b2c1ecf1" />
	</machine>
	<machine name="delit">
		<description>DELIT</description>
		<year>19??</year>
		<publisher>&lt;unknown&gt;</publisher>
		<rom name="delit.lvt" size="4468" crc="0d256f6a" sha1="e9038eb771f9e9b72fba7583410a6a75dcb0de08" />
	</machine>
	<machine name="detitst">
		<description>DETI_TST</description>
		<year>19??</year>
		<publisher>&lt;unknown&gt;</publisher>
		<rom name="deti_tst.lvt" size="9372" crc="38c72c93" sha1="860f526326b60dd7981e3f6be7af1f61e47b2c1a" />
	</machine>
	<machine name="diaman">
		<description>DIAMAN</description>
		<year>19??</year>
		<publisher>&lt;unknown&gt;</publisher>
		<rom name="diaman.lvt" size="5589" crc="2f1c9f21" sha1="34d4ac8c72d2ebc9e3dd23edf55b19cbdae616b5" />
	</machine>
	<machine name="digger2">
		<description>DIGGER2</description>
		<year>19??</year>
		<publisher>&lt;unknown&gt;</publisher>
		<rom name="digger2.lvt" size="2487" crc="04692239" sha1="bad4ae2d4e6799347ff1f8686c6d5b6b38a9d11e" />
	</machine>
	<machine name="digger3">
		<description>DIGGER3</description>
		<year>19??</year>
		<publisher>&lt;unknown&gt;</publisher>
		<rom name="digger3.lvt" size="3014" crc="cfe81a9f" sha1="651c62f3005ab5233371046b5373d47e2b525c0e" />
	</machine>
	<machine name="digger">
		<description>DIGGER</description>
		<year>19??</year>
		<publisher>&lt;unknown&gt;</publisher>
		<rom name="digger.lvt" size="5519" crc="465d6f47" sha1="71068cf48f3846a7b810b9edfd8fb99f7e1c8d5f" />
	</machine>
	<machine name="disas91h">
		<description>DISAS91H</description>
		<year>19??</year>
		<publisher>&lt;unknown&gt;</publisher>
		<rom name="disas91h.lvt" size="1744" crc="737cd555" sha1="a9b509fbcdaa1f2aa170c2685b0593657542ba78" />
	</machine>
	<machine name="disas91">
		<description>DISAS91</description>
		<year>19??</year>
		<publisher>&lt;unknown&gt;</publisher>
		<rom name="disas91.lvt" size="3302" crc="f3ed163c" sha1="79d6bb48c1579470e09f59f47cfe661c8ebe6052" />
	</machine>
	<machine name="dissas90">
		<description>DISSAS90</description>
		<year>19??</year>
		<publisher>&lt;unknown&gt;</publisher>
		<rom name="dissas90.lvt" size="4118" crc="ebecbb6a" sha1="7286c2b4fe5f169bb51457732b2c91963877debf" />
	</machine>
	<machine name="dizasm0">
		<description>DIZASM0</description>
		<year>19??</year>
		<publisher>&lt;unknown&gt;</publisher>
		<rom name="dizasm0.lvt" size="4163" crc="cc892afa" sha1="d534a39db17313df39354760a7e9ad8b6ad18b65" />
	</machine>
	<machine name="dizasm2">
		<description>DIZASM2</description>
		<year>19??</year>
		<publisher>&lt;unknown&gt;</publisher>
		<rom name="dizasm2.lvt" size="4319" crc="348c5dc4" sha1="11ec1f6c1bc4f653037670a27df0522a5f1ffd4e" />
	</machine>
	<machine name="dizasm">
		<description>DIZASM</description>
		<year>19??</year>
		<publisher>&lt;unknown&gt;</publisher>
		<rom name="dizasm.lvt" size="4371" crc="868dc3e1" sha1="91f376c4f496b79d667d4655ce2bf3b8be3b594c" />
	</machine>
	<machine name="doctor">
		<description>DOCTOR</description>
		<year>19??</year>
		<publisher>&lt;unknown&gt;</publisher>
		<rom name="doctor.lvt" size="1846" crc="265fdde2" sha1="4702038b8ddf7ea89b3607d27ea1d4a509f93b78" />
	</machine>
	<machine name="domino">
		<description>DOMINO</description>
		<year>19??</year>
		<publisher>&lt;unknown&gt;</publisher>
		<rom name="domino.lvt" size="6315" crc="a6b65ad8" sha1="5efb035d3448e31514ce7f5237287a62f1acfd62" />
	</machine>
	<machine name="dracon">
		<description>DRACON</description>
		<year>19??</year>
		<publisher>&lt;unknown&gt;</publisher>
		<rom name="dracon.lvt" size="5594" crc="e7207004" sha1="9647e9fef673b30eae8996a7ce0116142d5642bf" />
	</machine>
	<machine name="dragonf">
		<description>DRAGONF</description>
		<year>19??</year>
		<publisher>&lt;unknown&gt;</publisher>
		<rom name="dragonf.lvt" size="2103" crc="936a4d22" sha1="ca0ff226afff9ef93d596a0c288846d07c9a7887" />
	</machine>
	<machine name="ducks">
		<description>DUCKS</description>
		<year>19??</year>
		<publisher>&lt;unknown&gt;</publisher>
		<rom name="ducks.lv0" size="12421" crc="9cfeb1f3" sha1="81c6981348f3189bebe2e2b27c9791206a5351c9" />
		<rom name="ducks.lvt" size="2216" crc="14e690aa" sha1="de00b09bec0e2af19fb93e8df53952475b815682" />
	</machine>
	<machine name="editor">
		<description>EDITOR</description>
		<year>19??</year>
		<publisher>&lt;unknown&gt;</publisher>
		<rom name="editor.lv0" size="4712" crc="e6469f66" sha1="433c0707e3fba4b8c5dbaa762bcc18fae2898478" />
		<rom name="editor.lvt" size="8103" crc="d3e1b7b6" sha1="331571de783bb32de24d64105fffc13a14ad6456" />
	</machine>
	<machine name="edsamh">
		<description>ED_SAM_H</description>
		<year>19??</year>
		<publisher>&lt;unknown&gt;</publisher>
		<rom name="ed_sam_h.lvt" size="3646" crc="3ef72696" sha1="5fd90029e77ebd9514eabbca52695ebbdfc5663c" />
	</machine>
	<machine name="edsamr">
		<description>ED_SAM_R</description>
		<year>19??</year>
		<publisher>&lt;unknown&gt;</publisher>
		<rom name="ed_sam_r.lvt" size="3571" crc="158a56bb" sha1="f031b9a5689ab64c22c54cfca817a9b9bc32bb50" />
	</machine>
	<machine name="ekr2">
		<description>EKR2</description>
		<year>19??</year>
		<publisher>&lt;unknown&gt;</publisher>
		<rom name="ekr2.lv0" size="6363" crc="3c33951e" sha1="571200e3bfb4685d49e9cc66527e39343fae2e69" />
		<rom name="ekr2.lvt" size="8697" crc="61ecc96f" sha1="4d30a7b7696234b6f433825ad131804c7a1c262f" />
	</machine>
	<machine name="expert1">
		<description>EXPERT1</description>
		<year>19??</year>
		<publisher>&lt;unknown&gt;</publisher>
		<rom name="expert1.lvt" size="6260" crc="69d4a92e" sha1="6e2d7db8c426de1b722fe49165a01635b75b0996" />
	</machine>
	<machine name="f16">
		<description>F16</description>
		<year>19??</year>
		<publisher>&lt;unknown&gt;</publisher>
		<rom name="f16.lvt" size="17431" crc="b485111a" sha1="957e0d1006a21b0bdf57a2ad7a3cf6dfa914c2e9" />
	</machine>
	<machine name="faraon">
		<description>FARAON</description>
		<year>19??</year>
		<publisher>&lt;unknown&gt;</publisher>
		<rom name="faraon.lv0" size="4823" crc="d0d87c8b" sha1="7aefd6b741e980005fbd6176746e3faa2b48f3e7" />
		<rom name="faraon.lvt" size="2897" crc="7152f2e2" sha1="0db8792e7a6ee1a7b6dbdf4f1a0fc788a1f53546" />
	</machine>
	<machine name="fhell">
		<description>F_HELL</description>
		<year>19??</year>
		<publisher>&lt;unknown&gt;</publisher>
		<rom name="f_hell.lvt" size="15907" crc="57de1b13" sha1="c2ecf742b71dfdb2bd8fd8d7fa573d82a6a954de" />
	</machine>
	<machine name="fireman">
		<description>FIREMAN</description>
		<year>19??</year>
		<publisher>&lt;unknown&gt;</publisher>
		<rom name="fireman.lv0" size="11220" crc="222e9ff3" sha1="3c5adca4bfb743e6e70d9e5d1053c2a3ea938655" />
		<rom name="fireman.lvt" size="3856" crc="62446c1c" sha1="89c84baa7ceeb09ee20be9d3956cdcbe8727186d" />
	</machine>
	<machine name="flight">
		<description>FLIGHT</description>
		<year>19??</year>
		<publisher>&lt;unknown&gt;</publisher>
		<rom name="flight.lv0" size="10360" crc="d890d6fd" sha1="647359da5ebbda5b3be9fcdaca47079f627eed8e" />
		<rom name="flight.lvt" size="3046" crc="d995508e" sha1="2c474dfe8dc40b9d1770da53ad8e689a34ad1f30" />
	</machine>
	<machine name="fruct">
		<description>FRUCT</description>
		<year>19??</year>
		<publisher>&lt;unknown&gt;</publisher>
		<rom name="fruct.lv0" size="2071" crc="448ff174" sha1="16180a2c18101c4a8e10e71b38123fadf6f14f53" />
		<rom name="fruct.lv1" size="1463" crc="e6d514c3" sha1="c9b28ff3d52ecbf3af0ec006ce87411d93a1d8b4" />
		<rom name="fruct.lv2" size="123" crc="cb366752" sha1="32b5265e20bcbfa583dac46a95f51d9f7793e9be" />
		<rom name="fruct.lvr" size="4758" crc="52836e88" sha1="a6fa8477872b5ba7a65f4609e7a34549c454a30d" />
	</machine>
	<machine name="geograph">
		<description>GEOGRAPH</description>
		<year>19??</year>
		<publisher>&lt;unknown&gt;</publisher>
		<rom name="geograph.lvt" size="11922" crc="9c05f6f5" sha1="e9e80e2f2c8103e1a8d553bea2e82feacffb0947" />
	</machine>
	<machine name="gibbon">
		<description>GIBBON</description>
		<year>19??</year>
		<publisher>&lt;unknown&gt;</publisher>
		<rom name="gibbon.lv0" size="13370" crc="8be3f26b" sha1="c6bfe1d81b5e841c406577ca999a51e8f7b89227" />
		<rom name="gibbon.lvt" size="1676" crc="1eccb07e" sha1="1f0c3fc45b071554986b7ff04030ec0485fb64dc" />
	</machine>
	<machine name="golkiper">
		<description>GOLKIPER</description>
		<year>19??</year>
		<publisher>&lt;unknown&gt;</publisher>
		<rom name="golkiper.lv0" size="2915" crc="6a15e9c8" sha1="15f6c8cb1fcafb0e98664a41efc5748b2bfebdcb" />
		<rom name="golkiper.lvt" size="2417" crc="8495952a" sha1="93eb129006139572d3a93c1240424888681923e4" />
	</machine>
	<machine name="graphics">
		<description>GRAPHICS</description>
		<year>19??</year>
		<publisher>&lt;unknown&gt;</publisher>
		<rom name="graphics.lvt" size="3446" crc="9627aa3d" sha1="481078b3b5aa5a232927fef5e73271b3806883aa" />
	</machine>
	<machine name="grflvt">
		<description>GRF</description>
		<year>19??</year>
		<publisher>&lt;unknown&gt;</publisher>
		<rom name="grf.lv0" size="2352" crc="a34f2c31" sha1="f59f796d76d0a1682f3185b9eaa2a71ffa141f26" />
		<rom name="grf.lvt" size="5895" crc="e78849d6" sha1="5bab46627ddad569a6ce3d122206ed55c11ed5ea" />
	</machine>
	<machine name="heat">
		<description>HEAT</description>
		<year>19??</year>
		<publisher>&lt;unknown&gt;</publisher>
		<rom name="heat.lvt" size="3148" crc="cba03c4f" sha1="49bbcd6b52d91ccf5e86e0aca05bba385e39a643" />
	</machine>
	<machine name="hgmtst">
		<description>HGM_TST</description>
		<year>19??</year>
		<publisher>&lt;unknown&gt;</publisher>
		<rom name="hgm_tst.lvt" size="5047" crc="c821b940" sha1="f0562bde154f715bfd36267276b3c75ec8e94bc2" />
	</machine>
	<machine name="horse">
		<description>HORSE</description>
		<year>19??</year>
		<publisher>&lt;unknown&gt;</publisher>
		<rom name="horse.lv0" size="10415" crc="3ee3f467" sha1="255463cdc765682182ff57e09c612b644d8dd91d" />
		<rom name="horse.lvt" size="2288" crc="166be4e5" sha1="688e5a53111e99a0324cf5d58dbb34d4e9884282" />
	</machine>
	<machine name="ibm">
		<description>IBM</description>
		<year>19??</year>
		<publisher>&lt;unknown&gt;</publisher>
		<rom name="ibm.lvt" size="3607" crc="673aad97" sha1="1a5ff6596c587d2d0999bb434a9a45004fb21416" />
	</machine>
	<machine name="instr3">
		<description>INSTR3</description>
		<year>19??</year>
		<publisher>&lt;unknown&gt;</publisher>
		<rom name="instr3.lvt" size="1777" crc="5edc8d9b" sha1="ceb312406a07eb4b57c117949965faa1624d9122" />
	</machine>
	<machine name="iraq91">
		<description>IRAQ91</description>
		<year>19??</year>
		<publisher>&lt;unknown&gt;</publisher>
		<rom name="iraq91.lv0" size="12055" crc="4bbb78e2" sha1="dad4f965f166b69deb2517a8991f4c6486aa4b4c" />
		<rom name="iraq91.lvt" size="4209" crc="e80caa57" sha1="a6d60d8a7301f62a910ac9ce746ce154fa3ab749" />
	</machine>
	<machine name="japgor">
		<description>JAPGOR</description>
		<year>19??</year>
		<publisher>&lt;unknown&gt;</publisher>
		<rom name="japgor.lvt" size="13496" crc="81dbbd2b" sha1="2739f413894636da5a6606c238c7fe099701fe36" />
	</machine>
	<machine name="jetman">
		<description>JETMAN</description>
		<year>19??</year>
		<publisher>&lt;unknown&gt;</publisher>
		<rom name="jetman.lvt" size="4722" crc="b89ef4da" sha1="b38b5ad8ce0c01e6524a34fd8e80cbea0da2eae5" />
	</machine>
	<machine name="jump2">
		<description>JUMP-2</description>
		<year>19??</year>
		<publisher>&lt;unknown&gt;</publisher>
		<rom name="jump2a\jump_2.lvt" size="5951" crc="6b936f02" sha1="e8c48d6313962f9b677435ad9a66e86531122569" />
		<rom name="jump-2.lvt" size="8023" crc="8cb31c68" sha1="91a6f02abb14839e46ef6c9242f166d28927755a" />
	</machine>
	<machine name="karate">
		<description>KARATE</description>
		<year>19??</year>
		<publisher>&lt;unknown&gt;</publisher>
		<rom name="karate.lvt" size="9723" crc="f48d858f" sha1="2c0efd2bccc76aec6ee630ee822c12f355818955" />
	</machine>
	<machine name="karttst">
		<description>KART_TST</description>
		<year>19??</year>
		<publisher>&lt;unknown&gt;</publisher>
		<rom name="kart_tst.lvt" size="11235" crc="ef114c34" sha1="30fa5dc3050c15f034392def06a86a946b598a97" />
	</machine>
	<machine name="kingv">
		<description>KING_V</description>
		<year>19??</year>
		<publisher>&lt;unknown&gt;</publisher>
		<rom name="king_v.lv0" size="8759" crc="61154116" sha1="8e9131dc9a29edeed8a10493c9b4a0a355b75b28" />
		<rom name="king_v.lvt" size="7823" crc="82e9680c" sha1="0bdd7933fd84dd76c68f271c45bc66ce7d1b629b" />
	</machine>
	<machine name="klad">
		<description>KLAD</description>
		<year>19??</year>
		<publisher>&lt;unknown&gt;</publisher>
		<rom name="klad.lvr" size="4261" crc="43313a39" sha1="8b35a4a7aea607c6556ef796837b761b3ff246cc" />
	</machine>
	<machine name="klady">
		<description>KLADY</description>
		<year>19??</year>
		<publisher>&lt;unknown&gt;</publisher>
		<rom name="klady.lvt" size="3376" crc="af3b39d0" sha1="1649d51b02b3b5e4e8cd69c00273ca8d78a33dda" />
	</machine>
	<machine name="kobra">
		<description>KOBRA</description>
		<year>19??</year>
		<publisher>&lt;unknown&gt;</publisher>
		<rom name="kobra.lv0" size="2106" crc="661ef350" sha1="082dffc4f4facffca030e790cf2b347326c928d9" />
		<rom name="kobra.lvt" size="1924" crc="5db6dee7" sha1="422d61121e73ac444dfe0a6f208db25dc10884b0" />
	</machine>
	<machine name="korole">
		<description>KOROL_E</description>
		<year>19??</year>
		<publisher>&lt;unknown&gt;</publisher>
		<rom name="korol_e.lvt" size="7483" crc="9afd76bb" sha1="4a8314b0f12fd882dbc3ec538a9de243197567bd" />
	</machine>
	<machine name="korona">
		<description>KORONA</description>
		<year>19??</year>
		<publisher>&lt;unknown&gt;</publisher>
		<rom name="korona.lv0" size="24048" crc="359eb35e" sha1="d31e6257f7295ca86f8db0854f687890f15eefbf" />
		<rom name="korona.lvt" size="2558" crc="7be4a6a1" sha1="bed2586cf1a72460a33c3f8699f0e6438e7df085" />
	</machine>
	<machine name="kosmos">
		<description>KOSMOS</description>
		<year>19??</year>
		<publisher>&lt;unknown&gt;</publisher>
		<rom name="kosmos.lvt" size="6023" crc="2cd78f52" sha1="4415e095789ade2943dd5869782ff3a8de009f75" />
	</machine>
	<machine name="kosmp">
		<description>KOSM_P</description>
		<year>19??</year>
		<publisher>&lt;unknown&gt;</publisher>
		<rom name="kosm_p.lvt" size="2362" crc="ebb24155" sha1="d9fb387c6c6be1684114c9624d45a772d26055c4" />
	</machine>
	<machine name="kosprog">
		<description>KOS_PROG</description>
		<year>19??</year>
		<publisher>&lt;unknown&gt;</publisher>
		<rom name="kos_prog.lvt" size="12823" crc="1a929698" sha1="62a5ed5911ef24d111aef4b56049ab2fd7de2df6" />
	</machine>
	<machine name="krepost">
		<description>KREPOST</description>
		<year>19??</year>
		<publisher>&lt;unknown&gt;</publisher>
		<rom name="krepost.lv0" size="12880" crc="f37d31d0" sha1="fd4c4c6ada8f31b1a3791cf10fe3a1499bf7ba28" />
		<rom name="krepost.lvt" size="14193" crc="86e9a9ee" sha1="05073058656687d96216c30a2ad744ea302ec158" />
	</machine>
	<machine name="krokodyl">
		<description>KROKODYL</description>
		<year>19??</year>
		<publisher>&lt;unknown&gt;</publisher>
		<rom name="krokodyl.lvt" size="3904" crc="39e1aa68" sha1="73eaf55cb8c7f458edfbd9ca97dfad3098145dc1" />
	</machine>
	<machine name="krot">
		<description>KROT</description>
		<year>19??</year>
		<publisher>&lt;unknown&gt;</publisher>
		<rom name="krot.lv0" size="8924" crc="acbb2552" sha1="594d36e6482a9f399ff1e995f49f8c4c3cb8fb6b" />
		<rom name="krot.lvt" size="3548" crc="ea35fb8d" sha1="25df371b62c013332318d3f923ce58d23106a15f" />
	</machine>
	<machine name="kwadro">
		<description>KWADRO</description>
		<year>19??</year>
		<publisher>&lt;unknown&gt;</publisher>
		<rom name="kwadro.lvt" size="13625" crc="0c345add" sha1="ad764b1f502fa0c4ec82c2c11812fd2adef9fcf6" />
	</machine>
	<machine name="labirynt">
		<description>LABIRYNT</description>
		<year>19??</year>
		<publisher>&lt;unknown&gt;</publisher>
		<rom name="labirynt.lvt" size="1840" crc="2429c115" sha1="10842052950e930128b29735b084da8d7bcc3671" />
	</machine>
	<machine name="laguna">
		<description>LAGUNA</description>
		<year>19??</year>
		<publisher>&lt;unknown&gt;</publisher>
		<rom name="laguna.lv0" size="12307" crc="ddf6cf46" sha1="c38b4b58eba7767a8d5f2bd8ff6f15111f14dbc2" />
		<rom name="laguna.lvt" size="15985" crc="7e86854e" sha1="cb24f58c6ca898020bf9e6f60cdcbd19707e8d74" />
	</machine>
	<machine name="lapy">
		<description>LAPY</description>
		<year>19??</year>
		<publisher>&lt;unknown&gt;</publisher>
		<rom name="lapy.lv0" size="2130" crc="b020c7e6" sha1="ebcbac46d656d42b3da0b453f15bea7cd83d8188" />
		<rom name="lapy.lvt" size="1137" crc="27a9d211" sha1="673e897fef1fe2b04629d30b4b4e789d3d9d62a6" />
	</machine>
	<machine name="laserstr">
		<description>LASERSTR</description>
		<year>19??</year>
		<publisher>&lt;unknown&gt;</publisher>
		<rom name="laserstr.lvt" size="3278" crc="52db3f97" sha1="54313be04c2e60a445a99e659370a7ab741cbf18" />
	</machine>
	<machine name="lazer">
		<description>LAZER</description>
		<year>19??</year>
		<publisher>&lt;unknown&gt;</publisher>
		<rom name="lazer.lvt" size="1088" crc="5972ebda" sha1="78c69388dee1dd699e14e034442d8f46cdb17d51" />
	</machine>
	<machine name="lev">
		<description>LEV</description>
		<year>19??</year>
		<publisher>&lt;unknown&gt;</publisher>
		<rom name="lev.lv0" size="2498" crc="ddb865d6" sha1="22ca7dad46a979adc7f35d201fa8461f8014e92c" />
		<rom name="lev.lvt" size="10429" crc="36983f16" sha1="5495ab364bf11d5847341fc16438b107c1c2e362" />
	</machine>
	<machine name="lifetest">
		<description>LIFETEST</description>
		<year>19??</year>
		<publisher>&lt;unknown&gt;</publisher>
		<rom name="lifetest.lvt" size="7250" crc="2c0fe80f" sha1="e2ae19ab4a4c8fd7d1fd3c4703183ee3e90544e7" />
	</machine>
	<machine name="lifter2">
		<description>LIFTER2</description>
		<year>19??</year>
		<publisher>&lt;unknown&gt;</publisher>
		<rom name="lifter2.lvt" size="1267" crc="54332e80" sha1="3a75ca49a58c325f540380a6b2e723e498cab86c" />
	</machine>
	<machine name="lifter">
		<description>LIFTER</description>
		<year>19??</year>
		<publisher>&lt;unknown&gt;</publisher>
		<rom name="lifter.lvt" size="1267" crc="f4737ffc" sha1="24cfc55d145e289de5b85356ca762207afefd412" />
	</machine>
	<machine name="lm22">
		<description>LM-22</description>
		<year>19??</year>
		<publisher>&lt;unknown&gt;</publisher>
		<rom name="lm-22.lvt" size="6220" crc="179c5dd1" sha1="db4a74985835cd33d387ec0597e47cec4db6bc13" />
	</machine>
	<machine name="lomv2">
		<description>LOM_V2</description>
		<year>19??</year>
		<publisher>&lt;unknown&gt;</publisher>
		<rom name="lom_v2.lvt" size="2560" crc="9480cb23" sha1="46a377f3da42c1c3cc60f940986cd13bc534ce1d" />
	</machine>
	<machine name="lptdrv">
		<description>LPTDRV</description>
		<year>19??</year>
		<publisher>&lt;unknown&gt;</publisher>
		<rom name="lptdrv.lvt" size="159" crc="e3584bef" sha1="b7f38736a0de962caa2bf854034368f37438f42a" />
	</machine>
	<machine name="lpthlp">
		<description>LPTHLP</description>
		<year>19??</year>
		<publisher>&lt;unknown&gt;</publisher>
		<rom name="lpthlp.lvt" size="612" crc="8e90079c" sha1="b467b4bebb571a51fcb3dcf4b528a596779da555" />
	</machine>
	<machine name="luna">
		<description>LUNA</description>
		<year>19??</year>
		<publisher>&lt;unknown&gt;</publisher>
		<rom name="luna.lvt" size="5663" crc="a2bceb2a" sha1="03393f66ffff46ad4ed676e050914a9c0dea8169" />
	</machine>
	<machine name="mars0">
		<description>MARS0</description>
		<year>19??</year>
		<publisher>&lt;unknown&gt;</publisher>
		<rom name="mars0.lvt" size="4276" crc="3c367d1e" sha1="0a177d0f26c3ff990a4746784de8a123beb9f1ce" />
	</machine>
	<machine name="mars3">
		<description>MARS3</description>
		<year>19??</year>
		<publisher>&lt;unknown&gt;</publisher>
		<rom name="mars3.lvr" size="3493" crc="df68b772" sha1="daa6da3bc09b3ff3f25c74138cd2eccfe586a445" />
	</machine>
	<machine name="mars">
		<description>MARS</description>
		<year>19??</year>
		<publisher>&lt;unknown&gt;</publisher>
		<rom name="mars.lvt" size="4529" crc="b815d373" sha1="2dd088da76e3397d893ee342ec32a7615ead877b" />
	</machine>
	<machine name="mem">
		<description>MEM</description>
		<year>19??</year>
		<publisher>&lt;unknown&gt;</publisher>
		<rom name="mem.lvt" size="226" crc="ff03521c" sha1="4345e5e0028baf26a12846ff5689e4ef787112c3" />
	</machine>
	<machine name="mines">
		<description>MINES</description>
		<year>19??</year>
		<publisher>&lt;unknown&gt;</publisher>
		<rom name="mines.lvt" size="1815" crc="17a08f6c" sha1="cbc365ab27b4bfe69d0aa7bff5cb8475dd2b21d1" />
	</machine>
	<machine name="minom">
		<description>MINOM</description>
		<year>19??</year>
		<publisher>&lt;unknown&gt;</publisher>
		<rom name="minom.lvt" size="3820" crc="d15ed115" sha1="c8d0e50a9d78766f529c02397156ed78dd5b3283" />
	</machine>
	<machine name="mirror">
		<description>MIRROR</description>
		<year>19??</year>
		<publisher>&lt;unknown&gt;</publisher>
		<rom name="mirror.lvt" size="97" crc="b1f6ca0b" sha1="b42841b9757566b65ea25d18e0c59494a78e2eaa" />
	</machine>
	<machine name="mland2">
		<description>M-LAND2</description>
		<year>19??</year>
		<publisher>&lt;unknown&gt;</publisher>
		<rom name="m-land2.lvt" size="23805" crc="33a5b125" sha1="e22d1c9320e5e1df5bf6aa408e35a43707c8738e" />
	</machine>
	<machine name="mland">
		<description>M-LAND</description>
		<year>19??</year>
		<publisher>&lt;unknown&gt;</publisher>
		<rom name="m-land.lvt" size="8800" crc="2d0dcd3a" sha1="c14bd5d00b7c3ed712a367d359fe8b6bff23f901" />
	</machine>
	<machine name="mmouse2">
		<description>M_MOUSE2</description>
		<year>19??</year>
		<publisher>&lt;unknown&gt;</publisher>
		<rom name="m_mouse2.lv0" size="2498" crc="50908c8f" sha1="6d8c0cabe5121d039ac98af6e9b1f58b3940cd95" />
		<rom name="m_mouse2.lvt" size="10115" crc="48dd434f" sha1="9fdd8af9591f43265fc0a20fa796678aa91f136a" />
	</machine>
	<machine name="mmouse">
		<description>M_MOUSE</description>
		<year>19??</year>
		<publisher>&lt;unknown&gt;</publisher>
		<rom name="m_mouse.lv0" size="2498" crc="ddb865d6" sha1="22ca7dad46a979adc7f35d201fa8461f8014e92c" />
		<rom name="m_mouse.lvt" size="9969" crc="588071ba" sha1="d2afa6b228f63873d4fdb1349d1d8cac4ae9a699" />
	</machine>
	<machine name="modmag">
		<description>MOD_MAG</description>
		<year>19??</year>
		<publisher>&lt;unknown&gt;</publisher>
		<rom name="mod_mag.lvt" size="4956" crc="af9930b8" sha1="cc16ae94b7f626b05a1c0a295d2862370f87bd9e" />
	</machine>
	<machine name="mon90">
		<description>MON90</description>
		<year>19??</year>
		<publisher>&lt;unknown&gt;</publisher>
		<rom name="mon90.lvt" size="4456" crc="68231900" sha1="ad782ed3bd1af0b29fd3af8fdb4380edb36690c9" />
	</machine>
	<machine name="monar">
		<description>MON_AR</description>
		<year>19??</year>
		<publisher>&lt;unknown&gt;</publisher>
		<rom name="mon_ar.lvt" size="4149" crc="eadba46e" sha1="cb9c4aa2ecaeaeea44c56f1f039f14f30617a976" />
	</machine>
	<machine name="monitore">
		<description>MONITORE</description>
		<year>19??</year>
		<publisher>&lt;unknown&gt;</publisher>
		<rom name="monitore.lvt" size="4030" crc="b03f0fa7" sha1="7189a4f05f7118c68ef3725ccd291057d7a251d0" />
	</machine>
	<machine name="monopol">
		<description>MONOPOL</description>
		<year>19??</year>
		<publisher>&lt;unknown&gt;</publisher>
		<rom name="monopol.lvt" size="6865" crc="948c565f" sha1="358a71cf6516fefe92d12850b2e85afa7371eec2" />
	</machine>
	<machine name="monplus">
		<description>MON_PLUS</description>
		<year>19??</year>
		<publisher>&lt;unknown&gt;</publisher>
		<rom name="mon_plus.lvt" size="8482" crc="ed5ee7a7" sha1="643a6e6ba42130269dbf062fcd8152adac98e1a2" />
	</machine>
	<machine name="moonbase">
		<description>MOONBASE</description>
		<year>19??</year>
		<publisher>&lt;unknown&gt;</publisher>
		<rom name="moonbase.lv0" size="11508" crc="5bf601b0" sha1="3a0c4c4d79068acafc7afa881f2980e14b404830" />
		<rom name="moonbase.lvt" size="4070" crc="d2ad4946" sha1="2a8627095b61db427729778edac53ef540057142" />
	</machine>
	<machine name="morbatt">
		<description>MORBATTL</description>
		<year>19??</year>
		<publisher>&lt;unknown&gt;</publisher>
		<rom name="morbattl.lvt" size="5359" crc="45578f48" sha1="810ee9311b95b56279e62715cf89a0a8c32fd258" />
	</machine>
	<machine name="morze">
		<description>MORZE</description>
		<year>19??</year>
		<publisher>&lt;unknown&gt;</publisher>
		<rom name="morze.lvt" size="6141" crc="524ebd7f" sha1="97b18525e26e3fda313c2f3ba1108a9ae453ff16" />
	</machine>
	<machine name="ms6312">
		<description>MS6312</description>
		<year>19??</year>
		<publisher>&lt;unknown&gt;</publisher>
		<rom name="ms6312.lvt" size="159" crc="9c1fff19" sha1="c75fe3377d677e5ef0d8179679eb685b2ef194ef" />
	</machine>
	<machine name="mult2">
		<description>MULT2</description>
		<year>19??</year>
		<publisher>&lt;unknown&gt;</publisher>
		<rom name="mult2.lvt" size="9986" crc="e42578f2" sha1="b7b26fe58eef1cb8e0523f243b51a3c3d1d8d073" />
	</machine>
	<machine name="mult">
		<description>MULT</description>
		<year>19??</year>
		<publisher>&lt;unknown&gt;</publisher>
		<rom name="mult.lvt" size="9802" crc="1cfb7663" sha1="ce193d346d0be9a7d5b8e7d09db729bbd0711efa" />
	</machine>
	<machine name="music">
		<description>MUSIC</description>
		<year>19??</year>
		<publisher>&lt;unknown&gt;</publisher>
		<rom name="music.lvt" size="4741" crc="49177d51" sha1="f33cdf3f2aec2cc6269efb10c456467cace5206c" />
	</machine>
	<machine name="o32">
		<description>O32</description>
		<year>19??</year>
		<publisher>&lt;unknown&gt;</publisher>
		<rom name="o32.lv0" size="7451" crc="59c98d08" sha1="8cee402f93e7f974fa3752201c5357e59e2438d1" />
		<rom name="o32.lvt" size="2807" crc="c43f4970" sha1="2a790605137f25be580800835d67c8e126b7d3c4" />
	</machine>
	<machine name="oregon">
		<description>OREGON</description>
		<year>19??</year>
		<publisher>&lt;unknown&gt;</publisher>
		<rom name="oregon.lvt" size="14976" crc="42d59ecd" sha1="9daa8a0d84078de06e2a4545d167c6fc2be607e6" />
	</machine>
	<machine name="ostrov">
		<description>OSTROV</description>
		<year>19??</year>
		<publisher>&lt;unknown&gt;</publisher>
		<rom name="ostrov.lvt" size="11715" crc="87f94c44" sha1="afcfa9bb6be6891ede87a1d1eb0ebd15a06599ba" />
	</machine>
	<machine name="otello">
		<description>OTELLO</description>
		<year>19??</year>
		<publisher>&lt;unknown&gt;</publisher>
		<rom name="otello.lvt" size="12438" crc="1a0c255a" sha1="1ecf66625b9d68c2b64191d3615c70ae8fcc1dc3" />
	</machine>
	<machine name="oxota">
		<description>OXOTA</description>
		<year>19??</year>
		<publisher>&lt;unknown&gt;</publisher>
		<rom name="oxota.lv0" size="6465" crc="60d32e91" sha1="396b91aeca1e66213331197a83f3629260e1c0a9" />
		<rom name="oxota.lvt" size="10304" crc="2b81bec2" sha1="329aac80176bfc83f6d293c4f54875e1c1be7bc9" />
	</machine>
	<machine name="ozuv1">
		<description>OZU_V1</description>
		<year>19??</year>
		<publisher>&lt;unknown&gt;</publisher>
		<rom name="ozu_v1.lvt" size="4866" crc="ba17f83e" sha1="2f3a473fa832412439b362b0aca54b5685b71ea2" />
	</machine>
	<machine name="pacman">
		<description>PACMAN</description>
		<year>19??</year>
		<publisher>&lt;unknown&gt;</publisher>
		<rom name="pacman.lvt" size="6523" crc="c108aa3a" sha1="9d6f91202d436a30c9840f37ced5461dfa89c7dd" />
	</machine>
	<machine name="parovoz">
		<description>PAROVOZ</description>
		<year>19??</year>
		<publisher>&lt;unknown&gt;</publisher>
		<rom name="parovoz.lv0" size="2498" crc="76ee6cb2" sha1="079fdfb0e069ab82f7c61a3974498f7961586b58" />
		<rom name="parovoz.lvt" size="5618" crc="082a2e54" sha1="5c638801073661d8ec4001169f291e991a4576e6" />
	</machine>
	<machine name="patrol">
		<description>PATROL</description>
		<year>19??</year>
		<publisher>&lt;unknown&gt;</publisher>
		<rom name="patrol.lvt" size="16065" crc="2dbdf549" sha1="13a94b79b9a0aa1a302c27bd3f44450e0a2fb66c" />
	</machine>
	<machine name="pguard">
		<description>P_GUARD</description>
		<year>19??</year>
		<publisher>&lt;unknown&gt;</publisher>
		<rom name="p_guard.lvt" size="5598" crc="278fed04" sha1="6240fb6651301f56e1c512b9fabd713857165dc9" />
	</machine>
	<machine name="pirat2">
		<description>PIRAT2</description>
		<year>19??</year>
		<publisher>&lt;unknown&gt;</publisher>
		<rom name="pirat2.lvt" size="290" crc="d713489a" sha1="a418264fba9c7ef7d4912e1e5113eedea51eb54c" />
	</machine>
	<machine name="pirat">
		<description>PIRAT</description>
		<year>19??</year>
		<publisher>&lt;unknown&gt;</publisher>
		<rom name="pirat.lvt" size="187" crc="ace14759" sha1="c73121f23abb76bb86b6a9cf05dc2341279e699c" />
	</machine>
	<machine name="pirog">
		<description>PIROG</description>
		<year>19??</year>
		<publisher>&lt;unknown&gt;</publisher>
		<rom name="pirog.lvt" size="4294" crc="431def76" sha1="5609da439752a3a167acc1c15649e25a4238f1f9" />
	</machine>
	<machine name="piton">
		<description>PITON</description>
		<year>19??</year>
		<publisher>&lt;unknown&gt;</publisher>
		<rom name="piton.lvr" size="4911" crc="7dd7bd95" sha1="554d85272533f084438bb41b9dfd6d8a10a2e2a2" />
	</machine>
	<machine name="podz2">
		<description>PODZ-2</description>
		<year>19??</year>
		<publisher>&lt;unknown&gt;</publisher>
		<rom name="podz-2.lvt" size="5142" crc="119127a7" sha1="9de990c80f558717888cbfe06a4af24a239e2583" />
	</machine>
	<machine name="pool">
		<description>POOL</description>
		<year>19??</year>
		<publisher>&lt;unknown&gt;</publisher>
		<rom name="pool.lv0" size="7182" crc="abe846ee" sha1="8045b6d84702b03705812cbfa470fa1187363f21" />
		<rom name="pool.lvt" size="3621" crc="a62a1118" sha1="5eca44bd77d514dec396b7d34763ee070100a950" />
	</machine>
	<machine name="popc2hw">
		<description>POPC_2HW</description>
		<year>19??</year>
		<publisher>&lt;unknown&gt;</publisher>
		<rom name="popc_2hw.lv0" size="1454" crc="b4bbf5d8" sha1="cec40f9aaa8fbee34c8af473611cda4eca4af5d3" />
		<rom name="popc_2hw.lv1" size="2292" crc="ea0cd548" sha1="6fc2629a7aff2bd59a21532087e81434b402f20e" />
		<rom name="popc_2hw.lvt" size="7762" crc="82c9070f" sha1="faf44b340bd639f389b576f774415f0b8bbde84d" />
	</machine>
	<machine name="popcorn2">
		<description>POPCORN2</description>
		<year>19??</year>
		<publisher>&lt;unknown&gt;</publisher>
		<rom name="popcorn2.lv0" size="7603" crc="456b3b47" sha1="3d06f0632330b4c9ebf6194ba75f18d1a90e9ebc" />
		<rom name="popcorn2.lv1" size="1454" crc="b4bbf5d8" sha1="cec40f9aaa8fbee34c8af473611cda4eca4af5d3" />
		<rom name="popcorn2.lv2" size="2292" crc="ea0cd548" sha1="6fc2629a7aff2bd59a21532087e81434b402f20e" />
		<rom name="popcorn2.lvt" size="159" crc="27cb0313" sha1="9fcf9a97d6bc7256baf64a54ccbdf1df2129abaf" />
	</machine>
	<machine name="popcorn">
		<description>POPCORN</description>
		<year>19??</year>
		<publisher>&lt;unknown&gt;</publisher>
		<rom name="popcorn.lvt" size="3863" crc="07f47686" sha1="60294f3bd786b105a3fc1c207b17bf8db82d128d" />
	</machine>
	<machine name="povdtst">
		<description>POVD_TST</description>
		<year>19??</year>
		<publisher>&lt;unknown&gt;</publisher>
		<rom name="povd_tst.lvt" size="10383" crc="2d2a19f3" sha1="b5c72ac266078507792cab2c73eac6297a537c45" />
	</machine>
	<machine name="pprog">
		<description>P_PROG</description>
		<year>19??</year>
		<publisher>&lt;unknown&gt;</publisher>
		<rom name="p_prog.lvt" size="1458" crc="54c67d74" sha1="7b6541380b323a1f9c26a988e20be44f657fa8b6" />
	</machine>
	<machine name="pprogh">
		<description>P_PROG_H</description>
		<year>19??</year>
		<publisher>&lt;unknown&gt;</publisher>
		<rom name="p_prog_h.lvt" size="1027" crc="ba6991e2" sha1="30da0c234f6d10ae14c7649b19ac8a081089fc62" />
	</machine>
	<machine name="pretty">
		<description>PRETTY</description>
		<year>19??</year>
		<publisher>&lt;unknown&gt;</publisher>
		<rom name="pretty.lvt" size="16438" crc="62ff78bb" sha1="f7c8c987b6871a248a0eee1e0bc2f5fe3d1e1176" />
	</machine>
	<machine name="preziden">
		<description>PREZIDEN</description>
		<year>19??</year>
		<publisher>&lt;unknown&gt;</publisher>
		<rom name="preziden.lvt" size="15751" crc="c5826f0a" sha1="5673c7dbb43117c7ccd705416d5c5291a1db916c" />
	</machine>
	<machine name="raketa2">
		<description>RAKETA2</description>
		<year>19??</year>
		<publisher>&lt;unknown&gt;</publisher>
		<rom name="raketa2.lvt" size="4783" crc="02b2bfb7" sha1="9502ecd834a0d04c0722d5d7e853bc3d9d7fe7a4" />
	</machine>
	<machine name="raketa">
		<description>RAKETA</description>
		<year>19??</year>
		<publisher>&lt;unknown&gt;</publisher>
		<rom name="raketa.lvt" size="5159" crc="ab929551" sha1="c5f26e5054e469e5107c9a1d9b01e17f310422a2" />
	</machine>
	<machine name="ralli">
		<description>RALLI</description>
		<year>19??</year>
		<publisher>&lt;unknown&gt;</publisher>
		<rom name="ralli.lvt" size="3443" crc="092a1373" sha1="8b66e1e00dd950718dcd98b03b13c04e5b5c9d09" />
	</machine>
	<machine name="rasch">
		<description>RASCH</description>
		<year>19??</year>
		<publisher>&lt;unknown&gt;</publisher>
		<rom name="rasch.lvt" size="257" crc="2c9320ce" sha1="c4fc37874569dd4175cd826369ebfd29f5f62e2e" />
	</machine>
	<machine name="rashir2">
		<description>RASHIR2</description>
		<year>19??</year>
		<publisher>&lt;unknown&gt;</publisher>
		<rom name="rashir2.lvt" size="2071" crc="448ff174" sha1="16180a2c18101c4a8e10e71b38123fadf6f14f53" />
	</machine>
	<machine name="rashir">
		<description>RASHIR</description>
		<year>19??</year>
		<publisher>&lt;unknown&gt;</publisher>
		<rom name="rashir.lvt" size="2070" crc="876e161d" sha1="fb54e86a4e4aec83195e58d9a6d4a2d27ec45298" />
	</machine>
	<machine name="renum2">
		<description>RENUM2</description>
		<year>19??</year>
		<publisher>&lt;unknown&gt;</publisher>
		<rom name="renum2.lvt" size="1744" crc="27fc4ac8" sha1="5faf8b7d307984a76bfdcb00025696ac4e60605c" />
	</machine>
	<machine name="renum">
		<description>RENUM</description>
		<year>19??</year>
		<publisher>&lt;unknown&gt;</publisher>
		<rom name="renum.lvt" size="1516" crc="dc15d20c" sha1="5272adeec113ff1f3d4d45bfaa334e020d7b7925" />
	</machine>
	<machine name="revansh">
		<description>REVANSH</description>
		<year>19??</year>
		<publisher>&lt;unknown&gt;</publisher>
		<rom name="revansh.lvt" size="12823" crc="876f18fa" sha1="6782a005ce920bf5f0dbc815589ee315aeff657b" />
	</machine>
	<machine name="ricoshet">
		<description>RICOSHET</description>
		<year>19??</year>
		<publisher>&lt;unknown&gt;</publisher>
		<rom name="ricoshet.lv0" size="13529" crc="d7d5ddc5" sha1="12108b55bf6adc8bf3f5fbe29a3012241f98f5ae" />
		<rom name="ricoshet.lvt" size="1757" crc="fc97a40e" sha1="bb7df3e4924de3ee5530882ee1fc5633bb6d0000" />
	</machine>
	<machine name="rlci">
		<description>_RLCI_</description>
		<year>19??</year>
		<publisher>&lt;unknown&gt;</publisher>
		<rom name="_rlci_.lvt" size="5396" crc="5ee3963b" sha1="8062dab94a51b8f0d34241aeac61a72fc5fca417" />
	</machine>
	<machine name="robot">
		<description>ROBOT</description>
		<year>19??</year>
		<publisher>&lt;unknown&gt;</publisher>
		<rom name="robot.lvt" size="4437" crc="309a3d4b" sha1="5275a41c267c26c92f2e64ca8304cd08172daec1" />
	</machine>
	<machine name="robotsw">
		<description>ROBOTS_W</description>
		<year>19??</year>
		<publisher>&lt;unknown&gt;</publisher>
		<rom name="robots_w.lvt" size="9934" crc="9220ea54" sha1="08a45887a030f6a74d05b2ad7c3c3d059ecf37d5" />
	</machine>
	<machine name="roditst">
		<description>RODI_TST</description>
		<year>19??</year>
		<publisher>&lt;unknown&gt;</publisher>
		<rom name="rodi_tst.lvt" size="8998" crc="421a0259" sha1="7932d43af2d51540fd377f05bc46943e7581c12c" />
	</machine>
	<machine name="rsm">
		<description>RSM</description>
		<year>19??</year>
		<publisher>&lt;unknown&gt;</publisher>
		<rom name="rsm.lvt" size="488" crc="c0f5b8b5" sha1="c33ceaf72036b41d9db63052ce0f1ad59b799bcd" />
	</machine>
	<machine name="rsmh">
		<description>RSM_H</description>
		<year>19??</year>
		<publisher>&lt;unknown&gt;</publisher>
		<rom name="rsm_h.lvt" size="1074" crc="c4624746" sha1="2a7f9d0c9bbec181b805b7292b7427779713239b" />
	</machine>
	<machine name="rybak">
		<description>RYBAK</description>
		<year>19??</year>
		<publisher>&lt;unknown&gt;</publisher>
		<rom name="rybak.lv0" size="12184" crc="ce008fb4" sha1="2f88e71a052c2e446daf69c4a3db783dd127d88b" />
		<rom name="rybak.lvt" size="15985" crc="2f94b38c" sha1="59083e819d0afba4e9d227fb7a414b855a0d8537" />
	</machine>
	<machine name="safari">
		<description>SAFARI</description>
		<year>19??</year>
		<publisher>&lt;unknown&gt;</publisher>
		<rom name="safari.lv0" size="19761" crc="5d1dddc7" sha1="fb143f7a3eca49034a73067ca1ce11d98dbded43" />
		<rom name="safari.lvt" size="2324" crc="34197236" sha1="71052dc5452602b74281cf086999cdb4a2a2a524" />
	</machine>
	<machine name="samara">
		<description>SAMARA</description>
		<year>19??</year>
		<publisher>&lt;unknown&gt;</publisher>
		<rom name="samara.lvt" size="8214" crc="79fb6228" sha1="ca155e1ca448c17f74ff58abee6b8b6e1965d791" />
	</machine>
	<machine name="samolet">
		<description>SAMOLET</description>
		<year>19??</year>
		<publisher>&lt;unknown&gt;</publisher>
		<rom name="samolet.lvt" size="1974" crc="31ae44f2" sha1="426758b5d70d400b3485011a3ab31ece6ee2e9cf" />
	</machine>
	<machine name="saski">
		<description>SASKI</description>
		<year>19??</year>
		<publisher>&lt;unknown&gt;</publisher>
		<rom name="saski.lv0" size="6757" crc="e549f81b" sha1="22d32d05f8158aad0a552e5692178a51909f4c9d" />
		<rom name="saski.lvt" size="1988" crc="e9872e33" sha1="7e2d8428435f09a43f43d800f3b451f958a949c5" />
	</machine>
	<machine name="sball">
		<description>SBALL</description>
		<year>19??</year>
		<publisher>&lt;unknown&gt;</publisher>
		<rom name="sball.lvt" size="1232" crc="2de84b64" sha1="c36bfd7ed0f96d04acf19b4a8b80f1bbc30eaf8e" />
	</machine>
	<machine name="scopy">
		<description>S-COPY</description>
		<year>19??</year>
		<publisher>&lt;unknown&gt;</publisher>
		<rom name="s-copy.lvt" size="1106" crc="9388dec2" sha1="974c8de9e6911a74efcaa8618fc44040b5888bd4" />
	</machine>
	<machine name="serpantn">
		<description>SERPANTN</description>
		<year>19??</year>
		<publisher>&lt;unknown&gt;</publisher>
		<rom name="serpantn.lvt" size="7229" crc="ef52d1a0" sha1="1b16130b1eb625ea665e86c07b8a6799c93fc538" />
	</machine>
	<machine name="service">
		<description>SERVICE</description>
		<year>19??</year>
		<publisher>&lt;unknown&gt;</publisher>
		<rom name="service.lvt" size="4263" crc="4cb7b233" sha1="aae52d1ac146460e325ecbd1c4cf98e6d5b40756" />
	</machine>
	<machine name="shar">
		<description>SHAR</description>
		<year>19??</year>
		<publisher>&lt;unknown&gt;</publisher>
		<rom name="shar.lv0" size="9927" crc="f2d7b772" sha1="87954d23f567963a83e50e1c10ce12978fcdd95c" />
		<rom name="shar.lvt" size="2594" crc="21b41e90" sha1="555e9cc6fa5176d3aa13b5e3db4a2771448ee3d9" />
	</machine>
	<machine name="shelwien">
		<description>SHELWIEN</description>
		<year>19??</year>
		<publisher>&lt;unknown&gt;</publisher>
		<rom name="shelwien.lvt" size="16438" crc="9ee40c5b" sha1="562fb992f2b7614b52ba9cfe377d9a97e27f9aa1" />
	</machine>
	<machine name="simvol2">
		<description>SIMVOL2</description>
		<year>19??</year>
		<publisher>&lt;unknown&gt;</publisher>
		<rom name="simvol2.lvt" size="4440" crc="930d985f" sha1="94c3432d064705dedcb9bbb2f426a742cb5d4bb5" />
	</machine>
	<machine name="slabir2">
		<description>S_LABIR2</description>
		<year>19??</year>
		<publisher>&lt;unknown&gt;</publisher>
		<rom name="slabir2a\s_labir2.lvt" size="1393" crc="a6ea63b5" sha1="cbaaa25f45ef5cd848bc36a04b44bcd0951048ff" />
		<rom name="s_labir2.lv0" size="19298" crc="bce5b84e" sha1="8928f03eae8e44bd78cd05acad0dfe41d916f8a6" />
	</machine>
	<machine name="slabir">
		<description>S_LABIR</description>
		<year>19??</year>
		<publisher>&lt;unknown&gt;</publisher>
		<rom name="s_labir.lvt" size="19298" crc="bce5b84e" sha1="8928f03eae8e44bd78cd05acad0dfe41d916f8a6" />
	</machine>
	<machine name="slaloml">
		<description>SLALOM</description>
		<year>19??</year>
		<publisher>&lt;unknown&gt;</publisher>
		<rom name="slalom.lv0" size="11838" crc="25c9b3d9" sha1="b2f797d5c7aafc892622f6b617de3a717427ce87" />
		<rom name="slalom.lvt" size="2398" crc="779b7405" sha1="16b1a522c66442fb3843ee3f0507019658d574ed" />
	</machine>
	<machine name="snake">
		<description>SNAKE</description>
		<year>19??</year>
		<publisher>&lt;unknown&gt;</publisher>
		<rom name="snake.lvt" size="8215" crc="9099b229" sha1="35a636383ad5b99448f9bb072ed497608069605e" />
	</machine>
	<machine name="socob">
		<description>SOCO_B</description>
		<year>19??</year>
		<publisher>&lt;unknown&gt;</publisher>
		<rom name="soco_b.lvt" size="9358" crc="1444048e" sha1="ecb34521b6b9f8cb92f77dee0f279ba0542583ad" />
	</machine>
	<machine name="socobx">
		<description>SOCO_BX</description>
		<year>19??</year>
		<publisher>&lt;unknown&gt;</publisher>
		<rom name="soco_bx.lvt" size="9451" crc="ad5f186b" sha1="890ba45909933d3543c9c74171bbac8fe9004f7f" />
	</machine>
	<machine name="socogr1">
		<description>SOCO_GR1</description>
		<year>19??</year>
		<publisher>&lt;unknown&gt;</publisher>
		<rom name="soco_gr1.lvt" size="8588" crc="f06ce3ae" sha1="b88b0b54cc3942d68be6291aed31a2314ffd72a2" />
	</machine>
	<machine name="socogr2">
		<description>SOCO_GR2</description>
		<year>19??</year>
		<publisher>&lt;unknown&gt;</publisher>
		<rom name="soco_gr2.lvt" size="11828" crc="77c072b3" sha1="12b393b23b33c09a69459ff1b1d81c410b78adfe" />
	</machine>
	<machine name="sontst">
		<description>SON_TST</description>
		<year>19??</year>
		<publisher>&lt;unknown&gt;</publisher>
		<rom name="son_tst.lvt" size="9535" crc="34cad48e" sha1="15eb78043b1701afbc49e0d1bf69ec0d393b5f66" />
	</machine>
	<machine name="spacefig">
		<description>SPACEFIG</description>
		<year>19??</year>
		<publisher>&lt;unknown&gt;</publisher>
		<rom name="spacefig.lvt" size="1862" crc="cb4dd4fb" sha1="597936d01cd4e1de5da3181fd7d5ab2213e1010e" />
	</machine>
	<machine name="spaces">
		<description>SPACES</description>
		<year>19??</year>
		<publisher>&lt;unknown&gt;</publisher>
		<rom name="spaces.lv0" size="6519" crc="ae1f5909" sha1="b14d6dfc01e5fca4975560a6838a02dcc3225ce4" />
		<rom name="spaces.lvt" size="6255" crc="4f5c135f" sha1="40278c87eba8b59a855082478bcf85104964df7a" />
	</machine>
	<machine name="speedtst">
		<description>SPEEDTST</description>
		<year>19??</year>
		<publisher>&lt;unknown&gt;</publisher>
		<rom name="speedtst.lvt" size="8069" crc="2d4d2d69" sha1="8185445e162907ca8e5fa0945b926d98a62f7aec" />
	</machine>
	<machine name="sprut">
		<description>SPRUT</description>
		<year>19??</year>
		<publisher>&lt;unknown&gt;</publisher>
		<rom name="sprut.lvt" size="6118" crc="1c028d95" sha1="378461fe08f847b48506fb6f9aba0835d0a6b245" />
	</machine>
	<machine name="squash">
		<description>SQUASH</description>
		<year>19??</year>
		<publisher>&lt;unknown&gt;</publisher>
		<rom name="squash.lvt" size="5183" crc="f0ff41b3" sha1="b5dcd884591b3b694ea2054b828ea00195b133b5" />
	</machine>
	<machine name="starfigh">
		<description>STARFIGH</description>
		<year>19??</year>
		<publisher>&lt;unknown&gt;</publisher>
		<rom name="starfigh.lv0" size="19352" crc="df853ae8" sha1="4e02dce8a7f49ca1d147dbf5d1e47885468444dd" />
		<rom name="starfigh.lvt" size="625" crc="6bf04429" sha1="fd8b8488b2cb88db025f5fe49f05b877156ddb6a" />
	</machine>
	<machine name="storm">
		<description>STORM</description>
		<year>19??</year>
		<publisher>&lt;unknown&gt;</publisher>
		<rom name="storm.lvt" size="16615" crc="871ac681" sha1="2bebf6195058a0282cc8812be5e203a1cae77d77" />
	</machine>
	<machine name="symbol">
		<description>SYMBOL</description>
		<year>19??</year>
		<publisher>&lt;unknown&gt;</publisher>
		<rom name="symbol.lvt" size="6944" crc="c1800766" sha1="2cada4d96047481fb2ca4582686e528435f5ab17" />
	</machine>
	<machine name="synh">
		<description>SYN_H</description>
		<year>19??</year>
		<publisher>&lt;unknown&gt;</publisher>
		<rom name="syn_h.lvt" size="1896" crc="bd31e797" sha1="b082b9e4045af64dd32b2822677b07b10fd5d6e1" />
	</machine>
	<machine name="synt">
		<description>SYN_T</description>
		<year>19??</year>
		<publisher>&lt;unknown&gt;</publisher>
		<rom name="syn_t.lvt" size="4118" crc="cebc2cdf" sha1="6988d7242d657eea3281bc58366ded324ae9c943" />
	</machine>
	<machine name="syntez">
		<description>SYNTEZ</description>
		<year>19??</year>
		<publisher>&lt;unknown&gt;</publisher>
		<rom name="syntez.lvt" size="896" crc="1e0eef04" sha1="21aa1c9c3201504702e003e499de324c618c323c" />
	</machine>
	<machine name="taper2">
		<description>TAPER2</description>
		<year>19??</year>
		<publisher>&lt;unknown&gt;</publisher>
		<rom name="taper2.lvt" size="2838" crc="46fa801a" sha1="24d78d1df337d143fcf25b468e4e78cf6d288cd9" />
	</machine>
	<machine name="tennis">
		<description>TENNIS</description>
		<year>19??</year>
		<publisher>&lt;unknown&gt;</publisher>
		<rom name="tennis.lv0" size="6023" crc="13a6b73b" sha1="b8113200b4c28c6165fb9ef2e729e55b90626d46" />
		<rom name="tennis.lvt" size="1913" crc="a7f81d34" sha1="2d01d1180348259d78991be8440c5b1d2cfc5d9f" />
	</machine>
	<machine name="terror">
		<description>TERROR</description>
		<year>19??</year>
		<publisher>&lt;unknown&gt;</publisher>
		<rom name="terror.lvt" size="5846" crc="fb1efafc" sha1="d9d036482f278e201a41adbf279395f575492561" />
	</machine>
	<machine name="tetris">
		<description>TETRIS</description>
		<year>19??</year>
		<publisher>&lt;unknown&gt;</publisher>
		<rom name="tetris.lv0" size="4619" crc="98dbf6c9" sha1="00eed067a32506354e1f7d2b4d47196473811e78" />
		<rom name="tetris.lvt" size="5038" crc="1c05a62d" sha1="67d4f10cf806f78a76bce929b4369b24efc6aaba" />
	</machine>
	<machine name="tfcopy">
		<description>TFCOPY</description>
		<year>19??</year>
		<publisher>&lt;unknown&gt;</publisher>
		<rom name="tfcopy.lvt" size="705" crc="307772b3" sha1="feae3306d4b0bc14a5d1b94976c32f0e52131ed8" />
	</machine>
	<machine name="tir">
		<description>TIR</description>
		<year>19??</year>
		<publisher>&lt;unknown&gt;</publisher>
		<rom name="tir.lvt" size="7871" crc="b12bfdce" sha1="094b7f43d3e443882789552dbd12d59e70dc81d6" />
	</machine>
	<machine name="tomat">
		<description>TOMAT</description>
		<year>19??</year>
		<publisher>&lt;unknown&gt;</publisher>
		<rom name="tomat.lvr" size="5254" crc="e6a5323d" sha1="4ce8872435f13972cf9b58266a68f9022f93affb" />
	</machine>
	<machine name="torpedos">
		<description>TORPEDOS</description>
		<year>19??</year>
		<publisher>&lt;unknown&gt;</publisher>
		<rom name="torpedos.lvt" size="9438" crc="f4ad4f11" sha1="8d73f5019a03160bd7ef620a25958b63cc7706dc" />
	</machine>
	<machine name="totami">
		<description>TOTAMI</description>
		<year>19??</year>
		<publisher>&lt;unknown&gt;</publisher>
		<rom name="totami.lv0" size="20720" crc="f0152729" sha1="ce7c9553cc246499d22b6a83c0a452488be1c1df" />
		<rom name="totami.lvt" size="1663" crc="c709d27d" sha1="44ab0bff01c259897194f12ac2ae83077b3af3b0" />
	</machine>
	<machine name="tower">
		<description>TOWER</description>
		<year>19??</year>
		<publisher>&lt;unknown&gt;</publisher>
		<rom name="tower.lv0" size="6755" crc="7c2281b5" sha1="e818d3d034d3cd59f803d9847cdc0c4e211c33aa" />
		<rom name="tower.lvt" size="2473" crc="2654be15" sha1="a6a3d19ec11da22408843db042a37f2bc3a43e76" />
	</machine>
	<machine name="trans">
		<description>TRANS</description>
		<year>19??</year>
		<publisher>&lt;unknown&gt;</publisher>
		<rom name="trans.lvt" size="2205" crc="3553482f" sha1="4c5639af32d9dd3d8d825ae0d0e7795cdec135d0" />
	</machine>
	<machine name="trap0">
		<description>TRAP_0</description>
		<year>19??</year>
		<publisher>&lt;unknown&gt;</publisher>
		<rom name="trap_0.lvt" size="1379" crc="273dc9b4" sha1="ddedc6ccfdebfcd9f16bf2c93822a9ce7fcb676c" />
	</machine>
	<machine name="traph">
		<description>TRAP_H</description>
		<year>19??</year>
		<publisher>&lt;unknown&gt;</publisher>
		<rom name="trap_h.lvt" size="1272" crc="8c05902f" sha1="1ccdd77747d9b771426f82a810c7beccfa8e52af" />
	</machine>
	<machine name="trevtst">
		<description>TREV_TST</description>
		<year>19??</year>
		<publisher>&lt;unknown&gt;</publisher>
		<rom name="trev_tst.lvt" size="4328" crc="cb6104d2" sha1="44081c44955bb8635d49f7fe09ca4d296c363bf3" />
	</machine>
	<machine name="turbo0">
		<description>TURBO0</description>
		<year>19??</year>
		<publisher>&lt;unknown&gt;</publisher>
		<rom name="turbo0.lvt" size="2600" crc="e661fed9" sha1="360f0fd755c9b60da473ffd7bb606a7436f0ae87" />
	</machine>
	<machine name="turbo">
		<description>TURBO</description>
		<year>19??</year>
		<publisher>&lt;unknown&gt;</publisher>
		<rom name="turbo.lvt" size="2723" crc="3a1d349e" sha1="d144999cfcf5e5fddf94fb88b1fc318c22039cd2" />
	</machine>
	<machine name="typer">
		<description>TYPER</description>
		<year>19??</year>
		<publisher>&lt;unknown&gt;</publisher>
		<rom name="typer.lvt" size="727" crc="87195372" sha1="ee22d45a4d339a838b77faa12e55ec62f5458dd3" />
	</machine>
	<machine name="uravng">
		<description>URAVN_G</description>
		<year>19??</year>
		<publisher>&lt;unknown&gt;</publisher>
		<rom name="uravn_g.lvt" size="1025" crc="389b6143" sha1="f5684d291eb1c90eb6f46bf2f35bee5c7ae6f32a" />
	</machine>
	<machine name="viner">
		<description>VINER</description>
		<year>19??</year>
		<publisher>&lt;unknown&gt;</publisher>
		<rom name="viner.lvt" size="416" crc="6efb3131" sha1="c7006e1661ab2b587df1691f9608f62d26596f40" />
	</machine>
	<machine name="vocar">
		<description>VOC-AR</description>
		<year>19??</year>
		<publisher>&lt;unknown&gt;</publisher>
		<rom name="voc-ar.lvt" size="12206" crc="1cfabbf8" sha1="4373fb1cd96895ea3d05a0b4f57a37ec45bd368a" />
	</machine>
	<machine name="voice">
		<description>VOICE</description>
		<year>19??</year>
		<publisher>&lt;unknown&gt;</publisher>
		<rom name="voice.lv0" size="178" crc="03afc1ca" sha1="1e471e2d06a299bf7a22f141220b4da5bbd2d803" />
		<rom name="voice.lvt" size="1595" crc="7ece101b" sha1="3f820b9ab8cdbf610f7fdb59bd2775a1b191c424" />
	</machine>
	<machine name="volcano">
		<description>VOLCANO</description>
		<year>19??</year>
		<publisher>&lt;unknown&gt;</publisher>
		<rom name="volcano.lv0" size="14386" crc="842546db" sha1="4869791d39d974133eb881cafec022480897c3eb" />
		<rom name="volcano.lvt" size="3968" crc="e466b08c" sha1="790c322f1a83d4117ad0d6370bf80a2b26a99167" />
	</machine>
	<machine name="vvod16h">
		<description>VVOD16_H</description>
		<year>19??</year>
		<publisher>&lt;unknown&gt;</publisher>
		<rom name="vvod16_h.lvt" size="1351" crc="f39f9800" sha1="d39dc7c907daf327d96f9989b0f3eee0da310330" />
	</machine>
	<machine name="vvod16">
		<description>VVOD16</description>
		<year>19??</year>
		<publisher>&lt;unknown&gt;</publisher>
		<rom name="vvod16.lvt" size="2923" crc="5de5f0b2" sha1="9ed35b8e75442c8b24b03ea017ab87b01ed66284" />
	</machine>
	<machine name="wall">
		<description>WALL</description>
		<year>19??</year>
		<publisher>&lt;unknown&gt;</publisher>
		<rom name="wall.lvt" size="3645" crc="03b09ad7" sha1="0875e9a30b8fc5e12433759759ed4dc92c2b45f1" />
	</machine>
	<machine name="wampire">
		<description>WAMPIRE</description>
		<year>19??</year>
		<publisher>&lt;unknown&gt;</publisher>
		<rom name="wampire.lvt" size="3579" crc="555ef0ec" sha1="9450cace7f05c697c10f985ed7401b232dc2992c" />
	</machine>
	<machine name="way">
		<description>WAY</description>
		<year>19??</year>
		<publisher>&lt;unknown&gt;</publisher>
		<rom name="way.lv0" size="11446" crc="16dc192e" sha1="e3a156a34d08bc41f7cac6e94435d0a50a667c66" />
		<rom name="way.lvt" size="2673" crc="20ab787b" sha1="6db8664ea5ba25573d4f9a986499bd04b40d6ee5" />
	</machine>
	<machine name="worms">
		<description>WORMS</description>
		<year>19??</year>
		<publisher>&lt;unknown&gt;</publisher>
		<rom name="worms.lv0" size="6292" crc="cad58fa8" sha1="471c085d62e07b36bd99a1d625e8d103a051fb73" />
		<rom name="worms.lvt" size="1393" crc="991d4acd" sha1="4c8bbd08cc99f79fe8070b4bf4c0769913b2dd2d" />
	</machine>
	<machine name="xonix">
		<description>XONIX</description>
		<year>19??</year>
		<publisher>&lt;unknown&gt;</publisher>
		<rom name="xonix.lvt" size="1815" crc="20d8975b" sha1="83f3035ac325c88fd71e3c2c95dcc05c4407acee" />
	</machine>
	<machine name="zamok">
		<description>ZAMOK</description>
		<year>19??</year>
		<publisher>&lt;unknown&gt;</publisher>
		<rom name="zamok.lv0" size="10223" crc="dfe2c736" sha1="a7eacb6d49cf922b5cd5b83b99215ca9052424ae" />
		<rom name="zamok.lvt" size="4500" crc="1934e90c" sha1="f0ffe0f37e20373e5ad9133d5e618f8b0ca532d1" />
	</machine>
	<machine name="zoo">
		<description>ZOO</description>
		<year>19??</year>
		<publisher>&lt;unknown&gt;</publisher>
		<rom name="zoo.lvt" size="9494" crc="14996712" sha1="d384b43af93df726dc317343fdca78bfb7ea2cc9" />
	</machine>
</datafile>