<?xml version="1.0" encoding="utf-8"?>
<!DOCTYPE datafile PUBLIC "-//Logiqx//DTD ROM Management Datafile//EN" "http://www.logiqx.com/Dats/datafile.dtd">
<datafile>
	<header>
		<name>m5_cass</name>
		<description>Sord M5 cassettes</description>
		<version>0.274</version>
		<author>Pleasuredome</author>
	</header>
	<machine name="3circles">
		<description>Three Circles</description>
		<year>19??</year>
		<publisher>&lt;unknown&gt;</publisher>
		<rom name="3-circles.cas" size="3568" crc="c8436fcc" sha1="3c03ee9ee6ac3b51d0ca990f72fc83816d747ba1" />
	</machine>
	<machine name="barricad">
		<description>Barricade</description>
		<year>19??</year>
		<publisher>&lt;unknown&gt;</publisher>
		<rom name="barricade.cas" size="3840" crc="453b03b7" sha1="4bd1fd674ecc1348de82705df65c9968d17f4371" />
	</machine>
	<machine name="barrier">
		<description>Barrier Attack</description>
		<year>19??</year>
		<publisher>&lt;unknown&gt;</publisher>
		<rom name="b.attack.cas" size="3386" crc="f84b6cf6" sha1="58007c3f59591717ea15f89c7cf0501a956d0e03" />
	</machine>
	<machine name="baseball">
		<description>Baseball</description>
		<year>19??</year>
		<publisher>&lt;unknown&gt;</publisher>
		<rom name="baseball.cas" size="11221" crc="91ba7884" sha1="5b15b6f9d1ec625c5fd12dbaa1108c0645a3c543" />
	</machine>
	<machine name="biorhyth">
		<description>Biorhythm Diagnosis</description>
		<year>19??</year>
		<publisher>&lt;unknown&gt;</publisher>
		<rom name="biorhythm.cas" size="19071" crc="7fdf95ff" sha1="c8a0d5dacb629e9793dce36036bd3e50cceb1640" />
	</machine>
	<machine name="blackjac">
		<description>Blackjack</description>
		<year>19??</year>
		<publisher>&lt;unknown&gt;</publisher>
		<rom name="blackjack.cas" size="16980" crc="0ba87b33" sha1="5fb0f2d186a3c1c32738e5162f32bf0831681367" />
	</machine>
	<machine name="cowboy">
		<description>Cowboy</description>
		<year>19??</year>
		<publisher>&lt;unknown&gt;</publisher>
		<rom name="cowboy.cas" size="3767" crc="f4cc6900" sha1="52bbfa6aed885c6c2d818a331423217971806dfa" />
	</machine>
	<machine name="graphic">
		<description>Graphic Designer</description>
		<year>19??</year>
		<publisher>&lt;unknown&gt;</publisher>
		<rom name="p-editor.cas" size="3417" crc="c57f6d10" sha1="e6774256941073e7d46472bfec1a1a47fb8d20fd" />
	</machine>
	<machine name="hanoi">
		<description>Tower of Hanoi</description>
		<year>19??</year>
		<publisher>&lt;unknown&gt;</publisher>
		<rom name="hanoi.cas" size="4108" crc="a91c50be" sha1="b81e42cabf4b7d0d8389a4e4cae1ea8a49f628f2" />
	</machine>
	<machine name="jogging">
		<description>Jogging</description>
		<year>19??</year>
		<publisher>&lt;unknown&gt;</publisher>
		<rom name="jogging.cas" size="8537" crc="ee87bee5" sha1="4e7a3a4a436aac78272384a160bd1118421efbd6" />
	</machine>
	<machine name="lastday">
		<description>Last Day of the Earth</description>
		<year>19??</year>
		<publisher>&lt;unknown&gt;</publisher>
		<rom name="neutron.cas" size="19184" crc="d8b699da" sha1="7e33a89c3bfcb5f73ef117a992dc67f74a3640d9" />
	</machine>
	<machine name="mustone">
		<description>Music Tone</description>
		<year>19??</year>
		<publisher>&lt;unknown&gt;</publisher>
		<rom name="music tone (19xx)(-)[chain].cas" size="3423" crc="296671e0" sha1="a5bd05aa110879317e19566936264de21ec34195" />
	</machine>
	<machine name="numsrch">
		<description>Number Search</description>
		<year>19??</year>
		<publisher>&lt;unknown&gt;</publisher>
		<rom name="n.search.cas" size="3244" crc="5ac28495" sha1="052e3696c2342df39cb35f4cef781cfce8d159c7" />
	</machine>
	<machine name="sidewind">
		<description>Sidewinder</description>
		<year>19??</year>
		<publisher>&lt;unknown&gt;</publisher>
		<rom name="s.winder.cas" size="3628" crc="a4405fe0" sha1="679969f20907cb4bd2fe62340b868316d2c3aaba" />
	</machine>
	<machine name="slotmach">
		<description>Slot Machine</description>
		<year>19??</year>
		<publisher>&lt;unknown&gt;</publisher>
		<rom name="slot.cas" size="5207" crc="60f5678b" sha1="4f11ddac8909af685f67c30c47ae472101f94c1e" />
	</machine>
	<machine name="snaky">
		<description>Snaky</description>
		<year>19??</year>
		<publisher>&lt;unknown&gt;</publisher>
		<rom name="snaky.cas" size="3213" crc="6f66a0b3" sha1="731fb6c43b240eb701ac10ed4c73103f11af0414" />
	</machine>
	<machine name="solitair">
		<description>Solitaire</description>
		<year>19??</year>
		<publisher>&lt;unknown&gt;</publisher>
		<rom name="solitaire.cas" size="3278" crc="c7d4f0af" sha1="58938d626ee291e79783f9656d1e26701662808d" />
	</machine>
	<machine name="ssf">
		<description>Solar System Forces</description>
		<year>19??</year>
		<publisher>&lt;unknown&gt;</publisher>
		<rom name="solar system forces (19xx)(-)[req basic-g].wav" size="17882692" crc="07b4e0e1" sha1="c057b7d7b964ee3cef516a1f60692e431dce1616" />
	</machine>
	<machine name="ssfcm">
		<description>Solar System Forces - Commando Team</description>
		<year>19??</year>
		<publisher>&lt;unknown&gt;</publisher>
		<rom name="solar system forces - commando team (19xx)(-)[req basic-g].wav" size="7273520" crc="fb402872" sha1="cb699eaf40c46a3fb61bdf4cd0faa902e8778abb" />
	</machine>
	<machine name="ssfom">
		<description>Solar System Forces - Operation Maul</description>
		<year>19??</year>
		<publisher>&lt;unknown&gt;</publisher>
		<rom name="solar system forces - operation maul (19xx)(-)[req basic-g].wav" size="7348024" crc="389b82e5" sha1="baee461d2fde0941eb0c7a5963c5340c32212d76" />
	</machine>
	<machine name="ssfvm">
		<description>Solar System Forces - Victory of Mars</description>
		<year>19??</year>
		<publisher>&lt;unknown&gt;</publisher>
		<rom name="solar system forces - victory of mars (19xx)(-)[req basic-g].wav" size="7731210" crc="c711f2bb" sha1="2a266117198bf9290d831941dba7e419e745ccce" />
	</machine>
	<machine name="startrek">
		<description>Mini Star Trek</description>
		<year>19??</year>
		<publisher>&lt;unknown&gt;</publisher>
		<rom name="startrek.cas" size="4744" crc="bbc88a19" sha1="d066e9baf5576e338ba7122ecca497e01e451071" />
	</machine>
	<machine name="tvadjust">
		<description>TV Adjust</description>
		<year>19??</year>
		<publisher>&lt;unknown&gt;</publisher>
		<rom name="tvadjust.cas" size="1345" crc="6b2980fc" sha1="88490185fae07f8ef848b2153fbd954c12066fcd" />
	</machine>
	<machine name="zacbanic">
		<description>Zac Banic</description>
		<year>19??</year>
		<publisher>&lt;unknown&gt;</publisher>
		<rom name="zacbanic.cas" size="4746" crc="05026a99" sha1="463bdea30de9e67db98f7c2a2c5bb7e3799ef96d" />
	</machine>
</datafile>