<?xml version="1.0" encoding="utf-8"?>
<!DOCTYPE datafile PUBLIC "-//Logiqx//DTD ROM Management Datafile//EN" "http://www.logiqx.com/Dats/datafile.dtd">
<datafile>
	<header>
		<name>mephisto_mm5</name>
		<description>Mephisto MM V modules</description>
		<version>0.274</version>
		<author>Pleasuredome</author>
	</header>
	<machine name="hg550">
		<description>Mephisto HG 550 Opening Library</description>
		<year>1990</year>
		<publisher>Hegener + Glaser</publisher>
		<rom name="hg_550" size="16384" crc="0359f13d" sha1="833cef8302ad8d283d3f95b1d325353c7e3b8614" />
	</machine>
</datafile>