<?xml version="1.0" encoding="utf-8"?>
<!DOCTYPE datafile PUBLIC "-//Logiqx//DTD ROM Management Datafile//EN" "http://www.logiqx.com/Dats/datafile.dtd">
<datafile>
	<header>
		<name>microbox2_flop</name>
		<description>Microbox II diskettes</description>
		<version>0.274</version>
		<author>Pleasuredome</author>
	</header>
	<machine name="mb2_dist">
		<description>Microbox II Distribution</description>
		<year>1984</year>
		<publisher>Micro Concepts</publisher>
		<rom name="MB2_Distribution.dsk" size="102400" crc="223dd63e" sha1="4194e3b0176fa9ff2a6600d85738da930dee58f0" />
	</machine>
	<machine name="mb2_flex">
		<description>Microbox II 6809 FLEX V3.01</description>
		<year>1984</year>
		<publisher>Micro Concepts</publisher>
		<rom name="MB2_FLEX_V3.01.dsk" size="102400" crc="7d38f5b8" sha1="a9127400be7250bf459bea278ba491f9b9a550b2" />
	</machine>
</datafile>