<?xml version="1.0" encoding="utf-8"?>
<!DOCTYPE datafile PUBLIC "-//Logiqx//DTD ROM Management Datafile//EN" "http://www.logiqx.com/Dats/datafile.dtd">
<datafile>
	<header>
		<name>mpf1_rom</name>
		<description>Micro-Professor 1 ROMs</description>
		<version>0.274</version>
		<author>Pleasuredome</author>
	</header>
	<machine name="basic">
		<description>BASIC-MPF</description>
		<year>1981</year>
		<publisher>Multitech</publisher>
		<rom name="basic-mpf.bin" size="2048" crc="73ac279f" sha1="36271201266ee7f6435c46cf41bc2ef9f77505b6" />
	</machine>
	<machine name="basic_ip">
		<description>BASIC-IP</description>
		<year>1983</year>
		<publisher>Multitech</publisher>
		<rom name="basic-ip.bin" size="8192" crc="fe9c0f73" sha1="62a15b020be2e95b7b465f96bd63dd6bb1655094" />
	</machine>
	<machine name="forth_i88">
		<description>FORTH-I/88</description>
		<year>1985</year>
		<publisher>Multitech</publisher>
		<rom name="forth_i88.bin" size="8192" crc="a04caba9" sha1="1e94f1355722228cd4de0e9a773e7a923cbad745" />
	</machine>
	<machine name="forth_ip">
		<description>FORTH-IP</description>
		<year>1983</year>
		<publisher>Multitech</publisher>
		<rom name="forth-ip.bin" size="8192" crc="459a1715" sha1="4e62817885cb7262557c5da4765e75c371ee81b8" />
	</machine>
	<machine name="hex">
		<description>Hex Download Program</description>
		<year>19??</year>
		<publisher>Flite Electronics</publisher>
		<rom name="hex-1bp.bin" size="4096" crc="7c1b6534" sha1="6bb56f96f38699cd88e613368f6fc5076fb00c64" />
	</machine>
	<machine name="vip_i88">
		<description>VIP-I/88</description>
		<year>1985</year>
		<publisher>Multitech</publisher>
		<rom name="vip_i88.bin" size="16384" crc="c5aceba3" sha1="735af166ff0dbe9c3e48eec61ab2365be74120cb" />
	</machine>
</datafile>