<?xml version="1.0" encoding="utf-8"?>
<!DOCTYPE datafile PUBLIC "-//Logiqx//DTD ROM Management Datafile//EN" "http://www.logiqx.com/Dats/datafile.dtd">
<datafile>
	<header>
		<name>mpu1000</name>
		<description>Acetronic MPU-1000 cartridges</description>
		<version>0.274</version>
		<author>Pleasuredome</author>
	</header>
	<machine name="challeng">
		<description>Challenge!</description>
		<year>19??</year>
		<publisher>Acetronic?</publisher>
		<rom name="challenge.bin" size="2048" crc="a0f5320a" sha1="ce1ab1ad5e085a3237e0de645fa3238d7702d578" />
	</machine>
</datafile>