<?xml version="1.0" encoding="utf-8"?>
<!DOCTYPE datafile PUBLIC "-//Logiqx//DTD ROM Management Datafile//EN" "http://www.logiqx.com/Dats/datafile.dtd">
<datafile>
	<header>
		<name>msx2p_cart</name>
		<description>MSX2+ cartridges</description>
		<version>0.274</version>
		<author>Pleasuredome</author>
	</header>
	<machine name="ghoman">
		<description>Ghostly Manor</description>
		<year>2022</year>
		<publisher>9958 Crew</publisher>
		<rom name="ghostly manor - 9958 crew.rom" size="262144" crc="bacdecdd" sha1="9449e98d8d85cdc6be745f358b858a73e1d15209" />
	</machine>
	<machine name="knitdes">
		<description>Knit Designer (Japan)</description>
		<year>19??</year>
		<publisher>Silver Reed</publisher>
		<rom name="code.rom" size="65536" crc="d2f4a2b9" sha1="0bf4108980f5480afcbf8a53f8b637cc96863fc7" />
		<rom name="graphics.rom" size="65536" crc="ed85789e" sha1="099a187b1a1619634bdfd7d4dc5d92397eecd92c" />
	</machine>
	<machine name="nothingt">
		<description>Nothing Thing</description>
		<year>2013</year>
		<publisher>#msxdev Compo</publisher>
		<rom name="nothing thing - nitrofurano.rom" size="32768" crc="d1729b57" sha1="08bd42d445b0357da6c8b034875a2704ad8e9cce" />
	</machine>
</datafile>