<?xml version="1.0" encoding="utf-8"?>
<!DOCTYPE datafile PUBLIC "-//Logiqx//DTD ROM Management Datafile//EN" "http://www.logiqx.com/Dats/datafile.dtd">
<datafile>
	<header>
		<name>msxr_cart</name>
		<description>MSX Turbo-R cartridges</description>
		<version>0.274</version>
		<author>Pleasuredome</author>
	</header>
	<machine name="losaben">
		<description>Losaben Akel (demo)</description>
		<year>201?</year>
		<publisher>ASM</publisher>
		<rom name="losaben akel (demo) - asm.rom" size="262144" crc="b26bcc6c" sha1="4fc580ae6d8011ab215d5302f3ec5dec4dbd71b9" />
	</machine>
	<machine name="msxview">
		<description>MSX View (Japan, v1.21)</description>
		<year>1992</year>
		<publisher>ASCII</publisher>
		<rom name="msxview100\msx view - ascii (execution disk, v1.00).dsk" size="737280" crc="f86cc18e" sha1="510a164e1b8823808952437045516bf1968c524f" />
		<rom name="msxview100\msx view - ascii (overview disk, v1.00).dsk" size="737280" crc="99efa8de" sha1="b9c867275b06ae84a9245e0b0e72c0eaeef03657" />
		<rom name="msxview100\msx view - ascii (storage disk, v1.00).dsk" size="737280" crc="d631eacb" sha1="17af744441a9c0f367cf263bc3bc1678e58bd051" />
		<rom name="lh532a39.ic1" size="196608" crc="97a7fccb" sha1="8c0887035b8235d16592ad270381c3a3e21f6e97" status="baddump" />
		<rom name="msx view - ascii (execution disk, v1.21).dsk" size="737280" crc="a8e5a3bb" sha1="3371058cda220e1ba77abfb6e269865b28f4abe5" />
		<rom name="msx view - ascii (overview disk, v1.21).dsk" size="737280" crc="d319bdae" sha1="f685a4019736bd37335e8124b0e60e785238d073" />
		<rom name="msx view - ascii (storage disk, v1.21).dsk" size="737280" crc="c7768a7a" sha1="705c83bb99a65305b295cb6b2f9c9e98b8b3965d" />
	</machine>
	<machine name="zoneterd">
		<description>Zone Terra (demo)</description>
		<year>1994</year>
		<publisher>Quadrivium</publisher>
		<rom name="zone terra (demo) - quadrivium.rom" size="1048576" crc="a3ee75a8" sha1="554ab47e0cf4c2946b86c6256b5c9a6f5ec37f33" />
	</machine>
</datafile>