<?xml version="1.0" encoding="utf-8"?>
<!DOCTYPE datafile PUBLIC "-//Logiqx//DTD ROM Management Datafile//EN" "http://www.logiqx.com/Dats/datafile.dtd">
<datafile>
	<header>
		<name>mt65_snap</name>
		<description>Microtan 65 snapshots</description>
		<version>0.274</version>
		<author>Pleasuredome</author>
	</header>
	<machine name="advent1">
		<description>Adventure 1: The Sceptre of Hamloth</description>
		<year>1981</year>
		<publisher>Microtanic Software</publisher>
		<rom name="Adventure1.m65" size="8263" crc="adf3e99f" sha1="4cc95098d7b76f1e9e67e4175a6729bbead687b0" />
	</machine>
	<machine name="astrof">
		<description>Astro Fighter</description>
		<year>1984</year>
		<publisher>Geoff Macdonald</publisher>
		<rom name="Astro Fighter.m65" size="8263" crc="d2499579" sha1="980e89750f6805ca683d5028b02c6c210de65df1" />
	</machine>
	<machine name="berzerk">
		<description>Berzerk</description>
		<year>198?</year>
		<publisher>Geoff Macdonald</publisher>
		<rom name="Berzerk.m65" size="8263" crc="251f9029" sha1="d4a4f850a49e33492fd72ecee12f7eb667092bfa" />
	</machine>
	<machine name="defender">
		<description>Defender</description>
		<year>1984</year>
		<publisher>Geoff Macdonald</publisher>
		<rom name="Defender.m65" size="8263" crc="c3965948" sha1="fd419aca846bd0fc8304c852152a2831d92313ad" />
	</machine>
	<machine name="gobbler">
		<description>The Gobbler</description>
		<year>198?</year>
		<publisher>Microtanic Software</publisher>
		<rom name="Gobbler.m65" size="8263" crc="41e82728" sha1="a1a51a85a617b733e63c129829ead6aed173fc15" />
	</machine>
	<machine name="hangman">
		<description>Games Pack 1: Hangman</description>
		<year>1981</year>
		<publisher>Microtanic Software</publisher>
		<rom name="Hangman.m65" size="8263" crc="e1ea0fd4" sha1="5ec58abba586b6c432d2eb39231cf0dd5f023c35" />
	</machine>
	<machine name="hbells">
		<description>Hell's Bells</description>
		<year>1985</year>
		<publisher>Geoff Macdonald</publisher>
		<rom name="Hells Bells.m65" size="8263" crc="9b90eb6a" sha1="f631554755641ca336440765bf3aae696a62aa07" />
	</machine>
	<machine name="llander">
		<description>Games Pack 1: Lunar Lander</description>
		<year>1981</year>
		<publisher>Microtanic Software</publisher>
		<rom name="Lunar Lander.m65" size="8263" crc="66e2b0cd" sha1="beecda4f86c25f5313d095831457951c46d6dd3d" />
	</machine>
	<machine name="mooncrst">
		<description>Moon Cresta</description>
		<year>1985</year>
		<publisher>Geoff Macdonald</publisher>
		<rom name="Moon Cresta.m65" size="8263" crc="56c83d14" sha1="a8e33b994c940dfc5431d2c99c4301b5963a2644" />
	</machine>
	<machine name="moonresc">
		<description>Moon Rescue</description>
		<year>1984</year>
		<publisher>Geoff Macdonald</publisher>
		<rom name="Moon Rescue.m65" size="8263" crc="9532232f" sha1="1565c6e4f525e5b1bbd890a9f67f89c5b3a1f81a" />
	</machine>
	<machine name="othello">
		<description>Games Pack 1: Othello</description>
		<year>1981</year>
		<publisher>Microtanic Software</publisher>
		<rom name="Othello.m65" size="8263" crc="7d8e4d22" sha1="31254f2bc4630f4467de33e2d30a378c923f394c" />
	</machine>
	<machine name="slotmchn">
		<description>Slot Machine</description>
		<year>1983</year>
		<publisher>Geoff Macdonald</publisher>
		<rom name="Slot Machine.m65" size="8263" crc="8765d9a7" sha1="75f6098809de46cff892059a59bb2e5484fb0ed0" />
	</machine>
	<machine name="spcinvs">
		<description>Space Invasion</description>
		<year>1980</year>
		<publisher>Tangerine</publisher>
		<rom name="Space Invasion.m65" size="8263" crc="59484e43" sha1="f746f72e66177659dc772a1842e0eb06c424cce7" />
	</machine>
	<machine name="spcrocks">
		<description>Space Rocks</description>
		<year>198?</year>
		<publisher>Peter Neal Discos</publisher>
		<rom name="Space Rocks.m65" size="8263" crc="2fa9de19" sha1="3fba2c8fdc881eecbc52ced563493792349ba6b7" />
	</machine>
</datafile>