<?xml version="1.0" encoding="utf-8"?>
<!DOCTYPE datafile PUBLIC "-//Logiqx//DTD ROM Management Datafile//EN" "http://www.logiqx.com/Dats/datafile.dtd">
<datafile>
	<header>
		<name>mt65_cass</name>
		<description>Microtan 65 cassettes</description>
		<version>0.274</version>
		<author>Pleasuredome</author>
	</header>
	<machine name="forth">
		<description>Tan-Forth</description>
		<year>1982</year>
		<publisher>Tansoft</publisher>
		<rom name="assembler1-5.wav" size="22000" crc="c65d1839" sha1="5d8a62608a1ff85747991e6a6d43664c6c40f9ec" />
		<rom name="breakout1-5.wav" size="2261996" crc="3b28f92c" sha1="c6919891a33a7472bfe291b1c3feb19cad90bac6" />
		<rom name="editor1-7.wav" size="3241196" crc="58be5315" sha1="c4e4db823ed32411561ea919067c0ce986644168" />
		<rom name="extension1-4.wav" size="1827692" crc="ab0ddfcb" sha1="7a52d5186cb50c6a754e95deec106484c713fa5d" />
		<rom name="print3-5.wav" size="1449846" crc="235ee947" sha1="c10ae81bbc66b3fd2f53c9aa87353065093fc217" />
		<rom name="tanforth.wav" size="2362796" crc="1bee1fcb" sha1="272d1720acdbc164c9da5463035eaccc777e2c20" />
	</machine>
	<machine name="pgmaid">
		<description>PGM Design Aid</description>
		<year>1982</year>
		<publisher>Tangerine Users Group</publisher>
		<rom name="pgmaid.wav" size="1503788" crc="bc95fbc6" sha1="ee170f6ac492993be3777637ea3a593c03c0e031" />
		<rom name="pgmdemo.wav" size="743980" crc="2e019306" sha1="bad1e062d49e31e78f27138171e533e64729197e" />
	</machine>
	<machine name="spcinvs">
		<description>Space Invasion</description>
		<year>1980</year>
		<publisher>Tangerine</publisher>
		<rom name="spce04.wav" size="5272364" crc="73f699e9" sha1="ab59cbe20894ea4cf2d843c7f223c27930d91ac2" />
	</machine>
	<machine name="tugpro">
		<description>TUG EPROM Programmer</description>
		<year>1981</year>
		<publisher>Tangerine Users Group</publisher>
		<rom name="tugpro.wav" size="500268" crc="c7b005a2" sha1="cacf29a47219994e7b8d027eccc571a76a4ff43d" />
	</machine>
	<machine name="word">
		<description>Columbia Word</description>
		<year>1982</year>
		<publisher>Tangerine Users Group</publisher>
		<rom name="word.wav" size="1408294" crc="fc5366f4" sha1="ebb97f238b2f53b9e89af47de0168b447fc84cc6" />
	</machine>
</datafile>