<?xml version="1.0" encoding="utf-8"?>
<!DOCTYPE datafile PUBLIC "-//Logiqx//DTD ROM Management Datafile//EN" "http://www.logiqx.com/Dats/datafile.dtd">
<datafile>
	<header>
		<name>nes_vt_cart</name>
		<description>Cartridges compatible with VRT VT0x based units</description>
		<version>0.274</version>
		<author>Pleasuredome</author>
	</header>
	<machine name="5bonus">
		<description>5 Bonus Games</description>
		<year>200?</year>
		<publisher>&lt;unknown&gt;</publisher>
		<rom name="C9C8_8-20LS.U1" size="524288" crc="ea86e3cd" sha1="b641a6bda9f80c9cd9730008eff24df92a6a59cb" />
	</machine>
	<machine name="crazy10">
		<description>Color Screen Game World - 10 Types of Crazy Games / Wonders 163-in-1</description>
		<year>200?</year>
		<publisher>TimeTop</publisher>
		<rom name="s29al016d70tfi02.bin" size="2097152" crc="f9d4bb5c" sha1="25af611b0ccc48bdab531d7c291a25db787d4212" />
	</machine>
</datafile>