<?xml version="1.0" encoding="utf-8"?>
<!DOCTYPE datafile PUBLIC "-//Logiqx//DTD ROM Management Datafile//EN" "http://www.logiqx.com/Dats/datafile.dtd">
<datafile>
	<header>
		<name>partner_cass</name>
		<description>Partner-01.01 cassettes</description>
		<version>0.274</version>
		<author>Pleasuredome</author>
	</header>
	<machine name="aliaz1">
		<description>Aliaz-1</description>
		<year>1989</year>
		<publisher>A. Bstko.</publisher>
		<rom name="aliaz1.rkp" size="17552" crc="b9f89712" sha1="b60e9c02109593a06e7ec11a078f01f9a1ae733a" />
	</machine>
	<machine name="asmed">
		<description>Assembler and Editor Micron</description>
		<year>19??</year>
		<publisher>&lt;unknown&gt;</publisher>
		<rom name="asm-ed.rkp" size="4104" crc="2266f9f7" sha1="c4dc6ada81050135e4dd759ac281a1f0d92b0cf2" />
	</machine>
	<machine name="barmen">
		<description>Barmen</description>
		<year>1988</year>
		<publisher>Integral</publisher>
		<rom name="barmen.rkp" size="3736" crc="1c3e69eb" sha1="15fd2f35e94606c21416d293c03a3ec0af319db6" />
	</machine>
	<machine name="basic">
		<description>BASIC</description>
		<year>19??</year>
		<publisher>&lt;unknown&gt;</publisher>
		<rom name="basic.rkp" size="8200" crc="d94e51f3" sha1="943f6bda6221ca05ae79615fff869e1de3479374" />
	</machine>
	<machine name="bdash">
		<description>Boulder Dash</description>
		<year>1989</year>
		<publisher>Clever Hands Software</publisher>
		<rom name="bldrdash.rkp" size="15496" crc="b48f7ef0" sha1="8463974fab2cf3a6827b6e98aac08c85115fbc3e" />
	</machine>
	<machine name="best">
		<description>BEST - BASIC Editor Screen and Translation</description>
		<year>19??</year>
		<publisher>&lt;unknown&gt;</publisher>
		<rom name="best.rkp" size="2056" crc="f206d04d" sha1="832e7d9ae3df37c037f9df78ded7566b66968269" />
	</machine>
	<machine name="bssearch">
		<description>Search</description>
		<year>19??</year>
		<publisher>&lt;unknown&gt;</publisher>
		<rom name="bssearch.rkp" size="654" crc="41b94027" sha1="f9676f0bf5a63bbb99d265bab3a58e06b48c6809" />
	</machine>
	<machine name="c">
		<description>C-Editor</description>
		<year>19??</year>
		<publisher>&lt;unknown&gt;</publisher>
		<rom name="c.rkp" size="18440" crc="ee1d8308" sha1="da56f0234270ce4d77bfc8bb686e9b5844c613be" />
	</machine>
	<machine name="chudov">
		<description>Chudovishche</description>
		<year>19??</year>
		<publisher>&lt;unknown&gt;</publisher>
		<rom name="chudov.rkp" size="969" crc="199b5b44" sha1="6c9163a62144090db3cf34fc8fd95f76ca7ad769" />
	</machine>
	<machine name="cirk">
		<description>Cirk</description>
		<year>1986</year>
		<publisher>S.N. Popov</publisher>
		<rom name="circus.rkp" size="7657" crc="71a4ec9a" sha1="9b9b8a2bf787d489d98d670a74d74920920a7e78" />
	</machine>
	<machine name="colmusic">
		<description>Svetodinamicheskaya Pristavka</description>
		<year>19??</year>
		<publisher>&lt;unknown&gt;</publisher>
		<rom name="colmusic.rkp" size="332" crc="9f940d25" sha1="a54d555300a294f8a4d9ce41561482a08001956a" />
	</machine>
	<machine name="debug">
		<description>Direktivy Otladchika</description>
		<year>19??</year>
		<publisher>&lt;unknown&gt;</publisher>
		<rom name="debug.rkp" size="4872" crc="4db799b1" sha1="1c0ec79830a6ac0be4fe4f2c4cab675994541e87" />
	</machine>
	<machine name="descent">
		<description>Discent</description>
		<year>1989</year>
		<publisher>D.V. Pogodin</publisher>
		<rom name="descent.rkp" size="10504" crc="b6fa777d" sha1="724252408e55a1299c7f26068178854c4f456462" />
	</machine>
	<machine name="digger1">
		<description>Digger-1</description>
		<year>1990</year>
		<publisher>BSV Corp</publisher>
		<rom name="digger1.rkp" size="13138" crc="cf7baadc" sha1="abca6cb03822e9ef69bd59197ab4b489f79616da" />
	</machine>
	<machine name="digger">
		<description>Digger</description>
		<year>1989</year>
		<publisher>U.L. Timokhovtsev</publisher>
		<rom name="digger.rkp" size="17084" crc="1faaf8ae" sha1="0512aeb4ad29e7571f9c99e7f2658d456cb569b8" />
	</machine>
	<machine name="dumpcor1">
		<description>Memory Editor</description>
		<year>19??</year>
		<publisher>&lt;unknown&gt;</publisher>
		<rom name="dumpcor1.rkp" size="520" crc="e277c94d" sha1="325d39b0a2831cc4a6cb7bc077cf52009caef865" />
	</machine>
	<machine name="dumpcor2">
		<description>Memory Editor HED</description>
		<year>19??</year>
		<publisher>&lt;unknown&gt;</publisher>
		<rom name="dumpcor2.rkp" size="705" crc="82a314f5" sha1="45c6e12a556eda48ba1daaa8fa0453aae0c1749b" />
	</machine>
	<machine name="formula">
		<description>Formula</description>
		<year>1991</year>
		<publisher>Mikrosha</publisher>
		<rom name="formula.rkp" size="6536" crc="de5f8844" sha1="349db03fb7379ef13902edca507b423bcda700e0" />
	</machine>
	<machine name="foxhunt">
		<description>Okhota Na Lis</description>
		<year>19??</year>
		<publisher>Belov Novomoskovsk</publisher>
		<rom name="foxhunt.rkp" size="2940" crc="84e2a8ba" sha1="674e2d3bc3883d37a1ff7e67b069eb3fb07cf2de" />
	</machine>
	<machine name="froggi15">
		<description>Froggi 15</description>
		<year>1989</year>
		<publisher>STF</publisher>
		<rom name="froggi15.rkp" size="4104" crc="3f799b1b" sha1="c5ae3a7fb8b6a41eb89e55fb5849a889f0fc995f" />
	</machine>
	<machine name="gold">
		<description>Gold</description>
		<year>1991</year>
		<publisher>IS Corp</publisher>
		<rom name="gold.rkp" size="4051" crc="3faaad42" sha1="2011e7526ef61e0dfd3381809e230a122ec33cd3" />
	</machine>
	<machine name="gonka">
		<description>Gonka</description>
		<year>1991</year>
		<publisher>IS Corp</publisher>
		<rom name="gonka.rkp" size="6599" crc="22144ad2" sha1="7216b4c894ac662df54bbecd0f534c02a70c080d" />
	</machine>
	<machine name="jump">
		<description>Jump</description>
		<year>19??</year>
		<publisher>LLE?</publisher>
		<rom name="jump.rkp" size="6835" crc="bbd762ed" sha1="9eda7d6f16ab21cd2b439e16ed4f4ef322866140" />
	</machine>
	<machine name="klad">
		<description>Klad</description>
		<year>1987</year>
		<publisher>Riga</publisher>
		<rom name="klad.rkp" size="13144" crc="cc316b0e" sha1="cf4fba4c1973ba0a03f02558c4c618c62b1bc5fb" />
	</machine>
	<machine name="ldrun">
		<description>Lode Runner</description>
		<year>1990</year>
		<publisher>BSV Corp</publisher>
		<rom name="ldrunner.rkp" size="12808" crc="ee2348e7" sha1="6e39d1a58d4f54bd786c696abce42b694a536067" />
	</machine>
	<machine name="lestn">
		<description>Lestnitsa-1</description>
		<year>19??</year>
		<publisher>U.B. Simonov</publisher>
		<rom name="lestn.rkp" size="7976" crc="92944236" sha1="e6b3f50049eb4340e4a11e43837e727ec05cb9a1" />
	</machine>
	<machine name="lifepro">
		<description>Zhizn'</description>
		<year>1994</year>
		<publisher>V.A. Pykhonin</publisher>
		<rom name="lifepro.rkp" size="7693" crc="f5b19855" sha1="884d9bc88f8f6213aafcb9729da70c68c774f52e" />
	</machine>
	<machine name="liqsky">
		<description>LIQSKY</description>
		<year>19??</year>
		<publisher>&lt;unknown&gt;</publisher>
		<rom name="liqsky.rkp" size="6420" crc="41d1fd6f" sha1="9c7887fac141f1b5d7a6b2817441fa3b7fcaa1db" />
	</machine>
	<machine name="lsforth">
		<description>Fort-Sistema LS-1</description>
		<year>1988</year>
		<publisher>Leydi-Soft</publisher>
		<rom name="lsforth.rkp" size="17868" crc="967bfefb" sha1="99cd6c34308051892291edfd2cee1dafaeda1e31" />
	</machine>
	<machine name="maze">
		<description>Maze</description>
		<year>1988</year>
		<publisher>SC80</publisher>
		<rom name="lomaze.rkp" size="7944" crc="394ffc26" sha1="03c7cf0210cb64c2d8259a7775c2aa06e7f2f1a5" />
	</machine>
	<machine name="mirage">
		<description>Mirage</description>
		<year>1992</year>
		<publisher>CHBG</publisher>
		<rom name="mirazh.rkp" size="4104" crc="218b9a0b" sha1="3c072f30dedf61fdf80ea1cc1412ab630386cf92" />
	</machine>
	<machine name="morse">
		<description>UT5DE/UA3 CW RX</description>
		<year>19??</year>
		<publisher>&lt;unknown&gt;</publisher>
		<rom name="morse.rkp" size="731" crc="3564bd1f" sha1="0f6dc040e9606944f95fbe24b1eea482f152e478" />
	</machine>
	<machine name="pacman">
		<description>Pacman</description>
		<year>19??</year>
		<publisher>&lt;unknown&gt;</publisher>
		<rom name="pacman.rkp" size="5640" crc="0ddd5144" sha1="f6a4050f4d0a4945a2a67ca83ee991b5bd901b37" />
	</machine>
	<machine name="panika">
		<description>Panika</description>
		<year>1989</year>
		<publisher>E.A. Sedov</publisher>
		<rom name="panika.rkp" size="5163" crc="4f635eb7" sha1="43bd11626f8c3e77f6e57439308fb1a38faf337e" />
	</machine>
	<machine name="pascal">
		<description>PASCAL</description>
		<year>19??</year>
		<publisher>&lt;unknown&gt;</publisher>
		<rom name="pascal.rkp" size="16391" crc="ad55ee71" sha1="f2242e122f2176606c294a293d264ac26d3ba912" />
	</machine>
	<machine name="pentis">
		<description>Pentis</description>
		<year>1989</year>
		<publisher>D.A. Zakharov</publisher>
		<rom name="pentis.rkp" size="2312" crc="af82545c" sha1="d06882580b987f237f60d2e590afac2eaced0d1b" />
	</machine>
	<machine name="perelet">
		<description>Perelet</description>
		<year>1991</year>
		<publisher>IS Corp</publisher>
		<rom name="perelet.rkp" size="5820" crc="6bde2823" sha1="cd2b75585b11f3a5bc84cb8645502940564651a2" />
	</machine>
	<machine name="pingpong">
		<description>Ping-Pong!</description>
		<year>19??</year>
		<publisher>&lt;unknown&gt;</publisher>
		<rom name="pingpong.rkp" size="1762" crc="0d3d38bc" sha1="9c17455653bfc37416ac026334d16a190e212f84" />
	</machine>
	<machine name="piton">
		<description>Piton</description>
		<year>19??</year>
		<publisher>&lt;unknown&gt;</publisher>
		<rom name="piton.rkp" size="402" crc="8bc18795" sha1="4b8aca8aaec5b69ddfb8d71d1a598737f9d46a42" />
	</machine>
	<machine name="press">
		<description>Press</description>
		<year>19??</year>
		<publisher>SDN / Ryazanʹ</publisher>
		<rom name="press.rkp" size="2344" crc="44576fb6" sha1="70a4aa4c9ecc28b95dd4c18d28411c2ccec554c5" />
	</machine>
	<machine name="ralli">
		<description>Ralli</description>
		<year>1989</year>
		<publisher>ZD Corp</publisher>
		<rom name="ralli.rkp" size="4104" crc="42acc993" sha1="61bfa5eeede062d8b39d9e96b91d66c8c174a07c" />
	</machine>
	<machine name="rikoshet">
		<description>Rikoshet</description>
		<year>1986</year>
		<publisher>MIEM</publisher>
		<rom name="rikoshet.rkp" size="12248" crc="6b191477" sha1="fa8e105b61b96b644b93e2d1e1e64e47e0812f55" />
	</machine>
	<machine name="rise1">
		<description>Rise-1</description>
		<year>1990</year>
		<publisher>BSV Corp</publisher>
		<rom name="rise1.rkp" size="11090" crc="76cdc45f" sha1="3a3714eacc0c665234b82b85dfd7830592fefd82" />
	</machine>
	<machine name="rise">
		<description>Rise</description>
		<year>19??</year>
		<publisher>E.A. Sedov</publisher>
		<rom name="rise.rkp" size="9240" crc="a4248813" sha1="33d4e79c706eab2ee3446bdfa7b79e46637326b0" />
	</machine>
	<machine name="rocker">
		<description>Rocker</description>
		<year>19??</year>
		<publisher>&lt;unknown&gt;</publisher>
		<rom name="rocker.rkp" size="1881" crc="e7a85d04" sha1="7eea7cce303680195ff7bf81f6ecd681715178d9" />
	</machine>
	<machine name="samolet">
		<description>Samolet</description>
		<year>19??</year>
		<publisher>IS Corp</publisher>
		<rom name="samolet.rkp" size="6498" crc="29d80922" sha1="0d169b0414cd4e9c45f898e334f97a8fba695be3" />
	</machine>
	<machine name="sapper">
		<description>Sapper</description>
		<year>1995</year>
		<publisher>V.A. Pykhonin / S.B. Boldino</publisher>
		<rom name="sapper.rkp" size="2347" crc="06565cdc" sha1="6ed1aa33a4d76aabb4cbe156a9c95b0194cedc51" />
	</machine>
	<machine name="schoper">
		<description>Super Choper</description>
		<year>1991</year>
		<publisher>B.V. Garbuzov</publisher>
		<rom name="schoper.rkp" size="7256" crc="c2837476" sha1="8dc4c8849e994737f51bd1ccbdc358a95c35cac8" />
	</machine>
	<machine name="shakhta">
		<description>Shakhta</description>
		<year>1991</year>
		<publisher>IS Corp</publisher>
		<rom name="shakhta.rkp" size="15044" crc="5d9ff109" sha1="bc87254bfbabbe25e4a7c8286c2f67efe9f35c3d" />
	</machine>
	<machine name="shtab">
		<description>Shtab</description>
		<year>1991</year>
		<publisher>IS Corp</publisher>
		<rom name="shtab.rkp" size="11660" crc="8b02a2ec" sha1="b96269cc3b66517b52e66f54c89180329c8dab23" />
	</machine>
	<machine name="skachki">
		<description>Skatski</description>
		<year>1987</year>
		<publisher>M. Kondakov</publisher>
		<rom name="skachki.rkp" size="2632" crc="22836e2c" sha1="c15c44f77996007e9ae3a8ce5e64476486737001" />
	</machine>
	<machine name="slams">
		<description>Slams</description>
		<year>1990</year>
		<publisher>ZD Corp</publisher>
		<rom name="slams.rkp" size="3848" crc="63eafac1" sha1="88e3c6e38c6ca125e09b95e83d7d7cb70b0eb31b" />
	</machine>
	<machine name="sort">
		<description>Sort UT</description>
		<year>19??</year>
		<publisher>&lt;unknown&gt;</publisher>
		<rom name="sort.rkp" size="1694" crc="91ca40e6" sha1="ef808ccf6fbbaa2ec674943560d201d3e2d1f4e7" />
	</machine>
	<machine name="spysdem">
		<description>Spy's Demise</description>
		<year>19??</year>
		<publisher>BSV</publisher>
		<rom name="spysdem.rkp" size="6323" crc="2652aba2" sha1="f5d8fd8b62e6e88220d53cf6b0669a8c4ab8f015" />
	</machine>
	<machine name="stelby">
		<description>Stelbi</description>
		<year>1988</year>
		<publisher>&lt;unknown&gt;</publisher>
		<rom name="stelby.rkp" size="4328" crc="1b3f40dd" sha1="0fc689535d42dfae6f9b81e8d87821047399a012" />
	</machine>
	<machine name="stena">
		<description>Stena</description>
		<year>1991</year>
		<publisher>M.A. Bandenok</publisher>
		<rom name="wall.rkp" size="11592" crc="93243e04" sha1="f5124c1d168d33ba5ac00a0427db3be2b5508344" />
	</machine>
	<machine name="stonefld">
		<description>Stonefield</description>
		<year>19??</year>
		<publisher>&lt;unknown&gt;</publisher>
		<rom name="stonefld.rkp" size="2360" crc="9916b6d8" sha1="2c9ac2f8b9718f3a6e2eeb626cb990e0895f91ca" />
	</machine>
	<machine name="stopkr">
		<description>Stop-Kran</description>
		<year>19??</year>
		<publisher>IS Corp</publisher>
		<rom name="stopkr.rkp" size="14321" crc="c4452523" sha1="67aae25f31deada7993be0277f1c3921ffc5f225" />
	</machine>
	<machine name="submarin">
		<description>Submarine</description>
		<year>19??</year>
		<publisher>&lt;unknown&gt;</publisher>
		<rom name="submarin.rkp" size="4377" crc="46c95502" sha1="07f858b2f0ea28f40db13a6f14587345ff38ec1e" />
	</machine>
	<machine name="tennis">
		<description>Tennis</description>
		<year>1986</year>
		<publisher>V.N. Penkin</publisher>
		<rom name="tennis.rkp" size="2056" crc="4a7a0fd7" sha1="afd5697fa3a6f651d898116564bb5422b1d8754f" />
	</machine>
	<machine name="tetris1">
		<description>Tetris</description>
		<year>19??</year>
		<publisher>&lt;unknown&gt;</publisher>
		<rom name="tetris1.rkp" size="1288" crc="e2f86ef9" sha1="215a4d2a2ccb228fbe913ad3c2ac1151b5f7a2c5" />
	</machine>
	<machine name="tetris2">
		<description>Tetris (ASCII text)</description>
		<year>19??</year>
		<publisher>&lt;unknown&gt;</publisher>
		<rom name="tetris2.rkp" size="3222" crc="1233cc3b" sha1="d19fe2565f50014d70bbd44fd422e209d478594e" />
	</machine>
	<machine name="tetris3">
		<description>Tetris!</description>
		<year>19??</year>
		<publisher>&lt;unknown&gt;</publisher>
		<rom name="tetris3.rkp" size="2312" crc="04f81d89" sha1="44c1fc9b107978b141cc49c578d643b7f8e5edce" />
	</machine>
	<machine name="tetris4">
		<description>TETRIS4</description>
		<year>19??</year>
		<publisher>&lt;unknown&gt;</publisher>
		<rom name="tetris4.rkp" size="1644" crc="e9b5eebc" sha1="c22a380eb0f21b65e1e29b23675358abc9babd6d" />
	</machine>
	<machine name="torpatt">
		<description>Torpednaya Ataka</description>
		<year>1990</year>
		<publisher>UPP-8 VOS?</publisher>
		<rom name="torpatt.rkp" size="4361" crc="028f4709" sha1="5d9e4cbf082b4f0688642668ad2eef9743307cb1" />
	</machine>
	<machine name="tpp">
		<description>TPP</description>
		<year>19??</year>
		<publisher>&lt;unknown&gt;</publisher>
		<rom name="tpp.rkp" size="8306" crc="23e6a09a" sha1="3cf335667bedffc66941be1b4aff3eec8efc70cd" />
	</machine>
	<machine name="udav">
		<description>Udav</description>
		<year>1986</year>
		<publisher>S.N. Popov</publisher>
		<rom name="coa.rkp" size="2056" crc="495257db" sha1="5db7f8ebd7d7de9adef76bb1b2d4d7f560150cb6" />
	</machine>
	<machine name="volcano">
		<description>Volcano</description>
		<year>1987</year>
		<publisher>Bony</publisher>
		<rom name="volcano.rkp" size="4089" crc="a8388172" sha1="a61ba1d6d6ede430d2df9d4946cd7d4b425eae65" />
	</machine>
	<machine name="wel">
		<description>Wel 2.0</description>
		<year>19??</year>
		<publisher>&lt;unknown&gt;</publisher>
		<rom name="wel.rkp" size="5640" crc="c06745d3" sha1="3e79581596eceb644c9f278cf2725e138bc70346" />
	</machine>
	<machine name="xfire">
		<description>Crossfire</description>
		<year>1988</year>
		<publisher>A.V. Zyryanov</publisher>
		<rom name="crossfir.rkp" size="11528" crc="2228bc56" sha1="80c26ae7a23e1b6638136005def6529d94d74d09" />
	</machine>
	<machine name="xonix">
		<description>Ksoniks</description>
		<year>19??</year>
		<publisher>&lt;unknown&gt;</publisher>
		<rom name="xonix.rkp" size="1995" crc="8da8f0d0" sha1="25800773dbb69b05b9b9623f9ffdaf2e8ffe91ff" />
	</machine>
	<machine name="xtro">
		<description>Xtro</description>
		<year>1990</year>
		<publisher>A.A. Matveyev</publisher>
		<rom name="xtro.rkp" size="7801" crc="64f31f1b" sha1="af7f23cdfb5e4af39da1a49dc70ecee5f1177e39" />
	</machine>
	<machine name="zmeya">
		<description>Zmeya</description>
		<year>1986</year>
		<publisher>SKB FKR RRTI *DESIGN*</publisher>
		<rom name="zmeya.rkp" size="2120" crc="f72ca1c9" sha1="6df1083097f02978b07dc01f90594675bdc5d1d5" />
	</machine>
</datafile>