<?xml version="1.0" encoding="utf-8"?>
<!DOCTYPE datafile PUBLIC "-//Logiqx//DTD ROM Management Datafile//EN" "http://www.logiqx.com/Dats/datafile.dtd">
<datafile>
	<header>
		<name>pet_flop</name>
		<description>Commodore PET diskettes</description>
		<version>0.274</version>
		<author>Pleasuredome</author>
	</header>
	<machine name="1001demo">
		<description>Commodore SFD-1001 Floppy Disk Drive Test/Demo Disk</description>
		<year>198?</year>
		<publisher>Commodore</publisher>
		<rom name="1001demoa\commodore sfd-1001 test demo.d82" size="1066496" crc="87f79d8c" sha1="6f73fd233871fae7e16a9eda9f628c907606ce9d" />
		<rom name="sfd1001-td-disk.d82" size="1066496" crc="83b12b13" sha1="316fa89b4553ff1d411dc14ffcdd477c1fb284da" />
	</machine>
	<machine name="2040demo">
		<description>Commodore 2040 Floppy Disk Drive Test/Demo Disk</description>
		<year>197?</year>
		<publisher>Commodore</publisher>
		<rom name="2040demov1\c2040testdemo-dosv1.g64" size="333744" crc="4015e3eb" sha1="dd790b66b1ae660cae13c0f608d9895fa0825e37" />
		<rom name="2040-demo.d64" size="174848" crc="7bf8ded0" sha1="3adf60392cbafa4717213a9314293882c435693a" />
	</machine>
	<machine name="8280blnk">
		<description>Blank Formatted Commodore 8280 Diskette</description>
		<year>1981</year>
		<publisher>&lt;Commodore&gt;</publisher>
		<rom name="blank.dsk" size="1025024" crc="9760c45c" sha1="797e77070efee22349a399d409999b0ad09604ea" />
	</machine>
	<machine name="apshaid">
		<description>Temple of Apshai</description>
		<year>1979</year>
		<publisher>Automated Simulations</publisher>
		<rom name="temple of apshai (1979)(automated simulations).d64" size="174848" crc="cf6b2a6f" sha1="c40fefc57db4d8eb13d575e8f3731a299104482c" />
	</machine>
	<machine name="assorted">
		<description>Assorted PET software</description>
		<year>198?</year>
		<publisher>&lt;unknown&gt;</publisher>
		<rom name="disk0013.d82" size="1066496" crc="a928a5b8" sha1="7120f0c9b6067222640dc168bf2eafa7a71f0a1e" />
		<rom name="disk1001.d80" size="533248" crc="b5f2a740" sha1="58a872fd4febcb969c3690a200f25b7fd359986e" />
		<rom name="disk1002.d80" size="533248" crc="213b8d34" sha1="3b2618317660cb464ae0c25dd03aad2e457487b9" />
		<rom name="disk1003.d80" size="533248" crc="29a029c2" sha1="5d9ec48f2d54a525001d6b638bcc9a3590dff038" />
		<rom name="disk1004.d80" size="533248" crc="d9f95934" sha1="44f5386a05c867eaa44106eac433fc1d4a15731e" />
		<rom name="disk1005.d80" size="533248" crc="1d9b1c89" sha1="0f03741b3120637382d7b760afac3a237a62f7f9" />
		<rom name="disk1006.d80" size="533248" crc="a3a20f61" sha1="eede3ce6098b20fd0b3b861fa75ff6f52292b071" />
		<rom name="disk1008.d80" size="533248" crc="e5c13e2b" sha1="39d9774a8412de6b21d45a2b53a3e459dfb34965" />
		<rom name="disk1009.d80" size="533248" crc="5135f408" sha1="ebafe73eef2447c4bde8056ff34e9f7ec61f907f" />
		<rom name="disk1010.d80" size="533248" crc="70f00921" sha1="235d15917927e65bda75eb21f304bf6361167c0b" />
		<rom name="disk1011.d80" size="533248" crc="deca3a67" sha1="1ea79df742a62bc4036e1a4949186766bf7f887a" />
		<rom name="disk1012.d80" size="533248" crc="3ea874bb" sha1="d8ab67fecffb2e066ed15aba2714c10e3af9f8c9" />
		<rom name="disk1013.d80" size="533248" crc="51662e21" sha1="ac63b1892f552d17e3fdbe563a27d5ac1d3b8b67" />
		<rom name="disk1014.d80" size="533248" crc="ed6431a8" sha1="880b9e30b29217c7c48dcf95f5226adc448b085a" />
		<rom name="disk1015.d80" size="533248" crc="ac29fceb" sha1="85d3b04207046358db89f2fedc2840b90e58aa9e" />
		<rom name="disk1016.d80" size="533248" crc="c86c3f47" sha1="a5fceb616201df668cc2a772ce7178505dbce9aa" />
		<rom name="disk1017.d80" size="533248" crc="04b5f888" sha1="332bd812625e4e1e33769e006c9a8bbd9ca31571" />
		<rom name="disk1018.d80" size="533248" crc="790eb634" sha1="9263068a3529dd14651d3cc9f2524a36bd9e6e32" />
		<rom name="disk1019.d80" size="533248" crc="f77070f1" sha1="81f4d20c79935152ed1cccdc0ab41569a29e2bed" />
		<rom name="disk1020.d80" size="533248" crc="4b51ab7d" sha1="ef1cf56de7b5e6172f3ff3fd5499d42953eb94ff" />
		<rom name="disk1021.d80" size="533248" crc="e8b0b508" sha1="6265e99476c119eff24646a31d26917a1dcd204f" />
		<rom name="disk1022.d80" size="533248" crc="53564ad5" sha1="020c14cea669485d4a4628b7a083d98d2d30722c" />
		<rom name="disk1023.d80" size="533248" crc="fd4a5fb3" sha1="f83015b0a354539647ebf83e02976f2975cdc21f" />
		<rom name="disk1024.d80" size="533248" crc="4789d866" sha1="f0ffcf691bda3f4f16be4ae446cbfdf2e5a21de6" />
		<rom name="disk1025.d80" size="533248" crc="0a399ff3" sha1="9e7d03e7202c626c0a9fdec8eff114c90b8c42f2" />
		<rom name="disk1026.d80" size="533248" crc="10555a49" sha1="dc47030ed8ce4ec314b51f4cecd53b153cfe2cb1" />
		<rom name="disk1027.d80" size="533248" crc="a36399a3" sha1="945c65adb9c1efd1fba718b3fd98a0fc7d32605e" />
		<rom name="disk1028.d80" size="533248" crc="3a65ae2a" sha1="29366a40f7fec370bd05407f64a20a5198cc881a" />
		<rom name="disk1029.d80" size="533248" crc="77380200" sha1="ab602b1f1da7c7f5fd63c6511b8325d2b2438754" />
		<rom name="disk1030.d80" size="533248" crc="d6390ddf" sha1="be10d8365a30de40a35fbcd314f6b69c8b9954b9" />
		<rom name="disk1031.d80" size="533248" crc="0caad2c6" sha1="579cde5895520bae6b5b181bb49819a6491f0de7" />
		<rom name="disk1032.d80" size="533248" crc="bfa23ad9" sha1="6c8fced20643f6380937e5bf54c9074bcfab5bcf" />
		<rom name="disk1033.d80" size="533248" crc="5c16e907" sha1="97297bdc5fdc87c7bdb4edade3b3d99460160f0f" />
		<rom name="disk1034.d80" size="533248" crc="09af94ed" sha1="1d30835328b27ef01a80b76f6396ff21ad6d13fe" />
		<rom name="disk1035.d80" size="533248" crc="7381e0c4" sha1="9dae3810d9c38ffdf197f5aa776b135f1d14d156" />
		<rom name="disk1036.d80" size="533248" crc="cbfc00f5" sha1="ddb3659a29c03e180aa5672df625d821c70b2d46" />
		<rom name="disk1037.d80" size="533248" crc="b9803097" sha1="700e60e97ba6de3a152f51840d7623b37163de99" />
		<rom name="disk1038.d80" size="533248" crc="5740c184" sha1="0cc18b32a9b32166334721fa06406b503dc825c1" />
		<rom name="disk1039.d80" size="533248" crc="59218c0b" sha1="406e63eb90a8d0f6fa3b0f717779e3416ca3e137" />
		<rom name="disk1040.d80" size="533248" crc="ccd99444" sha1="e589a7ee3a3ca458de31b4ec3db89f7b93c747bd" />
		<rom name="disk1041.d80" size="533248" crc="d77947c9" sha1="d75ce5bfbcdde590718d8cabfb4c9033f93b0d41" />
		<rom name="disk1042.d80" size="533248" crc="39856a8f" sha1="2e69d679844b131b283b5c30fcbd480d15b99b11" />
		<rom name="disk1043.d80" size="533248" crc="f76b7730" sha1="11648138fd026b06e9bb45289a89354cb90eeb8f" />
		<rom name="disk1044.d80" size="533248" crc="58dc04e1" sha1="0dfcbeb6e1aeb8d54ea7f602cd8a36ee53a29018" />
		<rom name="disk1045.d80" size="533248" crc="3465e2d1" sha1="9de8000becad45a959cbdab9e1038236cda086e4" />
		<rom name="disk1046.d80" size="533248" crc="c892a4ed" sha1="e0c66da118dda82826ea8f342fbc421e6e128c56" />
		<rom name="disk1047.d80" size="533248" crc="9893e956" sha1="ab008c75177d8b5198660df898d258afbaedffff" />
		<rom name="disk1048.d80" size="533248" crc="86bc8304" sha1="8fd7334cb3cfe7db61451d034c2a77f3bb3b5353" />
		<rom name="disk1049.d80" size="533248" crc="3462c735" sha1="212ad11c1234e070b09e285cbea24eac397c21a2" />
		<rom name="disk2003.d80" size="533248" crc="8eab22d8" sha1="0dfd3802f1a3b245fc6311038841e8ccba08d6e7" />
		<rom name="disk2004.d82" size="1066496" crc="89dab38c" sha1="4703442660b7de732105200feab008c394511718" />
		<rom name="disk2005.d80" size="533248" crc="a2629f4a" sha1="b0a0307e0c7e24ffc7c2cea64cd5d773324d5fe7" />
		<rom name="disk9900.d80" size="533248" crc="387442d1" sha1="31a32d33357ce58e7320674c1280d68a3292836f" />
	</machine>
	<machine name="bioteror">
		<description>BioTerror!</description>
		<year>2011</year>
		<publisher>Jason Grow</publisher>
		<rom name="bioterror.d64" size="174848" crc="67dc1f22" sha1="b3a39eea1ae1a274f6a011c26172a7d123d761c6" />
	</machine>
	<machine name="brightst">
		<description>A Bright Shining Star</description>
		<year>2022</year>
		<publisher>Genesis Project</publisher>
		<rom name="gp_a_bright_shining_star.d64" size="174848" crc="e305adb9" sha1="e27a02233394072a0411735c9dc41eff9ea6e4a2" />
		<rom name="gp_a_bright_shining_star_emulator.d64" size="174848" crc="c898e6ad" sha1="e21c760e400aaf2bc8a93b1e137fd1bf54158091" />
	</machine>
	<machine name="bumblebe">
		<description>Bumblebee PET</description>
		<year>2012</year>
		<publisher>Cosine</publisher>
		<rom name="bumblebee.d64" size="174848" crc="a4656e08" sha1="f914aa058458bed3c319e6b297f7af7b4d788a05" />
	</machine>
	<machine name="dateston">
		<description>The Datestones of Ryn A Microquest</description>
		<year>1979</year>
		<publisher>Automated Simulations</publisher>
		<rom name="datestones of ryn (1979)(automated simulations).d64" size="174848" crc="1fbcf28a" sha1="936099e06ff1843db92956e8647f89f553ae7b89" />
	</machine>
	<machine name="dealerts">
		<description>CBM Dealer Tests</description>
		<year>198?</year>
		<publisher>&lt;unknown&gt;</publisher>
		<rom name="cbmdealertests.d80" size="533248" crc="35cbe914" sha1="14d15ebe8ac36f4afbb8dd19160f551ef094a5c9" />
	</machine>
	<machine name="diag35">
		<description>Diagnostic (v3.5)</description>
		<year>198?</year>
		<publisher>&lt;unknown&gt;</publisher>
		<rom name="diagnosticv3.5.d80" size="533248" crc="2b0abd85" sha1="67a912aacbf5c939745cc490356bf32f1b95642f" />
	</machine>
	<machine name="escaped">
		<description>Escape from the Death Planet</description>
		<year>1979</year>
		<publisher>Fantasy Games Software</publisher>
		<rom name="escape from the death planet (1979)(fantasy games software).d64" size="174848" crc="b6a5e95f" sha1="d2dd418a3b7803ffdeef1572c498307a01cb2db0" />
	</machine>
	<machine name="galaxyd">
		<description>Galaxy!</description>
		<year>1981</year>
		<publisher>Microcomputer Games, Inc.</publisher>
		<rom name="galaxy (1981)(avalon hill).d64" size="174848" crc="ee09100e" sha1="e94add6ab81d706cf2812e23eb6039715bdad126" />
	</machine>
	<machine name="geckos">
		<description>GeckOS/A65 (v2.0)</description>
		<year>1999</year>
		<publisher>André Fachat</publisher>
		<rom name="pet32k.d64" size="174848" crc="0544293a" sha1="bc71e230a56b3f085b93851d667438549d93f5ee" />
	</machine>
	<machine name="goceliak">
		<description>Goceliak Test Mods</description>
		<year>198?</year>
		<publisher>&lt;unknown&gt;</publisher>
		<rom name="goceliaktestmods.d80" size="533248" crc="a4c1aaf2" sha1="45cfe360fd03292cf630ecae0e735b66246ac416" />
	</machine>
	<machine name="hardbox">
		<description>HardBox Utilities</description>
		<year>1981</year>
		<publisher>Small Systems Engineering</publisher>
		<rom name="hardbox-utils.d64" size="174848" crc="3d8e6192" sha1="f29bf1c2b5513f52c5d70d1192436fa002265bb0" />
		<rom name="hardbox-utils.d80" size="533248" crc="12741d20" sha1="72d2e63a1325308fb343b321ce505cf8888cc48e" />
	</machine>
	<machine name="hellfire">
		<description>Hellfire Warrior</description>
		<year>1980</year>
		<publisher>Automated Simulations</publisher>
		<rom name="hellfire warrior (1980)(automated simulations).d64" size="174848" crc="19ff4a71" sha1="f155ed22c781a6883bf5119056ba7a1870a9fb2e" />
	</machine>
	<machine name="hsgdemo">
		<description>CBM 8000 High Speed Graphics Demos</description>
		<year>2012</year>
		<publisher>Steve Gray</publisher>
		<rom name="hsg-demos-01.d64" size="174848" crc="203cf196" sha1="465cc52a3a1d26c2c33dbd24a83c77b5c4b407f0" />
		<rom name="hsg-demos-02.d82" size="1066496" crc="769f91cb" sha1="d1b5b8724eb58cd37403ea36765c060c5c2d7e21" />
	</machine>
	<machine name="mapscaps">
		<description>Maps and Capitals</description>
		<year>1978</year>
		<publisher>Solomon</publisher>
		<rom name="maps and capitals (1978)(solomon).d64" size="174848" crc="6d3111dd" sha1="7730b5cff7afb01efedf0f3cece7fe596b22c0cd" />
	</machine>
	<machine name="oriond">
		<description>Invasion Orion</description>
		<year>1979</year>
		<publisher>Automated Simulations</publisher>
		<rom name="invasion orion (1979)(automated simulations).d64" size="174848" crc="2fa76e5c" sha1="bf1b41364962cd1fb7faa805536740ef3b96b5f4" />
	</machine>
	<machine name="petass">
		<description>PET Assembler</description>
		<year>197?</year>
		<publisher>&lt;unknown&gt;</publisher>
		<rom name="pass1.d64" size="174848" crc="0cd57135" sha1="434d2c8a3725c0e57df87db8664058f3947729c0" />
	</machine>
	<machine name="petbok">
		<description>PET-BOOK 8000</description>
		<year>1982</year>
		<publisher>Datatronic</publisher>
		<rom name="pet-bok.d80" size="533248" crc="0a89998f" sha1="8fcb4f7b05f8dcfd9119318435bcdeba171a27f2" />
	</machine>
	<machine name="petent">
		<description>PET-ENT 8000</description>
		<year>1982</year>
		<publisher>Datatronic</publisher>
		<rom name="pet-ent.d80" size="533248" crc="5acfa9dd" sha1="a077adf00e3481a223d52acd9afdb9b1e14d194f" />
	</machine>
	<machine name="petgen">
		<description>PET-GEN 8000</description>
		<year>1982</year>
		<publisher>Datatronic</publisher>
		<rom name="pet-gen.d80" size="533248" crc="3b4d619c" sha1="70a87335dbd32406c83a80dedc7d604cc458aa4d" />
	</machine>
	<machine name="petlev">
		<description>PET-LEV 8000</description>
		<year>1983</year>
		<publisher>Datatronic</publisher>
		<rom name="pet-lev.d80" size="533248" crc="524d010c" sha1="814601705a5ab7cc61fc625e2a357166875e3b72" />
	</machine>
	<machine name="petspeed">
		<description>Petspeed</description>
		<year>1982</year>
		<publisher>Small Systems Engineering</publisher>
		<rom name="petspe80.d64" size="174848" crc="35d8155d" sha1="b6a134eedbbedf494dd1151153aef45314d2f79f" />
	</machine>
	<machine name="softbox">
		<description>SoftBox CP/M 2.2 Distribution Disk</description>
		<year>1981</year>
		<publisher>Small Systems Engineering</publisher>
		<rom name="softbox-distrib.d80" size="533248" crc="48b070d5" sha1="acab30ea2859433bb75312936d6380dad3c61a00" />
	</machine>
	<machine name="spiele">
		<description>Spiele (Ger)</description>
		<year>198?</year>
		<publisher>&lt;unknown&gt;</publisher>
		<rom name="sp1.d80" size="533248" crc="baf5760e" sha1="f565defaa3c361efeef1c659d91c1e66970f227d" />
		<rom name="sp2.d80" size="533248" crc="923bd4eb" sha1="cf7120c13f97b51f4348d9888d4c7c66e1c7593c" />
		<rom name="sp3.d80" size="533248" crc="dfb01633" sha1="1521e9a982269cdd58a7b30375b9658e609b46c0" />
		<rom name="sp4.d80" size="533248" crc="eeafd71c" sha1="9e7eae26d1a600c36489183d77c3af3045c2a354" />
		<rom name="sp5.d82" size="1066496" crc="a3622d00" sha1="3c3bf0e64939a5d1a332fafa25d8d1088fae825f" />
	</machine>
	<machine name="states">
		<description>The States</description>
		<year>1978</year>
		<publisher>Solomon</publisher>
		<rom name="states (1978)(solomon).d64" size="174848" crc="4b45669d" sha1="df769e3d302b6ed0229174b19f825d4515d15574" />
	</machine>
	<machine name="superdsk">
		<description>Super DiskDoc</description>
		<year>1986</year>
		<publisher>Precision Software</publisher>
		<rom name="super disk doc.d80" size="533248" crc="c2e2f377" sha1="39856428e109fd26c14bae6d21cda7ab05a36e7b" />
	</machine>
	<machine name="techdisk">
		<description>Techdisk</description>
		<year>198?</year>
		<publisher>&lt;unknown&gt;</publisher>
		<rom name="techdisk.d80" size="533248" crc="1f18f127" sha1="d1c0977f7aed87df143147002c2bf26755b9b52a" />
	</machine>
	<machine name="tunvkatm">
		<description>Tunnel Vision and Cat and Mouse</description>
		<year>1978</year>
		<publisher>Solomon</publisher>
		<rom name="tunnel vision and kat and mouse (1978)(michael riley).d64" size="174848" crc="5a26138d" sha1="a20b52cb9c086d8acfbd063814c412e6d04bf259" />
	</machine>
	<machine name="visicalc">
		<description>VisiCalc</description>
		<year>1981</year>
		<publisher>Software Arts</publisher>
		<rom name="visicalc80\20910-5612.d80" size="533248" crc="9e0ab13f" sha1="27e6e95efbbbec00e07003a8322e9cd2cea736ad" />
		<rom name="20910-5511.d64" size="174848" crc="b41f3121" sha1="aad1254ca95f03430edd63997d995c3671bc6c55" />
		<rom name="901472-04.bin" size="4096" crc="9bf3c9f8" sha1="62be6bcf3a3aa844d629e8a52b30e01864cc8266" />
	</machine>
	<machine name="zram">
		<description>Z-RAM CP/M Version 2.2</description>
		<year>1982</year>
		<publisher>Madison Computer</publisher>
		<rom name="madison4040.d64" size="174848" crc="e4638b5a" sha1="19aa578a8eadfc95a5e30e73abcc5d80ee6b1aca" />
		<rom name="madison8050.d80" size="533248" crc="49284f58" sha1="1533504394d8135b21738f8f16f7603fe59de12c" />
	</machine>
</datafile>