<?xml version="1.0" encoding="utf-8"?>
<!DOCTYPE datafile PUBLIC "-//Logiqx//DTD ROM Management Datafile//EN" "http://www.logiqx.com/Dats/datafile.dtd">
<datafile>
	<header>
		<name>pet_quik</name>
		<description>Commodore PET quickload</description>
		<version>0.274</version>
		<author>Pleasuredome</author>
	</header>
	<machine name="hardcore">
		<description>Hardcore Petting</description>
		<year>2010</year>
		<publisher>Noice</publisher>
		<rom name="hardcore_petting.prg" size="6013" crc="4f2853cf" sha1="c1e4f0d959c69c08c7ea4ea428736bc3ea0a2176" />
	</machine>
	<machine name="npa">
		<description>No Pets Allowed</description>
		<year>2010</year>
		<publisher>Orb</publisher>
		<rom name="npa.prg" size="31382" crc="55295e40" sha1="43fb301f7f22878773ef9692ea7763191c085244" />
	</machine>
</datafile>