<?xml version="1.0" encoding="utf-8"?>
<!DOCTYPE datafile PUBLIC "-//Logiqx//DTD ROM Management Datafile//EN" "http://www.logiqx.com/Dats/datafile.dtd">
<datafile>
	<header>
		<name>picno</name>
		<description>Konami Picno cartridges</description>
		<version>0.274</version>
		<author>Pleasuredome</author>
	</header>
	<machine name="aenikki">
		<description>Anime Enikki</description>
		<year>1993</year>
		<publisher>Konami</publisher>
		<rom name="rx106.bin" size="524288" crc="aa334046" sha1="ee3f37c4a9256c1be446fc4ea877da1be1cf04d6" />
	</machine>
	<machine name="alice">
		<description>Fushigi no Kuni no Alice</description>
		<year>1992</year>
		<publisher>Konami</publisher>
		<rom name="rx103.bin" size="524288" crc="0dde07a2" sha1="4bd11755df05d7e4cbb76fffcc215ee91ba96d50" />
	</machine>
	<machine name="animebox">
		<description>Anime Box</description>
		<year>1994</year>
		<publisher>Konami</publisher>
		<rom name="rx112.bin" size="524288" crc="42a6b05c" sha1="29ae55692c115b5f311f2c2a12888e8fff17ced5" />
	</machine>
	<machine name="anistamp">
		<description>Nontan to Issho Anime Stamp</description>
		<year>1994</year>
		<publisher>Konami</publisher>
		<rom name="rx119.bin" size="524288" crc="1e4a8b5c" sha1="d5f67f2249f6662ba6209a8c6a91b882ddfd84a0" />
	</machine>
	<machine name="artpuzzl">
		<description>Picno Art Puzzle</description>
		<year>1993</year>
		<publisher>Konami</publisher>
		<rom name="rx109.bin" size="1048576" crc="6de0342b" sha1="43534c4beb67036a5225634fa72567d93c4ee35e" />
	</machine>
	<machine name="chibitahi">
		<description>Chibi Maruko-chan no Tashizan Hikizan</description>
		<year>1995</year>
		<publisher>Konami</publisher>
		<rom name="rx124.bin" size="524288" crc="120d41e0" sha1="857c18d9feffcb68c9177940163026a3320173fc" />
	</machine>
	<machine name="dokkins">
		<description>Dokkin Shinri Game</description>
		<year>1994</year>
		<publisher>Konami</publisher>
		<rom name="RX115 - Dokkin Shinri Game.bin" size="524288" crc="cdc9d45e" sha1="e6085b05888280b4e411beddac382b2242e239d1" />
	</machine>
	<machine name="hkittye">
		<description>Hello Kitty no Eikaiwa</description>
		<year>1994</year>
		<publisher>Konami</publisher>
		<rom name="RX121 - Hello Kitty no Eikaiwa.bin" size="524288" crc="30308638" sha1="a29d726ecb73262dd8e3fdabb35670bdf2c5ce1d" />
	</machine>
	<machine name="kanjiclb">
		<description>Kanji Club</description>
		<year>1994</year>
		<publisher>Konami</publisher>
		<rom name="rx116.bin" size="524288" crc="78b6eb10" sha1="dae38fbeeb0b411e849a800fe12ad1d1d42f9a99" />
	</machine>
	<machine name="kiiroi">
		<description>Kiiroi Kyōryū-kun Parasa no Obake Taiji</description>
		<year>1994</year>
		<publisher>Konami</publisher>
		<rom name="rx111.bin" size="524288" crc="c2b1a5ab" sha1="3af4124d16fbd66805d26b7ddf9b6bcc8f5d07f5" />
	</machine>
	<machine name="montage">
		<description>Montage</description>
		<year>1992</year>
		<publisher>Konami</publisher>
		<rom name="rx102.bin" size="262144" crc="014b1da5" sha1="718000598da119fde15899e0b746e0d1b3c9b038" />
	</machine>
	<machine name="nihonchiz">
		<description>Picno de Nihon Chizu</description>
		<year>1995</year>
		<publisher>Konami</publisher>
		<rom name="rx113.bin" size="524288" crc="2e75de04" sha1="03fc9ec7c90245498894caf88c45c234dd577db8" />
	</machine>
	<machine name="pdeaiueo">
		<description>Picno de A I U E O</description>
		<year>1993</year>
		<publisher>Konami</publisher>
		<rom name="rx107.bin" size="1048576" crc="f56e48bc" sha1="aa0ec867183e799c0ded1cfdaab92250a6fb6556" />
	</machine>
	<machine name="pecindere">
		<description>Paint Ehon: Cinderella Monogatari</description>
		<year>1995</year>
		<publisher>Konami</publisher>
		<rom name="rx123.bin" size="524288" crc="560e0eca" sha1="4d96991a025e2811727e7834f2c8a83841eccdb3" />
	</machine>
	<machine name="picno123">
		<description>Picno de 1 2 3</description>
		<year>1993</year>
		<publisher>Konami</publisher>
		<rom name="rx108.bin" size="1048576" crc="ca4a4d22" sha1="8ee0b6b6c69ea5d49472b56d6e00c1d5fb2ffdaa" />
	</machine>
	<machine name="picnoabc">
		<description>Picno de A B C</description>
		<year>1993</year>
		<publisher>Konami</publisher>
		<rom name="rx105.bin" size="524288" crc="590e3bd8" sha1="05a1c22aa916c8177ab743ef633bae31cb28c0db" />
	</machine>
	<machine name="picnokuku">
		<description>Picno de Kuku</description>
		<year>1994</year>
		<publisher>Konami</publisher>
		<rom name="rx117.bin" size="524288" crc="13996ddd" sha1="a4f4e22f7fbbe3be86c642af252b332017d4f00d" />
	</machine>
	<machine name="rmontage">
		<description>Real Montage</description>
		<year>1994</year>
		<publisher>Konami</publisher>
		<rom name="rx110.bin" size="524288" crc="3fa2de37" sha1="27b99bc33ec00b025188039c434da5ad425492dc" />
	</machine>
	<machine name="shm">
		<description>Shirayuki-hime Monogatari</description>
		<year>1994</year>
		<publisher>Konami</publisher>
		<rom name="RX118 - Shirayuki Hime Monogatari.bin" size="524288" crc="6720748f" sha1="cb6c1a4d53bb583e2114923f24ab2383a5e078c4" />
	</machine>
	<machine name="songoku">
		<description>Son Gokū no Bōken</description>
		<year>1995</year>
		<publisher>Konami</publisher>
		<rom name="rx122.bin" size="524288" crc="c3f8338d" sha1="f3f7508acb20a887d4cc9c831e2cf336656a3871" />
	</machine>
</datafile>