<?xml version="1.0" encoding="utf-8"?>
<!DOCTYPE datafile PUBLIC "-//Logiqx//DTD ROM Management Datafile//EN" "http://www.logiqx.com/Dats/datafile.dtd">
<datafile>
	<header>
		<name>pmd85_cass</name>
		<description>Tesla PMD-85 cassettes</description>
		<version>0.274</version>
		<author>Pleasuredome</author>
	</header>
	<machine name="auto">
		<description>Auto</description>
		<year>198?</year>
		<publisher>&lt;unknown&gt;</publisher>
		<rom name="auto (198x)(-).ptp" size="1317" crc="1e33b4d6" sha1="6527f2b701e78de177315c43ce434287668ad22a" />
	</machine>
	<machine name="bas20dem">
		<description>BASIC20 Demo</description>
		<year>198?</year>
		<publisher>&lt;unknown&gt;</publisher>
		<rom name="bas20-demo.ptp" size="13998" crc="08f25c1f" sha1="bdd77e5c4417e20e2b256ab2e3e65a4a29439602" />
	</machine>
	<machine name="bdash">
		<description>Boulder Dash</description>
		<year>1988</year>
		<publisher>VBG Software</publisher>
		<rom name="boulder dash (1988)(vbg software).ptp" size="24903" crc="9ea24bb6" sha1="19617ebfe73fcc752c7ddaa8d43367ca7cc74581" />
	</machine>
	<machine name="bludiste">
		<description>Bludiště</description>
		<year>1988</year>
		<publisher>&lt;unknown&gt;</publisher>
		<rom name="bludiste (1988)(-).ptp" size="8567" crc="62c8ad42" sha1="5b891fb3c92a6d7a23725fcb2e94a046314e98c2" />
	</machine>
	<machine name="bombard">
		<description>Bombarder</description>
		<year>198?</year>
		<publisher>&lt;unknown&gt;</publisher>
		<rom name="bombarder (19xx)(-).ptp" size="2772" crc="7e5b178e" sha1="2d876752fcf774be6464a084144a6a85e2f4c31d" />
	</machine>
	<machine name="cirkus">
		<description>cirkus-sasa-tomasa</description>
		<year>198?</year>
		<publisher>&lt;unknown&gt;</publisher>
		<rom name="cirkus-sasa-tomasa.ptp" size="112591" crc="46e8bfda" sha1="f6ad3626d190a549bf6ade72739590bea9110326" />
	</machine>
	<machine name="copytape">
		<description>Copy Tape</description>
		<year>198?</year>
		<publisher>&lt;unknown&gt;</publisher>
		<rom name="copytape.ptp" size="8177" crc="1fb93bb7" sha1="d23d44bb4c2fa41a2fe5027b4c329665e725c688" />
	</machine>
	<machine name="dam2">
		<description>DAM+2</description>
		<year>198?</year>
		<publisher>&lt;unknown&gt;</publisher>
		<rom name="dam+2.ptp" size="73030" crc="b388c4ee" sha1="7ee8d1625d4274ac068dab54d533603ba6d29eb1" />
	</machine>
	<machine name="datpmd">
		<description>DAT PMD</description>
		<year>198?</year>
		<publisher>&lt;unknown&gt;</publisher>
		<rom name="dat-pmd.ptp" size="6213" crc="4f262583" sha1="31ee56a4566eb3ddc137b1cfae27c17507c50948" />
	</machine>
	<machine name="devutils">
		<description>Development Utils</description>
		<year>198?</year>
		<publisher>&lt;unknown&gt;</publisher>
		<rom name="devutils.ptp" size="20914" crc="68c99dc8" sha1="cde02be5b0b1f53e1e16d3e5f7dcb76c731edaef" />
	</machine>
	<machine name="evidence">
		<description>Evidence</description>
		<year>198?</year>
		<publisher>&lt;unknown&gt;</publisher>
		<rom name="evidence.ptp" size="74358" crc="25938fbf" sha1="dbc699b46932a701d5ebdaf063a9a5c74023ad8e" />
	</machine>
	<machine name="faraonov">
		<description>Faraonova Hbroka</description>
		<year>1988</year>
		<publisher>&lt;unknown&gt;</publisher>
		<rom name="faraonova hbroka (1988)(-).ptp" size="7096" crc="307994fc" sha1="198ce2a78304aeb61d081d3e64d8f737d2a64918" />
	</machine>
	<machine name="flappy">
		<description>Flappy</description>
		<year>1987</year>
		<publisher>VBG Software</publisher>
		<rom name="flappy (1987)(vbg software).ptp" size="36448" crc="0f4cb0a9" sha1="40bf5f34362fdaa25f5de1f95640916ccaee1c4d" />
	</machine>
	<machine name="fred">
		<description>Fred</description>
		<year>1988</year>
		<publisher>VBG Software</publisher>
		<rom name="fred (1988)(vbg software).ptp" size="17235" crc="39499aa9" sha1="9b1670900ec3aff9a78ad1dc4079a5c521f62e95" />
	</machine>
	<machine name="galaxia">
		<description>Galaxia</description>
		<year>1988</year>
		<publisher>Ceres Soft</publisher>
		<rom name="galaxia (1988)(ceres soft).ptp" size="21656" crc="7de36b2e" sha1="ee0e489c99e7274dca788f24bbf4ca45df0cfdda" />
	</machine>
	<machine name="game4004">
		<description>Games by 4004/482 ZO Svazarmu</description>
		<year>198?</year>
		<publisher>&lt;unknown&gt;</publisher>
		<rom name="games-4004-482.ptp" size="285410" crc="46547b99" sha1="2273641a0e57d236a915308b8032f5dbcc6b979e" />
	</machine>
	<machine name="games1">
		<description>Games 1</description>
		<year>198?</year>
		<publisher>&lt;unknown&gt;</publisher>
		<rom name="games-1.ptp" size="61674" crc="d7b21144" sha1="abd0cf774929c07a47d41e00fe97b7c1a35fa9dd" />
	</machine>
	<machine name="games2">
		<description>Games 2</description>
		<year>198?</year>
		<publisher>&lt;unknown&gt;</publisher>
		<rom name="games-2.ptp" size="225604" crc="cf69551d" sha1="9b87a866f52d3c7d0bd90944d3fe5168a1e8bf7d" />
	</machine>
	<machine name="games3">
		<description>Games 3</description>
		<year>198?</year>
		<publisher>&lt;unknown&gt;</publisher>
		<rom name="games-3.ptp" size="106610" crc="4a6377c6" sha1="077ee7450fef3dd214a6c990abf7961d2bfc29f7" />
	</machine>
	<machine name="gameslib">
		<description>Games by Libor Lasota</description>
		<year>198?</year>
		<publisher>&lt;unknown&gt;</publisher>
		<rom name="games-libor-lasota.ptp" size="47528" crc="ed4e1e18" sha1="4aee6340ce4bd64fb24d64f2059396282f125161" />
	</machine>
	<machine name="gamesrm">
		<description>Games by RM-TEAM</description>
		<year>198?</year>
		<publisher>&lt;unknown&gt;</publisher>
		<rom name="games-rm-team.ptp" size="132875" crc="1cd8a842" sha1="4f5c2ea55cf05f10948895d45f4dea93cf3adb53" />
	</machine>
	<machine name="gamesvbg">
		<description>Games by VBG Software</description>
		<year>198?</year>
		<publisher>&lt;unknown&gt;</publisher>
		<rom name="games-vbg.ptp" size="305054" crc="924e02ed" sha1="15a205c90e5f85e1dc122ee720d0e817c3328a59" />
	</machine>
	<machine name="gr">
		<description>GR v1.00</description>
		<year>198?</year>
		<publisher>&lt;unknown&gt;</publisher>
		<rom name="gr.ptp" size="49688" crc="8c99cdad" sha1="1cca31f8ae1e82a9787593f37655e205fc076926" />
	</machine>
	<machine name="grdemo">
		<description>GRDEMO</description>
		<year>198?</year>
		<publisher>&lt;unknown&gt;</publisher>
		<rom name="zzz-unk-grdemo.ptp" size="29639" crc="f9e1e8ac" sha1="5dc2a7436073eb59ebe74a4c2c56ffdf2cb92cd5" />
	</machine>
	<machine name="gred">
		<description>GRED</description>
		<year>198?</year>
		<publisher>&lt;unknown&gt;</publisher>
		<rom name="gred.ptp" size="70229" crc="5214e0e2" sha1="2e670e1fd4a7bd454c6cb944215cfdd9cb094b1b" />
	</machine>
	<machine name="grep">
		<description>GREP</description>
		<year>198?</year>
		<publisher>&lt;unknown&gt;</publisher>
		<rom name="grep.ptp" size="11827" crc="5e3fbb8d" sha1="eec66b960a0db533c961f7b3da2b19fb323a9d70" />
	</machine>
	<machine name="hlipa">
		<description>Hlípa</description>
		<year>1989</year>
		<publisher>ZO Svazarmu</publisher>
		<rom name="hlipa (1989)(zo svazarmu).ptp" size="44336" crc="26f53a9f" sha1="90ee9074f98b4b110bf5ba34cfc3432a428bde35" />
	</machine>
	<machine name="horac">
		<description>Horác a pavouci</description>
		<year>1985</year>
		<publisher>ZO Svazarmu</publisher>
		<rom name="horac a pavouci (1985)(zo svazarmu).ptp" size="3292" crc="44d23af1" sha1="960961bbffa7d76c0f4e9a0f64c5373f7eabb978" />
	</machine>
	<machine name="hry1">
		<description>HRY1</description>
		<year>198?</year>
		<publisher>&lt;unknown&gt;</publisher>
		<rom name="hry1.ptp" size="75593" crc="0bdbe140" sha1="8b85b390dba78eaf77e45a94be077f97f49a187d" />
	</machine>
	<machine name="hry2">
		<description>HRY2</description>
		<year>198?</year>
		<publisher>&lt;unknown&gt;</publisher>
		<rom name="hry2.ptp" size="126640" crc="6b7ed131" sha1="efd9419cc015218f0d6287b828ea0da895a7c734" />
	</machine>
	<machine name="karel">
		<description>Karel</description>
		<year>1988</year>
		<publisher>&lt;unknown&gt;</publisher>
		<rom name="karela\karel.ptp" size="54244" crc="20e10dd8" sha1="ce8c6b7a790754edecb65bb9e6f15ee64d466502" />
		<rom name="karelb\karel2d3d.ptp" size="41161" crc="4e4a8c2d" sha1="da6a2eef20b4829af2ccf03dc95ae0c370402b17" />
		<rom name="karel (1988)(-).ptp" size="7027" crc="8cfb094b" sha1="6bb68b63b1baeb75400fd130a6f962ddafaea3ff" />
	</machine>
	<machine name="krivky">
		<description>Krivky</description>
		<year>198?</year>
		<publisher>&lt;unknown&gt;</publisher>
		<rom name="krivky.ptp" size="5060" crc="efe53b3e" sha1="5a93a192ec1ca9f427fe3f86ac37e9fc35c65e26" />
	</machine>
	<machine name="kstudio">
		<description>K-Studio v2.7</description>
		<year>1988</year>
		<publisher>S2 Software</publisher>
		<rom name="k-studio.ptp" size="19156" crc="a765d1c3" sha1="0aaa901ffeb3f2e7bb38f92e87bc3720d5b1938b" />
	</machine>
	<machine name="kurca">
		<description>KURCA</description>
		<year>198?</year>
		<publisher>&lt;unknown&gt;</publisher>
		<rom name="zzz-unk-kurca.ptp" size="18243" crc="dc8db4aa" sha1="0c74ac004911cd4024c08b0bc91a608ed1885455" />
	</machine>
	<machine name="kuriatko">
		<description>Kuriatko</description>
		<year>198?</year>
		<publisher>&lt;unknown&gt;</publisher>
		<rom name="kuriatko (19xx)(-).ptp" size="6379" crc="bb208585" sha1="3f0a958bc750d49b11b02cb2e5722109472bde5f" />
	</machine>
	<machine name="lemm256k">
		<description>Lemmings (256k)</description>
		<year>198?</year>
		<publisher>&lt;unknown&gt;</publisher>
		<rom name="game-lemmings-256k.ptp" size="115835" crc="14800807" sha1="b5d3cc843584cbcd062252aa86d33c04b2f1814c" />
	</machine>
	<machine name="lemmings">
		<description>Lemmings</description>
		<year>198?</year>
		<publisher>&lt;unknown&gt;</publisher>
		<rom name="game-lemmings.ptp" size="168252" crc="95cdfcd5" sha1="6f57ebffff27ffb9b44d29ab1484d3ead42e55ee" />
	</machine>
	<machine name="logo">
		<description>LOGO</description>
		<year>198?</year>
		<publisher>&lt;unknown&gt;</publisher>
		<rom name="logo.ptp" size="55161" crc="8df925bd" sha1="8814eba1ec83bd3e2d01bbf01fc18a500838460c" />
	</machine>
	<machine name="manicmin">
		<description>Manic Miner</description>
		<year>1987</year>
		<publisher>VBG Software</publisher>
		<rom name="manic miner (1987)(vbg software).ptp" size="27792" crc="f21937aa" sha1="cfbc4ea6f39d2f38da095c19dd8e784e8686861f" />
	</machine>
	<machine name="mestorob">
		<description>Město robotů</description>
		<year>1988</year>
		<publisher>&lt;unknown&gt;</publisher>
		<rom name="mesto robotu (1988)(-).ptp" size="28221" crc="07938025" sha1="8c4460275829e503cf330c1fc08d27bd41e878ee" />
	</machine>
	<machine name="mrs">
		<description>MRS</description>
		<year>198?</year>
		<publisher>&lt;unknown&gt;</publisher>
		<rom name="mrs.ptp" size="24413" crc="4b0e3d47" sha1="92fcd49440e808d915b23ec9234acecd3a6635ca" />
	</machine>
	<machine name="musica">
		<description>Musica</description>
		<year>198?</year>
		<publisher>&lt;unknown&gt;</publisher>
		<rom name="musica.ptp" size="68265" crc="9a3f0232" sha1="560b15b51edae1e5ad14525dfb36c01c7cda76ad" />
	</machine>
	<machine name="pampuch">
		<description>Pampuch &amp; Duch</description>
		<year>1986</year>
		<publisher>&lt;unknown&gt;</publisher>
		<rom name="pampuch &amp; duch (1986)(-).ptp" size="4691" crc="8552213a" sha1="a2845da6f8ca66ae78d7815c8e839dfcca79eb06" />
	</machine>
	<machine name="penetrat">
		<description>Penetrator</description>
		<year>1988</year>
		<publisher>VBG Software</publisher>
		<rom name="penetrator (1988)(vbg software).ptp" size="34125" crc="c46033fe" sha1="19739f1b1328be1a0886a03fa7619652989afb22" />
	</machine>
	<machine name="pexeso">
		<description>Pexeso</description>
		<year>1988</year>
		<publisher>Petisoft</publisher>
		<rom name="pexeso (1988)(petisoft).ptp" size="23006" crc="f994b980" sha1="cb2b6be14dd2a85447f41cdf838e0dd66c7e3f97" />
	</machine>
	<machine name="piskvork">
		<description>Piškvorky</description>
		<year>1987</year>
		<publisher>&lt;unknown&gt;</publisher>
		<rom name="piskvorky (1987)(-).ptp" size="10132" crc="9ea553c2" sha1="4660b90d8d0c06107795a4faf2db7e5be20e92e2" />
	</machine>
	<machine name="princjas">
		<description>Princ Jasoň</description>
		<year>1989</year>
		<publisher>Ceres Soft</publisher>
		<rom name="princ jason (1989)(ceres soft).ptp" size="37194" crc="f0e67ee4" sha1="3593fc5b95e16cd6c6ac95748f097bf5eb9da5e6" />
	</machine>
	<machine name="rozne">
		<description>Rozne</description>
		<year>198?</year>
		<publisher>&lt;unknown&gt;</publisher>
		<rom name="rozne.ptp" size="41117" crc="4538aacb" sha1="4e77dbda0ca3d3776901110620f0165c54a52323" />
	</machine>
	<machine name="rozne_1">
		<description>Rozne (Pascal)</description>
		<year>198?</year>
		<publisher>&lt;unknown&gt;</publisher>
		<rom name="rozne_1.ptp" size="2697" crc="632f29c6" sha1="e9648a1071a5477d6e350298d5a2b686c0c0b9a5" />
	</machine>
	<machine name="saboter">
		<description>Saboter</description>
		<year>1989</year>
		<publisher>VBG Software</publisher>
		<rom name="saboter (1989)(vbg software).ptp" size="30541" crc="0706a1ca" sha1="1d6485f12903f3cc0be07754b975eaca67895f28" />
	</machine>
	<machine name="skladate">
		<description>Skladatel</description>
		<year>198?</year>
		<publisher>&lt;unknown&gt;</publisher>
		<rom name="skladatel.ptp" size="5219" crc="11373c8d" sha1="a716f272a73a2c3299c1a8942f796692654849f7" />
	</machine>
	<machine name="tava">
		<description>Tava - HRA s Nahodou a Prirodou</description>
		<year>1985</year>
		<publisher>&lt;unknown&gt;</publisher>
		<rom name="tava - hra s nahodou a prirodou (1985)(-).ptp" size="6841" crc="3346f7a1" sha1="50a87c7e81c637161742929b42f225183e3215f6" />
	</machine>
	<machine name="texted">
		<description>Texted</description>
		<year>198?</year>
		<publisher>&lt;unknown&gt;</publisher>
		<rom name="texted.ptp" size="42851" crc="fe0e06ea" sha1="d12a19a6edae67c52ef6cf3884ff69c0eb4013b3" />
	</machine>
	<machine name="vegrap">
		<description>Vegrap</description>
		<year>198?</year>
		<publisher>&lt;unknown&gt;</publisher>
		<rom name="vegrap.ptp" size="46254" crc="64fa607c" sha1="046907a8111d7bfafba704970cf0e4a6974241e1" />
	</machine>
	<machine name="wurmi">
		<description>WURMI</description>
		<year>198?</year>
		<publisher>&lt;unknown&gt;</publisher>
		<rom name="zzz-unk-wurmi.ptp" size="2440" crc="8aa15e50" sha1="d69ccff727f54c79fdc689c7099de8e18dcfc1e1" />
	</machine>
	<machine name="zaby">
		<description>Zaby</description>
		<year>198?</year>
		<publisher>&lt;unknown&gt;</publisher>
		<rom name="zaby (198x)(-).ptp" size="2883" crc="f8ff3af1" sha1="89c0df30ce1c1e703396f76eb85cd77688054e2a" />
	</machine>
	<machine name="zed">
		<description>ZED</description>
		<year>198?</year>
		<publisher>&lt;unknown&gt;</publisher>
		<rom name="zed (198x)(-).ptp" size="1185" crc="99be7a35" sha1="bfbb57b61e5867082feb6d80c658a8bccabd0010" />
	</machine>
</datafile>