<?xml version="1.0" encoding="utf-8"?>
<!DOCTYPE datafile PUBLIC "-//Logiqx//DTD ROM Management Datafile//EN" "http://www.logiqx.com/Dats/datafile.dtd">
<datafile>
	<header>
		<name>polysix</name>
		<description>Korg Polysix tapes</description>
		<version>0.274</version>
		<author>Pleasuredome</author>
	</header>
	<machine name="presets">
		<description>Factory presets</description>
		<year>1981</year>
		<publisher>Korg</publisher>
		<rom name="Polysix factory sounds a 8bit 11kHz.wav" size="42706" crc="4ff23b82" sha1="d3b5b17f7aab0fe24ce05fcd4e85dfeb3fadca00" />
		<rom name="Polysix factory sounds b 8bit 11kHz.wav" size="42896" crc="d19be09b" sha1="587816939c558a91cb058a6e54ffb36c82a39f42" />
	</machine>
</datafile>