<?xml version="1.0" encoding="utf-8"?>
<!DOCTYPE datafile PUBLIC "-//Logiqx//DTD ROM Management Datafile//EN" "http://www.logiqx.com/Dats/datafile.dtd">
<datafile>
	<header>
		<name>princ</name>
		<description>Tomy Prin-C cartridges</description>
		<version>0.274</version>
		<author>Pleasuredome</author>
	</header>
	<machine name="bbmaru">
		<description>Bad Badtz-Maru</description>
		<year>1996</year>
		<publisher>Tomy</publisher>
		<rom name="01.bin" size="524288" crc="b91a4cb6" sha1="21fcfd16a821796fdf38fe0a23dca93b85fd3339" />
	</machine>
	<machine name="doraemon">
		<description>Doraemon</description>
		<year>1998</year>
		<publisher>Tomy</publisher>
		<rom name="u1.bin" size="524288" crc="7e8cdd27" sha1="4487aea62d6f7913a2df1677846420a6f5626326" />
	</machine>
	<machine name="hkitty">
		<description>Hello Kitty</description>
		<year>1997</year>
		<publisher>Tomy</publisher>
		<rom name="01.bin" size="524288" crc="4f39e051" sha1="4b21bb88797d4edabcdde7c66933f275e85f3dbc" />
	</machine>
	<machine name="hobik">
		<description>Hobby Club</description>
		<year>1997</year>
		<publisher>Tomy</publisher>
		<rom name="01.bin" size="524288" crc="ee9f4328" sha1="0a1bb00e261a1076f38cbb2a1337cc146990ed5b" />
	</machine>
	<machine name="kdn">
		<description>Kazoku de Nengajou</description>
		<year>1997</year>
		<publisher>Tomy</publisher>
		<rom name="01.bin" size="524288" crc="c6c8f28b" sha1="e182f066084f483f49452f9a8c3b5aa21e404274" />
	</machine>
	<machine name="kno">
		<description>Kodomo no Omocha</description>
		<year>1996</year>
		<publisher>Tomy</publisher>
		<rom name="01.bin" size="524288" crc="353d4690" sha1="03e7da042a403e7496ea22c11d9f404cf1b7545c" />
	</machine>
	<machine name="pochacco">
		<description>Pochacco - The Yorimichi Dog</description>
		<year>1996</year>
		<publisher>Tomy</publisher>
		<rom name="01.bin" size="524288" crc="8cac047a" sha1="bfd26093ff30781f915eca2d61c6025ce4bb7652" />
	</machine>
</datafile>