<?xml version="1.0" encoding="utf-8"?>
<!DOCTYPE datafile PUBLIC "-//Logiqx//DTD ROM Management Datafile//EN" "http://www.logiqx.com/Dats/datafile.dtd">
<datafile>
	<header>
		<name>pro128_flop</name>
		<description>Olivetti Prodest PC 128 floppy disks</description>
		<version>0.274</version>
		<author>Pleasuredome</author>
	</header>
	<machine name="microflp">
		<description>MicroFloppy Compilation</description>
		<year>1987</year>
		<publisher>Olivetti Prodest</publisher>
		<rom name="microfloppy compilation (infogrames) (emile n'guyen) (1987) (pc128).fd" size="327680" crc="4fea64b4" sha1="a028e5b2d0ec34454a12d5dbd29160f496d73d8f" />
	</machine>
	<machine name="sortelig">
		<description>Sortileges</description>
		<year>1987</year>
		<publisher>Olivetti Prodest</publisher>
		<rom name="sortileges (infogrames) (william hennebois, alain vialon, laurent droulez) (1986) (pc128).fd" size="327680" crc="37df7268" sha1="d0384751ae3514cb1ad2849e8943f4c4a2100d03" />
	</machine>
</datafile>