<?xml version="1.0" encoding="utf-8"?>
<!DOCTYPE datafile PUBLIC "-//Logiqx//DTD ROM Management Datafile//EN" "http://www.logiqx.com/Dats/datafile.dtd">
<datafile>
	<header>
		<name>psion_ssd</name>
		<description>Psion Solid State Disks</description>
		<version>0.274</version>
		<author>Pleasuredome</author>
	</header>
	<machine name="3achess">
		<description>3a Chess</description>
		<year>1995</year>
		<publisher>Purple Software</publisher>
		<rom name="Chess_3a.rom" size="131072" crc="d1c8f7e3" sha1="05a343e2726128088f74a219a95e6b736b72a09c" />
	</machine>
	<machine name="3fax">
		<description>3Fax Software</description>
		<year>1994</year>
		<publisher>Psion</publisher>
		<rom name="3Fax.rom" size="1048576" crc="51b3ba6e" sha1="0926e6963f81cf1dfec99c39728a251f234eb171" />
	</machine>
	<machine name="act">
		<description>ACT!</description>
		<year>1996</year>
		<publisher>Symantec</publisher>
		<rom name="ACT.rom" size="262144" crc="2d3ee05c" sha1="100b2df8d73e60f017f589015457b5acc3eb6f1a" />
	</machine>
	<machine name="autoroute">
		<description>AutoRoute Express</description>
		<year>1995</year>
		<publisher>Psion</publisher>
		<rom name="Autoroute_Express_V1.0.rom" size="1048576" crc="a365cbb6" sha1="29dd1e7787d1ae90cf89262b68647e8b7ac31c5d" />
	</machine>
	<machine name="berlitzint">
		<description>Berlitz Interpreter</description>
		<year>1992</year>
		<publisher>Psion</publisher>
		<rom name="Berlitz_Interpreter.rom" size="1048576" crc="d847fe72" sha1="9fd9aadcfdf040cf4f56387de6b3f1c200727b92" />
	</machine>
	<machine name="berlitzpbk">
		<description>Berlitz Phrase Book</description>
		<year>1994</year>
		<publisher>Psion</publisher>
		<rom name="Berlitz_Phrase_Book.rom" size="524288" crc="79382d37" sha1="c14a4630abd102de504f81157e283dc03e7f4ef3" />
	</machine>
	<machine name="chess">
		<description>Chess</description>
		<year>1992</year>
		<publisher>Psion</publisher>
		<rom name="Chess.rom" size="131072" crc="3cb59e6d" sha1="c6f8e420da3a5d709444235dca6ced60678a5e5e" />
	</machine>
	<machine name="datadeluxe">
		<description>DataDeLuxe</description>
		<year>1994</year>
		<publisher>Pocket &amp; Soul</publisher>
		<rom name="DataDeluxe.rom" size="131072" crc="a0a3077d" sha1="c1b86b67a497dedd4c2652c3cd1c8a79584ef704" />
	</machine>
	<machine name="enroute">
		<description>En Route: Belgium, Netherlands, Luxembourg</description>
		<year>1997</year>
		<publisher>Palmtop BV</publisher>
		<rom name="EnRoute.rom" size="1048576" crc="5af14e37" sha1="8ce7adfad71392a2d5854c5bb1e7724ac36ce1f6" />
	</machine>
	<machine name="eros4">
		<description>EROS Ver.4.0 (Licensed to The Yorkshire Post)</description>
		<year>1995</year>
		<publisher>Design Systems</publisher>
		<rom name="Eros_v4.0.bin" size="262144" crc="6d30b636" sha1="29519a375403a4a0ecb5c23f4aa8ea5402069ad3" />
	</machine>
	<machine name="fincalc">
		<description>Financial Calculator</description>
		<year>1993</year>
		<publisher>Psion</publisher>
		<rom name="Financial_Calculator.rom" size="131072" crc="36189a36" sha1="2f28f634f3e52ead7332c279e26b944a72b1b765" />
	</machine>
	<machine name="flochart">
		<description>FloChart</description>
		<year>1995</year>
		<publisher>Purple Software</publisher>
		<rom name="FloChart.rom" size="131072" crc="e3ec67e4" sha1="0dc652e9de2a0059742b6e7a4310a6de10a693b3" />
	</machine>
	<machine name="games1">
		<description>Games 1</description>
		<year>1993</year>
		<publisher>Psion</publisher>
		<rom name="Games_1.rom" size="262144" crc="f552bc07" sha1="9bddddb5f8d2bffde9f707d9e91130ccd3fd5471" />
	</machine>
	<machine name="games2">
		<description>Games 2</description>
		<year>1993</year>
		<publisher>Psion</publisher>
		<rom name="Games_2.rom" size="262144" crc="c57a07a5" sha1="88955bd972c6bc3536e64c889e9238ff5ad482c7" />
	</machine>
	<machine name="games3a">
		<description>Games 3a</description>
		<year>1995</year>
		<publisher>Psion</publisher>
		<rom name="Games_3a.rom" size="524288" crc="e55457fe" sha1="fbf2b49cab081e52743e0b75cc2e2be699283749" />
	</machine>
	<machine name="gamesd3a">
		<description>Games Deluxe 3a</description>
		<year>1995</year>
		<publisher>Psion</publisher>
		<rom name="Games_Deluxe_3a.rom" size="524288" crc="4b27847c" sha1="3aae9bdf13d0448164b881786415835bedb89390" />
	</machine>
	<machine name="mcmissile">
		<description>MC Missile</description>
		<year>1990</year>
		<publisher>&lt;homebrew&gt;</publisher>
		<rom name="MC_Missile.bin" size="131072" crc="2176dac1" sha1="ce831ba4a272b3b579e6aa0fdcff44452df0963d" />
	</machine>
	<machine name="messenger3a">
		<description>Messenger 3a</description>
		<year>1995</year>
		<publisher>Palmtop BV</publisher>
		<rom name="Palmtop_Messenger_3a.rom" size="131072" crc="5f55fdb7" sha1="16da9893de9ad26aca1884da6b31a66b474401f1" />
	</machine>
	<machine name="messenger3c">
		<description>Messenger 3c</description>
		<year>1997</year>
		<publisher>Palmtop BV</publisher>
		<rom name="Palmtop_Messenger_3c.rom" size="131072" crc="7eff1e8a" sha1="21afe3e53b701837d5147813fa5da0f6c58cfdb6" />
	</machine>
	<machine name="money">
		<description>Money</description>
		<year>1991</year>
		<publisher>Psion</publisher>
		<rom name="Money.rom" size="131072" crc="ebb4e1d4" sha1="5aa2028cf90fb8dfa309407465c6e214e40edc31" />
	</machine>
	<machine name="monopoly">
		<description>Monopoly</description>
		<year>1997</year>
		<publisher>Psion</publisher>
		<rom name="Monopoly.rom" size="262144" crc="b0a5a030" sha1="fe196bb255860c6dfbab6ed0c880d881b61eaef2" />
	</machine>
	<machine name="opl">
		<description>OPL Programming Language</description>
		<year>1992</year>
		<publisher>Acorn</publisher>
		<rom name="Acorn_OPL.rom" size="65536" crc="fd8f284f" sha1="4e3fb2f5d0f59d77f6f72ebbf4880155cb811ade" />
	</machine>
	<machine name="ovalwbrp">
		<description>OVAL Workabout Repro V0.24B</description>
		<year>1996</year>
		<publisher>Psion</publisher>
		<rom name="OVAL_Workabout_Repro.rom" size="2097152" crc="8235f563" sha1="5248c018754355a38867e446c5152898aca45455" />
	</machine>
	<machine name="paint">
		<description>Paint &amp; Compose</description>
		<year>1994</year>
		<publisher>Widget Software</publisher>
		<rom name="Paint_Compose.rom" size="131072" crc="772c4ebf" sha1="84587c43e70dd56c40ad9dc5c71a53d9cfcc7301" />
	</machine>
	<machine name="pccardrp">
		<description>PC Card Adaptor Repro V1.00F</description>
		<year>1996</year>
		<publisher>Psion</publisher>
		<rom name="PC_Card_Adapt_Repro-V1.00F.rom" size="131072" crc="98bea62b" sha1="bc51c25687acf5b0fd63213627fec271ac2735c7" />
	</machine>
	<machine name="persacct">
		<description>Personal Accounts &amp; Expenses</description>
		<year>1993</year>
		<publisher>Psion</publisher>
		<rom name="persaccta\Personal_Accounts_3a.rom" size="262144" crc="cf5400f3" sha1="ffed63f1e971d5c32cfd869c2ba55d4eaf1b7df1" />
		<rom name="Personal_Accounts.rom" size="131072" crc="11cb3bd8" sha1="10dccee9d7ee12aa7f9438bcb15dc4cb56b46062" />
	</machine>
	<machine name="pipemania">
		<description>PipeMania</description>
		<year>1993</year>
		<publisher>Psion</publisher>
		<rom name="PipeMania.rom" size="262144" crc="638b0af3" sha1="20c49b78b2e9d3da418b29fa2e8b2961f102ec0b" />
	</machine>
	<machine name="plotter">
		<description>Plotter</description>
		<year>1993</year>
		<publisher>Acorn</publisher>
		<rom name="Acorn_Plotter.rom" size="131072" crc="16467037" sha1="bac48caa15192f8e385fcc9b9904721cbbf745e0" />
	</machine>
	<machine name="psionman">
		<description>PsionMan v1.3</description>
		<year>1993</year>
		<publisher>&lt;freeware&gt;</publisher>
		<rom name="PsionMan-1.3.rom" size="131072" crc="152530d3" sha1="0cafad03d0480ca77f7be699259f9991d952754b" />
	</machine>
	<machine name="pyramid">
		<description>Pyramid 1.0a</description>
		<year>1993</year>
		<publisher>&lt;freeware&gt;</publisher>
		<rom name="Pyramid-1.0a.rom" size="131072" crc="70d86e7f" sha1="41a918760ffe6ee21304485bedceeaa996ce074b" />
	</machine>
	<machine name="schedule">
		<description>Schedule</description>
		<year>1992</year>
		<publisher>Acorn</publisher>
		<rom name="Acorn_Schedule.rom" size="524288" crc="7e5684b4" sha1="3fb4ff3764ac5e9104c3a20a8bdf45cf40ea09ea" />
	</machine>
	<machine name="scrabble">
		<description>Scrabble</description>
		<year>1996</year>
		<publisher>Psion</publisher>
		<rom name="Scrabble.rom" size="1048576" crc="6e32cc02" sha1="5441d873f8a5ae95bd9085711d88fa41641321b2" />
	</machine>
	<machine name="sidepdt">
		<description>SidePDT V1.01F</description>
		<year>1993</year>
		<publisher>Psion</publisher>
		<rom name="SidePDT-V1.01F.rom" size="131072" crc="ebeda0e5" sha1="2e5f5bc78807064f1dcc87d69981b177c95eee22" />
	</machine>
	<machine name="spell">
		<description>Spell</description>
		<year>1992</year>
		<publisher>Acorn</publisher>
		<rom name="Acorn_Spell.rom" size="524288" crc="2e55032a" sha1="560a425a19b3f3d12da9a0e2127f2c67aa829082" />
	</machine>
	<machine name="spellchk">
		<description>Spell Checker &amp; Thesaurus</description>
		<year>1992</year>
		<publisher>Psion</publisher>
		<rom name="Spell_Checker.rom" size="524288" crc="2e55032a" sha1="560a425a19b3f3d12da9a0e2127f2c67aa829082" />
	</machine>
	<machine name="ssheet3">
		<description>Spreadsheet (Series 3)</description>
		<year>1992</year>
		<publisher>Psion</publisher>
		<rom name="Spreadsheet_3.bin" size="131072" crc="23c22f01" sha1="c2edbbe958a3ed277335ae8f5c83df0afe023ad2" />
	</machine>
	<machine name="ssheet">
		<description>Spreadsheet</description>
		<year>1990</year>
		<publisher>Psion</publisher>
		<rom name="Spreadsheet-108.bin" size="131072" crc="d8a617b3" sha1="b438b5ffb57a720f174e89262bddb679252e706b" />
	</machine>
	<machine name="sysdisk220">
		<description>System Disk V2.20</description>
		<year>1989</year>
		<publisher>Psion</publisher>
		<rom name="sysdisk212\System_Disk-212.bin" size="131072" crc="2ee09e83" sha1="2ba5dcdb07986f53ac97ca2e397ded0fc839a70a" />
		<rom name="System_Disk-220.bin" size="131072" crc="8d7dab78" sha1="a4ae14bfb30525033e681558e0aa5e4c5b21c62e" />
	</machine>
	<machine name="sysdisk250">
		<description>System Disk (MC Word) V2.50</description>
		<year>1992</year>
		<publisher>Psion</publisher>
		<rom name="MCWord_System_Disk-250.bin" size="262144" crc="c7f8ad21" sha1="5bc99c5430ad631dd094a0f99c2963a8c32b0556" />
	</machine>
	<machine name="toolkit1">
		<description>ToolKit 1</description>
		<year>1995</year>
		<publisher>Purple Software</publisher>
		<rom name="Toolkit_1.rom" size="262144" crc="43691316" sha1="0a0349cf17fd6af43b36c92883be16ed34a06f9c" />
	</machine>
	<machine name="vt100bt">
		<description>VT100 Emulator V3.3BT</description>
		<year>1997</year>
		<publisher>Widget Software</publisher>
		<rom name="VT100_Emulator_V3.3BT.bin" size="131072" crc="02406742" sha1="3a7d7fc477365251ace2b887922afb8ff5933c96" />
	</machine>
	<machine name="wgames3a">
		<description>Widget Games 3a</description>
		<year>1995</year>
		<publisher>Widget Software</publisher>
		<rom name="Widget_Games_3a.bin" size="131072" crc="72ce5182" sha1="cf693592a53a7638aabe26a298ffca126012b882" />
	</machine>
	<machine name="wgames3">
		<description>Widget Games Pack 3</description>
		<year>1995</year>
		<publisher>Widget Software</publisher>
		<rom name="Widget_Games_3.bin" size="262144" crc="9d1573a9" sha1="b4ac10fc29054f5a0ad2c4bd4aecb3ac655399c8" />
	</machine>
	<machine name="wineguide">
		<description>Hugh Johnson's Wine Guide</description>
		<year>1994</year>
		<publisher>Psion</publisher>
		<rom name="Hugh_Johnsons_Wine_Guide.rom" size="524288" crc="a954dd77" sha1="95a13ad99a8afaf478870ee391905e7796e82537" />
	</machine>
</datafile>