<?xml version="1.0" encoding="utf-8"?>
<!DOCTYPE datafile PUBLIC "-//Logiqx//DTD ROM Management Datafile//EN" "http://www.logiqx.com/Dats/datafile.dtd">
<datafile>
	<header>
		<name>pv2000</name>
		<description>Casio PV-2000 cartridges</description>
		<version>0.274</version>
		<author>Pleasuredome</author>
	</header>
	<machine name="aerial">
		<description>Aerial</description>
		<year>2022</year>
		<publisher>Inufuto</publisher>
		<rom name="aerial.rom" size="16384" crc="177451bc" sha1="9ae121a36b5b55d484a9363e4cea3855269c7b48" />
	</machine>
	<machine name="antiair">
		<description>AntiAir</description>
		<year>2024</year>
		<publisher>Inufuto</publisher>
		<rom name="antiair.rom" size="8192" crc="bbd4a5e9" sha1="a4f9066486689f9209ff6af6e578fb2038e192ac" />
	</machine>
	<machine name="ascend">
		<description>Ascend</description>
		<year>2022</year>
		<publisher>Inufuto</publisher>
		<rom name="ascend.rom" size="16384" crc="0f4a902d" sha1="fe7f6f3609eebb5c0e711d239cadbf098bfd2f12" />
	</machine>
	<machine name="basic">
		<description>Real Number Basic</description>
		<year>198?</year>
		<publisher>Casio</publisher>
		<rom name="Rom1.bin" size="8192" crc="43ac2c5b" sha1="a56989d02db54974a64136a6abe0cd1861b38245" />
		<rom name="Rom2.bin" size="8192" crc="4725e98d" sha1="3e55de11c66ae91eb40c586c73c3035fd7bcffac" />
	</machine>
	<machine name="battlot">
		<description>Battlot</description>
		<year>2022</year>
		<publisher>Inufuto</publisher>
		<rom name="battlot.rom" size="16384" crc="16daeb78" sha1="1459ba79563a27bc7bad6bfb4e3efee8fa7ddc7b" />
	</machine>
	<machine name="bootskell">
		<description>Bootskell</description>
		<year>2022</year>
		<publisher>Inufuto</publisher>
		<rom name="bootskell.rom" size="16384" crc="3fc4072b" sha1="05ac4e01ff331653387b2705738109f6596f5b5c" />
	</machine>
	<machine name="cacorm">
		<description>Cacorm</description>
		<year>2022</year>
		<publisher>Inufuto</publisher>
		<rom name="cacorm.rom" size="16384" crc="14284d85" sha1="6300ae5185d84bd20f16b84ceb2b76667b958e84" />
	</machine>
	<machine name="cavit">
		<description>Cavit</description>
		<year>2022</year>
		<publisher>Inufuto</publisher>
		<rom name="cavit.rom" size="16384" crc="140b8c6f" sha1="4787eb896626b77bb7fc53f5cdd1826bc8485e52" />
	</machine>
	<machine name="cracky">
		<description>Cracky</description>
		<year>2023</year>
		<publisher>Inufuto</publisher>
		<rom name="cracky.rom" size="8192" crc="7d1b1d80" sha1="0ccbdfb6c3c8b185c2e564d479291fae73b9eb10" />
	</machine>
	<machine name="croschas">
		<description>Cross Chase</description>
		<year>2021</year>
		<publisher>Fabrizio Caruso</publisher>
		<rom name="cross chase (2021-05-13)(caruso, fabrizio).bin" size="16384" crc="6ed15819" sha1="e310dcb6b2e125a313faf88f562083319be8fba9" />
	</machine>
	<machine name="excitem2">
		<description>Excite Mahjong 2</description>
		<year>1983</year>
		<publisher>Casio</publisher>
		<rom name="Rom1.bin" size="8192" crc="2671b9d8" sha1="9a5972c35e144904f5267e8ef94798ee38ac6fef" />
		<rom name="Rom2.bin" size="8192" crc="bf6945fd" sha1="349a5a4153eda5239d6b9b7801ca6ed67f94db4c" />
	</machine>
	<machine name="exjockey">
		<description>Exciting Jockey</description>
		<year>1984</year>
		<publisher>Casio</publisher>
		<rom name="Exciting Jockey.bin" size="16384" crc="450174c3" sha1="97a5200f801ffd800b2328f0e1a224d5ed6904e0" />
	</machine>
	<machine name="frontlin">
		<description>Front Line</description>
		<year>1983</year>
		<publisher>Casio / Taito</publisher>
		<rom name="frntline.bin" size="8192" crc="86692c58" sha1="5891483952658589102f396b260fadf33ce9c32b" />
	</machine>
	<machine name="galaga">
		<description>Galaga</description>
		<year>1981</year>
		<publisher>Casio / Namco</publisher>
		<rom name="galaga.bin" size="8192" crc="e5befcf6" sha1="e3b4c7b1dc1a741eb098709ac41297a2c91ea444" />
	</machine>
	<machine name="guntus">
		<description>Guntus</description>
		<year>2022</year>
		<publisher>Inufuto</publisher>
		<rom name="guntus.rom" size="16384" crc="272d2d9a" sha1="c87d57027669b576f68a0880433445bf1f1b020e" />
	</machine>
	<machine name="hopman">
		<description>Hopman</description>
		<year>2023</year>
		<publisher>Inufuto</publisher>
		<rom name="hopman.rom" size="16384" crc="d2678628" sha1="6fa05cefd7321c657ff400e38063fe6ed68fdc5d" />
	</machine>
	<machine name="lift">
		<description>Lift</description>
		<year>2022</year>
		<publisher>Inufuto</publisher>
		<rom name="lift.rom" size="8192" crc="54d87a14" sha1="a5a3426fedbc5f50ee9715e0ee656696382c2074" />
	</machine>
	<machine name="mazy">
		<description>Mazy</description>
		<year>2022</year>
		<publisher>Inufuto</publisher>
		<rom name="mazy.rom" size="8192" crc="cbd58701" sha1="49eab18723a414c3c1deecc8be0c0d7fb6b7a49d" />
	</machine>
	<machine name="mrpackn">
		<description>Mr. Packn</description>
		<year>1982</year>
		<publisher>Casio / Namco</publisher>
		<rom name="mrpackn.bin" size="8192" crc="ee0d3948" sha1="fd311a46b87ddd6263c4f12e88178d9e2150ea5a" />
	</machine>
	<machine name="neuras">
		<description>Neuras</description>
		<year>2022</year>
		<publisher>Inufuto</publisher>
		<rom name="neuras.rom" size="16384" crc="1cfc0d7e" sha1="c5c7da4fc5aae931db58b8dcb1d5633afc5c6376" />
	</machine>
	<machine name="osotos">
		<description>Osotos</description>
		<year>2024</year>
		<publisher>Inufuto</publisher>
		<rom name="osotos.rom" size="16384" crc="141a0e75" sha1="6f97568205d282777bb063b43d422cd16f698b88" />
	</machine>
	<machine name="pachiufo">
		<description>Pachinko - UFO</description>
		<year>1983</year>
		<publisher>Casio</publisher>
		<rom name="pachiufo.bin" size="16384" crc="1261e766" sha1="0c7a3f865e72fc8b3f39f66c0b48bf60cd2de599" />
	</machine>
	<machine name="pooyan">
		<description>Pooyan</description>
		<year>1982</year>
		<publisher>Casio</publisher>
		<rom name="pooyan.bin" size="16384" crc="3c16027b" sha1="a0bdf3160b61342cdc1611d866aa8c4b39da4506" />
	</machine>
	<machine name="rakugaki">
		<description>Rakugaki Special</description>
		<year>1983</year>
		<publisher>Casio</publisher>
		<rom name="Rom1.bin" size="8192" crc="08704dda" sha1="038decee4f74f01e37882175cf0aa8f101f2ff7d" />
		<rom name="Rom2.bin" size="8192" crc="c1b3e57d" sha1="10df247dc6084ebd3c4e21a09ee5e7be0c5ff85e" />
	</machine>
	<machine name="rocnrope">
		<description>Roc'n Rope</description>
		<year>1983</year>
		<publisher>Casio / Konami</publisher>
		<rom name="rocnrope.bin" size="8192" crc="f8c9c2d9" sha1="2744e448f9537fbca1e65cbd3646678100777de3" />
	</machine>
	<machine name="ruptus">
		<description>Ruptus</description>
		<year>2022</year>
		<publisher>Inufuto</publisher>
		<rom name="ruptus.rom" size="16384" crc="dc257f5d" sha1="6838e01a53193a8727712fb64a999596b0988b78" />
	</machine>
	<machine name="scobra">
		<description>Super Cobra</description>
		<year>1981</year>
		<publisher>Casio</publisher>
		<rom name="suprcobr.bin" size="8192" crc="c382390f" sha1="fd8b85e5a58d0449908ae8f1bf7a32230a39d5eb" />
	</machine>
	<machine name="skicomm">
		<description>Ski Command</description>
		<year>198?</year>
		<publisher>Casio</publisher>
		<rom name="skicmmnd.bin" size="16384" crc="07bf1f44" sha1="5608311721d486b0cffccdfef40d51443a283490" />
	</machine>
	<machine name="yewdow">
		<description>Yewdow</description>
		<year>2023</year>
		<publisher>Inufuto</publisher>
		<rom name="yewdow.rom" size="16384" crc="25cbf349" sha1="539eff4d2a38c4f9579d0287cc47414445880e6a" />
	</machine>
</datafile>