<?xml version="1.0" encoding="utf-8"?>
<!DOCTYPE datafile PUBLIC "-//Logiqx//DTD ROM Management Datafile//EN" "http://www.logiqx.com/Dats/datafile.dtd">
<datafile>
	<header>
		<name>ql_cass</name>
		<description>Sinclair QL cassettes</description>
		<version>0.274</version>
		<author>Pleasuredome</author>
	</header>
	<machine name="abacus">
		<description>Abacus</description>
		<year>1984</year>
		<publisher>Psion</publisher>
		<rom name="abacus.mdv" size="174930" crc="332ec1d0" sha1="344245a775471a10aea485f1d083cc72d1ea1e45" />
	</machine>
	<machine name="archive">
		<description>Archive</description>
		<year>1984</year>
		<publisher>Psion</publisher>
		<rom name="archive.mdv" size="174930" crc="7bb41d9a" sha1="3d7dcd11b9c807b0db68a7ad35a76621d4771b14" />
	</machine>
	<machine name="easel">
		<description>Easel</description>
		<year>1984</year>
		<publisher>Psion</publisher>
		<rom name="easel.mdv" size="174930" crc="d0fb3a25" sha1="e0e34e1b7e2b98c224f9da7e79a6bf6ac106dcb3" />
	</machine>
	<machine name="josiah">
		<description>Josiah Oobadiah</description>
		<year>1989</year>
		<publisher>Mark Incley</publisher>
		<rom name="josiah.mdv" size="174930" crc="cee152c2" sha1="faf89d9627805cbb4f468a85acfbca7732849247" />
	</machine>
	<machine name="quill">
		<description>Quill</description>
		<year>1984</year>
		<publisher>Psion</publisher>
		<rom name="quill.mdv" size="174930" crc="8b9a7097" sha1="0b449544a5b2391f04dddd4f18338d36ac018943" />
	</machine>
</datafile>