<?xml version="1.0" encoding="utf-8"?>
<!DOCTYPE datafile PUBLIC "-//Logiqx//DTD ROM Management Datafile//EN" "http://www.logiqx.com/Dats/datafile.dtd">
<datafile>
	<header>
		<name>saitek_kso</name>
		<description>Saitek KSO ROM</description>
		<version>0.274</version>
		<author>Pleasuredome</author>
	</header>
	<machine name="kso">
		<description>Kasparov Selected Openings (set 1)</description>
		<year>1985</year>
		<publisher>SciSys</publisher>
		<rom name="ksoa\kso_v0.bin" size="8192" crc="afcddd0c" sha1="0aff44f04bebd8d232e6db05a5ab6cd3d4fe5221" />
		<rom name="y01d-kso" size="8192" crc="25fac442" sha1="b2886d497e09b3df3a6ece25ee0900c27d092c54" />
	</machine>
</datafile>